Cattle_ID,Milk_Yield_L
1,18.015679071457594
2,10.060923627647066
3,20.699336196368407
4,15.375700226604138
5,17.099052447931555
6,18.98790747417348
7,13.947125857934829
8,17.237700373569442
9,19.33990316083634
10,13.146889541993236
11,14.488747151761213
12,15.281748564843479
13,19.10506837536667
14,14.289813713663555
15,16.296952758835435
16,12.07067521301441
17,15.969767604700426
18,13.121417885904465
19,14.64881417175645
20,12.897488643598464
21,12.344137022558801
22,20.458686971966507
23,16.11535162312631
24,11.289332515178739
25,18.479992908807994
26,14.247470021736602
27,18.00998658131012
28,13.15614912942294
29,13.669630549416548
30,14.746019851029084
31,14.937526577213886
32,18.294212816221922
33,12.677684664823598
34,14.807395013076459
35,9.105410784954165
36,13.713624140172747
37,16.306094882586454
38,10.99655192031945
39,15.839895851831951
40,13.647176304047493
41,16.173301206160687
42,16.76911983394404
43,12.882137505877647
44,17.543137152585633
45,10.816377362324575
46,12.05326193734222
47,19.218753591428186
48,19.011691886864842
49,15.445487376015675
50,8.21131708165333
51,14.92977321212273
52,11.70496797565891
53,20.13009281207863
54,17.065016456889204
55,16.693097040442616
56,16.807787068384414
57,16.2677389983722
58,13.387231928831524
59,11.672624553906026
60,14.811381894631904
61,16.409942305852887
62,16.43358932551576
63,23.608562606472027
64,16.032441267279474
65,16.068686458893534
66,16.401726021437376
67,15.339071062666132
68,20.34731450778472
69,19.133910059187663
70,11.384297909426618
71,14.14554386482953
72,20.768676568664908
73,15.187446739299503
74,14.780855502387533
75,14.93961400197337
76,11.14420114394584
77,12.329208985835045
78,18.514954970282897
79,14.68891951337921
80,15.39366642836286
81,16.261877512999785
82,15.428214712221322
83,17.965315920153337
84,16.377968927485366
85,11.118777758464933
86,15.301780849024269
87,16.58813113852001
88,15.132880197164647
89,18.16268893658235
90,16.4591655144514
91,13.80630253130703
92,14.2325148006292
93,13.031611666851747
94,16.73414653191557
95,19.09122030792696
96,10.712838425344735
97,13.408853243719124
98,15.60123818975356
99,18.420224717632646
100,19.003535016779303
101,10.654126494354578
102,18.467129323837405
103,7.324204957334199
104,14.48609706987439
105,12.456832618495127
106,15.988516692053649
107,13.376509830082021
108,17.306613172004283
109,14.270003403228595
110,24.01363254222148
111,19.158237974623013
112,17.17636472084676
113,7.344516144903276
114,15.358321045413332
115,20.438459184238972
116,16.45462836316324
117,11.239955099087783
118,17.520512983558145
119,14.321014877556621
120,13.083580646201874
121,12.985866537033491
122,9.901365635926318
123,14.628836717459873
124,17.813707984706813
125,17.456760389768213
126,17.579914564588556
127,18.594927768225958
128,21.195801321505954
129,11.81728995771259
130,13.9198085769172
131,11.584025564205543
132,13.64679399805518
133,16.156901052080578
134,17.94625397213366
135,14.404811677677593
136,19.490575336852018
137,15.786360594307656
138,13.163235248772573
139,17.90452585427587
140,20.62970814313525
141,14.831349556531533
142,18.2490064522278
143,13.492570875335106
144,13.11861848344346
145,10.836403477567742
146,11.335341293293201
147,18.952959020417044
148,10.44355250581757
149,13.078720232269617
150,13.327135443167581
151,18.255510898177796
152,13.456800014169115
153,14.336385295882767
154,14.347764090347583
155,17.508125052895743
156,13.20550660185323
157,12.273885460298708
158,18.581623203652548
159,12.490464809506348
160,17.509322755347036
161,17.95750166287512
162,15.459104648021107
163,15.991092649483674
164,11.14545147312127
165,16.206943315315662
166,16.708881636036423
167,18.868881788429945
168,15.452241428088307
169,21.34520356676699
170,17.78710186499619
171,16.948910357036915
172,14.94835164016924
173,10.563236263159343
174,18.09719768234472
175,10.754604742757135
176,10.652486085133749
177,16.233933165276913
178,12.500698083922202
179,13.624896930528353
180,17.477794555180765
181,18.545592691553786
182,12.372691039845364
183,11.69766787001043
184,14.561482915262683
185,18.389544634702805
186,11.455025562185323
187,14.51578828763509
188,19.601619067546885
189,19.004706391909203
190,13.25056125755907
191,11.655666763636026
192,21.160154940047484
193,11.587424531724768
194,20.075545526329023
195,13.361378317872866
196,10.086287372030656
197,16.544402302220583
198,21.586565995897683
199,21.51241707081466
200,15.703579758501188
201,13.636127563877226
202,13.39335828357457
203,20.571135095427152
204,13.044529066141692
205,14.850922030256632
206,16.633531911126454
207,20.223842266105756
208,13.174178350422551
209,9.538425898008644
210,15.335406642466662
211,17.235381895367162
212,18.09446083812791
213,18.320373501578533
214,16.504785452368207
215,12.103281411812112
216,15.905108929802259
217,15.883912996354834
218,13.520017239851795
219,13.740251471982859
220,12.39138114940744
221,19.148156538587017
222,13.839367146549428
223,16.073825365740912
224,15.820649411958074
225,17.748176266279476
226,16.18414036413017
227,17.464703256538467
228,19.71563551968998
229,18.149323689962525
230,18.228719946514765
231,12.114244448963111
232,17.20397998561725
233,17.81246612868019
234,18.135631739787588
235,14.894866056013562
236,14.903803598549558
237,18.404553407611317
238,14.584290362500338
239,14.600135837942293
240,19.25900726706529
241,18.45337418625667
242,20.35412062100587
243,12.577348846721806
244,15.782944822209368
245,13.077057004335291
246,15.810014815516295
247,17.939510143494623
248,13.52808122189013
249,15.42097531570225
250,19.796029870475774
251,14.179425484387695
252,18.186631251267876
253,16.00010438520772
254,16.17381049322711
255,16.267170256395783
256,14.184364304702129
257,18.64558384494607
258,17.33342265929862
259,19.39417470694763
260,20.648019648780686
261,18.060403354972724
262,15.307250002388638
263,14.472429591382701
264,17.470251817469595
265,13.857296916812025
266,11.657694245966344
267,18.49420090156493
268,11.71499395026561
269,21.010195950808058
270,19.316308116803874
271,18.20336246039578
272,14.118589250277157
273,13.770972692541239
274,13.834651070453667
275,16.43740198667706
276,15.45508019673034
277,22.812607381315466
278,9.488675616563023
279,11.271737306200587
280,10.967469321196742
281,20.51836889990938
282,15.491264400709756
283,14.131689872861065
284,13.083226242146843
285,11.873663303128497
286,16.28025239888191
287,10.590278247394673
288,16.46018084626395
289,17.046894613026634
290,22.103246460237564
291,14.864582114523794
292,16.057920488470543
293,18.498811046963773
294,14.137864250540616
295,15.967963382691423
296,18.238568443942167
297,14.927118679090801
298,13.841543070425788
299,13.436298722271642
300,21.72433821277693
301,13.245297955869361
302,18.487636638718875
303,13.943086604673876
304,18.388602250030736
305,20.0577865122145
306,14.153685832081747
307,17.970276975170087
308,18.0128911624367
309,14.874478086528885
310,15.599562088035992
311,14.024907444617954
312,12.511708399828757
313,20.570353755038756
314,13.271233497009318
315,18.77153607760513
316,19.54649958354826
317,12.274899230113927
318,12.343247780201255
319,13.162499352049089
320,10.361225942900116
321,19.751195586691907
322,16.639502910302806
323,10.872512931071276
324,13.723482808643842
325,17.416425372402244
326,15.751404807590099
327,19.627031690928998
328,14.9819867587732
329,12.444716085031235
330,14.07878355111812
331,23.337835280759002
332,19.53645119379397
333,22.242389920586852
334,13.279951441596511
335,15.653179305574916
336,19.208414105173535
337,19.42063405866032
338,15.595727948417522
339,13.936369582433787
340,13.644045542191781
341,21.981073046375347
342,9.566309562214622
343,19.637416010127005
344,14.064038779963587
345,10.79430574624596
346,22.208457483490193
347,14.696581884028259
348,17.522830200032523
349,20.217478994458034
350,10.152489528560713
351,20.253496515742572
352,14.48148377726056
353,16.991781749967803
354,20.919585147330363
355,13.097250158501307
356,17.795068854069
357,13.762818198635104
358,17.749996741904088
359,12.768468379300328
360,12.306304439378591
361,16.117790754781712
362,16.072709018543414
363,18.56844737141251
364,14.141021967251607
365,11.981895907275568
366,16.37883339856214
367,15.938850054854795
368,14.692078935161202
369,16.436001566480904
370,17.582039002953167
371,20.663326829388303
372,13.824605126390342
373,11.40792527261931
374,15.221694993673246
375,15.088700275923932
376,16.609499368851825
377,14.809583646200876
378,17.69482689683859
379,21.17833627161733
380,17.613423449634872
381,12.589381309161206
382,18.399755284061825
383,18.384633469097906
384,13.405147779382574
385,15.852681555464363
386,16.462054349484745
387,17.455805970546717
388,18.07611314517783
389,14.676173185526462
390,19.748527986772483
391,13.203106112954366
392,12.635267232749607
393,15.689855409236216
394,8.781357602840274
395,18.104998195522306
396,11.404813010401854
397,16.208779156446145
398,17.17044413766433
399,12.854590517867475
400,13.385498119739685
401,15.643293731894012
402,14.80907494463346
403,15.9532766033029
404,17.04067207658096
405,14.465958503947709
406,16.681097833952453
407,17.83331028347502
408,18.4999793915732
409,20.122304563253312
410,14.37613740543516
411,14.5599446225622
412,13.860334593210457
413,18.182613269912824
414,8.746277955569589
415,14.521481875990474
416,17.281528681703314
417,12.635320437405484
418,15.764610570838764
419,16.910172563744574
420,18.677141391068265
421,13.940652409993373
422,13.797036168194207
423,17.56702203987956
424,15.007943607165025
425,11.359429014432418
426,13.49877338957509
427,19.717211608097962
428,12.576555578858551
429,18.14592125971788
430,17.039315220294277
431,14.076876012041158
432,18.217334913388317
433,7.779502383924643
434,16.86152011460359
435,15.08835224523165
436,16.692865591987967
437,13.503787025365085
438,11.732858583406312
439,17.062759598268393
440,14.299061378368403
441,11.201388365603691
442,18.584638663943235
443,18.011131566853738
444,15.607083039147485
445,18.05091738053941
446,15.95226752000414
447,20.979613815376602
448,9.61828367035777
449,13.288168444594161
450,12.388836998138494
451,16.435325496816862
452,22.514017470305657
453,11.309765917844278
454,14.664239657174116
455,12.237234366019235
456,19.732631669701597
457,17.520518619073123
458,16.33392105987192
459,17.103551695615568
460,9.391475697655654
461,15.059863796540258
462,13.408536252838232
463,13.795419699112042
464,17.720693205094506
465,14.490676434904664
466,11.789287397990858
467,13.02927495674409
468,14.138677284203185
469,22.54275555926562
470,14.114724424308253
471,15.618871604654455
472,13.272135183237538
473,17.183478149946406
474,14.676134926814466
475,18.516304557890393
476,18.52452664798563
477,15.249619157321868
478,13.668914975552765
479,13.841527118249651
480,11.28607793162075
481,13.967535895055422
482,17.79555183589507
483,14.912846639807228
484,11.897744802167756
485,15.527974184768054
486,14.569870923779778
487,15.442161910822557
488,19.7363993430806
489,16.82464467968737
490,12.25089005375524
491,18.142205364675846
492,10.90973226509349
493,16.33622400121947
494,10.141454589558409
495,14.614099823510013
496,18.271412852220053
497,11.470494228686201
498,12.047138153478729
499,17.277993906076695
500,21.773816441276836
501,17.695813325278678
502,13.942234745680947
503,12.17478426070784
504,9.320931076820388
505,17.67522847577747
506,15.913573583504908
507,13.936166644368994
508,12.888322879468635
509,15.12953365554873
510,14.172739821180043
511,20.42173993791322
512,15.981472102538083
513,10.199869927875891
514,16.047991517487
515,20.143392411676544
516,14.639560084069075
517,5.771165544596926
518,17.52989972958626
519,11.613038140722322
520,15.770425316475603
521,11.014182093512968
522,17.447995244807608
523,11.27161767669117
524,15.140105589222909
525,13.168338422825855
526,21.285036558360595
527,21.754525154630585
528,13.664285232594066
529,17.826885862305797
530,15.83481140250437
531,14.352000218309692
532,16.81175619609241
533,16.68576240650733
534,15.316676839983252
535,16.383165175124326
536,17.099481803045077
537,13.86412182859061
538,20.108177638492776
539,13.845336931710204
540,14.761480402850486
541,16.436071991889808
542,17.6273383593373
543,16.66746714076827
544,15.328064125928828
545,19.56153086697639
546,13.315290992083536
547,16.197695151168055
548,18.00113473105426
549,17.546835486419507
550,13.385127320323862
551,13.28232553592509
552,15.519476704188294
553,8.65706645090809
554,13.60961393900075
555,17.859317797936633
556,12.25392340968639
557,14.700907198832324
558,14.978512581161102
559,13.43014682872732
560,18.428814163830324
561,14.202016381976962
562,12.081158040083146
563,17.39834753281372
564,16.068110771609717
565,7.359134833620034
566,12.677736814843907
567,11.87748194411689
568,14.683395565121739
569,14.233940701257259
570,16.205046935706573
571,14.716812069437013
572,17.945316332745136
573,13.571090362867501
574,15.145447560951268
575,11.302405906926545
576,17.981113366001683
577,13.658647714678134
578,14.970243601361231
579,13.564817760166196
580,13.274321239762443
581,15.054259553932463
582,13.282899416589732
583,12.272771914896659
584,20.155191191656513
585,17.82690745253002
586,13.726198462081005
587,17.303384706257116
588,16.353359661804625
589,17.33516539774358
590,15.390458184563757
591,19.83801827216786
592,16.091746330376473
593,16.976603927448654
594,12.979180125987888
595,12.910610764021468
596,18.761135961883085
597,16.236582603463678
598,15.188198018571866
599,13.644952025917258
600,12.406898422844376
601,15.71990279437099
602,11.94169085840932
603,15.548271162440729
604,11.227618333689563
605,16.768639475474913
606,14.662227652715302
607,19.479403332268042
608,20.30033284043892
609,14.852728739972068
610,11.985993510823686
611,19.63285516301834
612,18.35847612296412
613,13.992562546025258
614,14.995159380859388
615,18.969157378843445
616,15.542606971317948
617,11.938174142754242
618,14.367263335386252
619,12.877887751565629
620,18.146530803737104
621,10.510073075741511
622,12.138842435639216
623,16.62543792038244
624,15.305966101059996
625,19.06654609521082
626,15.600412079085922
627,15.992106403964398
628,17.351571413159956
629,16.282721304088707
630,14.661143372145485
631,12.538973655090613
632,11.017354037356188
633,12.280801476495771
634,13.494281570893788
635,19.9599387308487
636,18.1998518295429
637,15.29540327241621
638,16.835166817678083
639,17.783979371957475
640,4.69707009250217
641,11.673355345524222
642,17.537769966198827
643,18.111538445106003
644,19.247664303638352
645,13.627502959005804
646,17.096790070725707
647,16.77141201104588
648,11.72238728539227
649,10.836632500912703
650,9.761758384893527
651,18.9881732663324
652,15.842386616196432
653,19.658538061992733
654,20.869932574524086
655,15.692097745612259
656,14.055377364956747
657,13.313432310859314
658,20.070290225227474
659,13.50919332757232
660,12.2201779485618
661,9.171954206315728
662,18.25500887186726
663,17.93926538998594
664,14.390547307714058
665,18.195053090932944
666,12.332494946913048
667,19.052243079493785
668,16.782618352029957
669,12.745080182283335
670,11.16758513939255
671,12.81097462601484
672,16.600187110224816
673,14.971513532775276
674,13.986543925285119
675,20.80207482253009
676,16.75210200294545
677,12.35773608913754
678,16.373562356892595
679,12.391603185702628
680,18.55519478254667
681,16.669663576981183
682,10.896397259087921
683,11.665982776355017
684,18.10915533849984
685,11.494020213926824
686,17.378621210245193
687,18.62142912767337
688,17.835610265570246
689,8.253501179385507
690,15.259076087025312
691,11.548953995198815
692,21.224553401130056
693,11.284209193103477
694,10.218127648166886
695,12.945220648585009
696,18.24769029208221
697,13.867095357784267
698,10.074409036940498
699,15.632706423343587
700,17.051602961271502
701,17.683631550811953
702,8.686627349448772
703,16.269837906173773
704,13.261522867759659
705,14.773155008208128
706,21.35642373775678
707,13.782621195483001
708,16.55363990863353
709,11.811994304646017
710,16.857265711692442
711,15.428883376551271
712,9.52084974457196
713,13.168766889304903
714,14.394903918578162
715,20.801202124817276
716,16.271163996896874
717,14.890294000777386
718,17.882241269395287
719,16.574625157337962
720,16.960959534376705
721,16.074094964791
722,13.741156817744608
723,20.262083296537522
724,11.534717278906077
725,12.817691359219578
726,10.914125191282945
727,15.287827686984107
728,16.384893533303487
729,12.655503063429826
730,15.194370411381389
731,20.203982397317723
732,9.083053734192715
733,19.076264167810326
734,20.066440154334295
735,15.038860877406584
736,15.085547817367637
737,19.644798849270824
738,14.86078479361292
739,17.095165660808444
740,15.630775688028924
741,20.0156619043047
742,16.887630946512303
743,14.098863983214336
744,15.1288127247449
745,15.79076368505912
746,15.662931156762289
747,13.545989587144751
748,17.555372203507986
749,18.18799100527908
750,7.75689996279721
751,10.138794953146656
752,15.545326764739226
753,13.871638292278243
754,17.22485221155732
755,20.450071607200357
756,19.75251378009766
757,17.254027613606617
758,14.732370462666886
759,18.432808564232182
760,14.163441171492911
761,19.097607245231053
762,19.632239309001168
763,16.35199143629719
764,11.296478482375965
765,13.572757877861582
766,13.703349395850251
767,9.105800177174512
768,11.687337366315361
769,16.772869676996468
770,16.889955972460818
771,13.049566240472013
772,16.182147773408246
773,14.207430742804542
774,17.895021102850134
775,15.668443933289716
776,12.805080635345234
777,11.216545136575398
778,8.760463001480685
779,14.40648435317173
780,6.9382216010173074
781,16.43567902925227
782,13.179203739361743
783,15.50347642600161
784,14.360872807741188
785,10.200363593431884
786,22.556854706574125
787,15.960397505683595
788,14.115386473523143
789,14.143058546998638
790,17.515859301089506
791,12.131413239360075
792,15.89171059882369
793,8.166504331931243
794,16.065853258037006
795,16.48023714086664
796,17.775736597550626
797,8.87467767418234
798,17.482252694659657
799,15.05711560943989
800,18.178657922770427
801,13.36102632542337
802,17.16483011069749
803,19.7496688050047
804,16.394153676280336
805,12.55612630238845
806,16.989011137551383
807,16.1746763636539
808,13.432945031774569
809,12.055133017912386
810,14.044680568560764
811,18.025465816079965
812,16.70852555297023
813,13.192361973032764
814,7.389940909300007
815,15.801232036902535
816,17.70404572527129
817,16.816270571748696
818,16.27575553141127
819,20.060057001671197
820,20.03099910783542
821,6.839023331055239
822,11.683277419396367
823,14.174238465501587
824,17.343498670488174
825,16.554836428133637
826,13.829247807208029
827,15.98449609960315
828,16.677663989017276
829,14.323222619076159
830,16.27426631810144
831,11.99177175725857
832,14.372296385373687
833,13.433299033798047
834,18.73592670383299
835,13.360740736632891
836,14.696638170577666
837,15.329675283955291
838,14.448569828578588
839,14.360242128283568
840,19.69844380955088
841,13.03089071600397
842,9.851690906753127
843,15.597546421811979
844,15.436685721394802
845,19.64034704357684
846,15.90064403529447
847,10.648504585458841
848,17.54454925922753
849,13.966743637821082
850,14.197880053544184
851,11.631145680644025
852,16.978395569382567
853,15.563980446903157
854,12.828442132468952
855,6.967277396942187
856,17.628542451123828
857,23.115464609148955
858,15.42356514137274
859,12.898202150818785
860,12.107838668080166
861,22.595924910617704
862,18.93595859979516
863,18.58444463709606
864,12.88462580418058
865,16.31691225898539
866,12.33791939221435
867,15.545624215455268
868,19.564118173133025
869,11.160410169132717
870,10.915821781041195
871,10.841065808678003
872,17.43343267772588
873,18.96672490180919
874,15.449309752683337
875,18.393188097956802
876,21.807954226964448
877,15.642908596946384
878,20.42187294835642
879,16.651226020257475
880,19.48353067676514
881,19.171736639975606
882,12.0085978670304
883,15.105990730928816
884,16.552567148337147
885,16.828138497353688
886,17.05647486121184
887,10.64531872227972
888,12.479053734953673
889,14.831384707621204
890,16.11101993528791
891,18.10389968908406
892,15.549834594753037
893,12.52177531025788
894,12.723606692842132
895,10.818328939609874
896,16.3064614556516
897,10.53628458674325
898,15.21009453340433
899,15.930224997512575
900,21.590700686855165
901,9.713470060332675
902,9.92455804908749
903,16.99100624219099
904,13.658419784396749
905,14.789922184316888
906,11.19662050249304
907,14.318420636240939
908,17.072118374222924
909,16.2992395541157
910,9.853941402384644
911,17.225894547028446
912,18.505314755274455
913,11.916501374892656
914,21.076722222459473
915,18.213884207052516
916,15.157672340030706
917,16.172764715486014
918,14.230137272435137
919,13.600329543860894
920,12.397884118980558
921,15.686853882023957
922,15.377067512699428
923,18.225874819072207
924,17.742736805916316
925,13.704840034609848
926,15.410474595812548
927,15.792587494919957
928,16.12911820219948
929,14.86129541442631
930,17.14876465090874
931,18.356080578257306
932,16.900463331858
933,15.891459222507667
934,16.460111453945093
935,12.74483202463171
936,15.958600704522713
937,15.530458054415272
938,13.233732946430829
939,15.42146778161726
940,15.303847685385964
941,17.27923079989654
942,22.166645538845195
943,13.41745184816442
944,16.235064984393762
945,20.094109743603482
946,13.729449213340208
947,16.129488031557287
948,14.855605100607823
949,18.488831706882205
950,21.510974647732503
951,9.625866724639616
952,15.341135208910831
953,18.1788941733485
954,21.93922426285728
955,9.997901656509448
956,13.46464407993232
957,14.826659875863793
958,15.060886169065695
959,14.263627250101617
960,17.141790593763986
961,15.707907545901211
962,14.76471377730578
963,13.508312998748663
964,16.700160874249843
965,17.000735438864304
966,17.63948018630133
967,13.087151634588572
968,15.895677895080585
969,10.68735660380987
970,14.613285100823177
971,16.02218836974679
972,9.411460771093562
973,12.414630724326354
974,12.226594482764007
975,13.90646470636397
976,11.707922479245326
977,16.189942595225315
978,18.342890859219136
979,18.277967330068876
980,17.77633467406575
981,15.66764453731319
982,17.137237390198408
983,13.420850828257928
984,14.182610447609587
985,20.577356662777863
986,21.9169363174961
987,12.522268658725416
988,13.992726467474606
989,14.55257829372199
990,15.408119004391981
991,13.961422126691849
992,9.279705206096313
993,17.943345837408135
994,13.660110104342978
995,17.80468741133057
996,17.508982455466462
997,15.333208088257459
998,18.871741108847385
999,11.198670997693174
1000,13.956117135514434
1001,14.465835396347615
1002,15.657666365907659
1003,13.734664893828214
1004,10.81807215259121
1005,17.678256205810275
1006,10.022878222461948
1007,13.648649739083453
1008,16.413680597502033
1009,16.865839169166122
1010,14.436508540272898
1011,17.19944914894865
1012,7.461935100816587
1013,15.354578872299493
1014,14.721175009120326
1015,18.723086094932334
1016,15.049003108740926
1017,16.61587191467802
1018,18.607404880767394
1019,9.912303239055792
1020,14.795532381378
1021,19.41584605479158
1022,17.10185983765655
1023,14.960127492482474
1024,18.254779835283077
1025,15.754372661924291
1026,14.540153029350842
1027,13.40442047260222
1028,17.589074913410613
1029,16.74064959674104
1030,16.83371820919341
1031,15.69795511477972
1032,15.44304664944687
1033,17.807686443046958
1034,14.393540955313679
1035,16.940855259582136
1036,15.938344365408202
1037,16.588510856752833
1038,18.979707626232734
1039,17.049566919042423
1040,15.1344296285873
1041,12.591366031278653
1042,14.30779795245188
1043,21.958938589930078
1044,11.28350733719929
1045,19.147740243004947
1046,15.25237972662419
1047,13.122483550950436
1048,11.799528920456016
1049,12.672804681176387
1050,16.315519738142825
1051,13.514895628786997
1052,20.373846558530875
1053,18.699009784362502
1054,14.348332701373707
1055,16.004780357708334
1056,16.800238162281534
1057,12.992485081903297
1058,16.073420578375675
1059,19.337308304482182
1060,18.038665510292233
1061,20.604763433156293
1062,13.503584466600493
1063,16.38623607664809
1064,19.198326355298317
1065,17.225591643806275
1066,17.045401441777294
1067,11.48846444761914
1068,16.32083754706382
1069,17.892642087651126
1070,13.45791623295726
1071,14.746605491587399
1072,13.86311149408306
1073,12.933482815765755
1074,17.20931704979138
1075,12.970630519880894
1076,16.179183771694657
1077,18.51436416628761
1078,17.981711922199924
1079,16.38334987909501
1080,19.386896919122755
1081,10.2799279289782
1082,14.737748175902048
1083,15.903263362864214
1084,16.55992896710853
1085,16.504681017291745
1086,10.190976281715049
1087,14.764683330752598
1088,15.264296060839598
1089,9.378286890542125
1090,14.143179893516965
1091,18.119390620136098
1092,15.651565944060915
1093,22.41565913577711
1094,14.0502050062403
1095,11.20408835305663
1096,13.610169952785606
1097,14.367452920831878
1098,11.085959410106451
1099,16.03552841184716
1100,10.902497164276461
1101,16.023066375761765
1102,19.169755636669514
1103,9.331696173820117
1104,15.517129703015403
1105,17.04760218999057
1106,17.503380708384793
1107,16.67395524460848
1108,17.458105791514033
1109,13.476210437440635
1110,11.478449850540517
1111,8.328128939634892
1112,24.659287901157406
1113,12.67083234075496
1114,13.668537119863068
1115,11.105708353580619
1116,18.109365603041027
1117,23.044223435836145
1118,9.71613363837827
1119,16.73814201066135
1120,12.94443344379553
1121,16.75240307939142
1122,18.564636220738514
1123,17.062422663933773
1124,16.83951834190273
1125,12.791120088705512
1126,11.088938488154604
1127,17.606034508418897
1128,16.842603702284677
1129,18.599464486507102
1130,12.501808759088005
1131,12.39903026400782
1132,9.443754532676614
1133,11.189426188841878
1134,15.602627904452365
1135,15.951056640389492
1136,13.54781551467835
1137,17.02345439649183
1138,14.940003289454602
1139,8.266034137874406
1140,21.205309102046463
1141,10.45470159081262
1142,17.948787147531114
1143,14.484607831364933
1144,13.567121563467744
1145,15.360626284114531
1146,16.727825602809837
1147,13.834664751196835
1148,16.140646622301798
1149,12.19608789371729
1150,13.662031440734912
1151,8.109067006665544
1152,16.10919844367758
1153,20.655070308148712
1154,10.85188307325134
1155,13.677833001677639
1156,14.149305458480919
1157,15.368639831736404
1158,17.78800453756945
1159,15.885858366973439
1160,12.344823802834735
1161,16.577389547290544
1162,12.62364487664549
1163,16.60581165777454
1164,17.580066346303262
1165,14.354239644773944
1166,13.275443151081014
1167,18.346012071929938
1168,15.494166940866922
1169,17.953752828654636
1170,17.521511889729688
1171,16.181672869831004
1172,18.13656830144068
1173,15.820290090335778
1174,23.142918221256824
1175,16.318792270576385
1176,16.642301660616887
1177,18.91175611260561
1178,17.80980205216012
1179,17.038419791450423
1180,15.850321005852512
1181,14.243445218728855
1182,19.433203716429738
1183,13.39098657543871
1184,16.52872715352893
1185,20.09656536793436
1186,14.508956870548182
1187,15.851680706616655
1188,14.441060597872209
1189,17.438326916378937
1190,21.939596676832082
1191,17.07194283514683
1192,17.324755345985263
1193,14.621378553786952
1194,14.688219415012652
1195,14.01179191134267
1196,16.639315729943696
1197,15.682904014704416
1198,12.397430848571531
1199,17.177303830594713
1200,14.6693409991442
1201,13.89395645011383
1202,14.797041780264786
1203,23.842722883845294
1204,13.470431551053583
1205,15.96611552328419
1206,17.467932962793668
1207,15.122964740031184
1208,16.80241334190552
1209,13.111012620411602
1210,10.816995278320253
1211,10.647403596729681
1212,16.66758154090236
1213,15.53621103114197
1214,16.468034523874202
1215,11.95352573112735
1216,10.650771836401443
1217,11.632558752443828
1218,12.584626654892455
1219,16.943235923350557
1220,11.435922842805219
1221,18.035177624379752
1222,22.098793364008053
1223,16.18449285494091
1224,14.543170867481752
1225,13.446084213795865
1226,11.508899363959756
1227,13.809254167873377
1228,10.65253741559898
1229,12.537516358067109
1230,14.126661635913617
1231,15.761289196156618
1232,12.688364935232919
1233,15.449882317230161
1234,15.14398154596083
1235,11.096557119270273
1236,20.956430389198236
1237,18.92585229005469
1238,20.107475248679805
1239,10.320480431194515
1240,17.409719386323154
1241,14.598592771510349
1242,15.804003829549803
1243,9.293530925430318
1244,18.610083211343436
1245,18.63585404467949
1246,14.668905591612168
1247,8.870524294600184
1248,13.389039249708922
1249,10.26511019445695
1250,14.21458986118236
1251,15.319389946715173
1252,20.61330914601905
1253,16.283300310314576
1254,17.286244318028693
1255,12.502032735940448
1256,21.361085109104884
1257,14.265784324521332
1258,16.665550932676048
1259,17.11486593205893
1260,10.3879989176065
1261,16.143500235592857
1262,11.494228562066871
1263,11.733151664050466
1264,13.360992524928026
1265,16.45222991142172
1266,12.296771364726208
1267,13.820493573297346
1268,17.486634081806535
1269,20.048097283999372
1270,18.519534208229377
1271,17.925962757403926
1272,14.312673817516538
1273,12.429334035340045
1274,15.617050124301342
1275,15.584413866882302
1276,15.330411697626165
1277,16.463392429294885
1278,12.173189260263218
1279,16.814460683331482
1280,10.891419779848277
1281,13.867717064232636
1282,20.67654914712091
1283,15.209968588476201
1284,17.16176670024001
1285,15.212862234494438
1286,12.38765588315238
1287,15.66075479971133
1288,22.149473737718715
1289,13.08839297332009
1290,14.109876544442663
1291,19.357742317075648
1292,16.195413580631577
1293,12.956839541462681
1294,19.812362267026046
1295,16.808158322122342
1296,16.524561747665782
1297,19.521286670204724
1298,16.104274713680667
1299,20.876582734844447
1300,22.33549781994639
1301,16.614746899540016
1302,12.384771814182438
1303,9.481504834367422
1304,15.732659217379352
1305,17.67389764816583
1306,13.398016382224904
1307,12.855703989590953
1308,11.471667382504263
1309,16.31910045770612
1310,16.49926131347704
1311,13.104022033605926
1312,14.297788287536187
1313,15.02326255998459
1314,13.877324426359339
1315,22.06337414630794
1316,18.897285437927973
1317,12.809892188358216
1318,13.097724686132999
1319,16.03629495626263
1320,13.175434461450624
1321,12.041779720100482
1322,15.028212742540427
1323,19.31199069458251
1324,15.148299691026494
1325,11.907385558554704
1326,15.575625937717687
1327,15.34220687835913
1328,20.893547139621425
1329,19.86524186093667
1330,12.562068730655872
1331,13.203417220879839
1332,16.549795367607132
1333,16.32807306567265
1334,13.014121859628853
1335,11.00599998708984
1336,18.416554413840952
1337,20.793040442176927
1338,11.465058953009626
1339,16.14846361465167
1340,15.791907664920416
1341,17.80356168374721
1342,14.98090618319858
1343,20.375510542966083
1344,12.97556544477007
1345,10.480526527043207
1346,19.667906264416615
1347,17.672859658721116
1348,15.839533800196136
1349,16.459257705288834
1350,16.24688167947262
1351,15.205798561078614
1352,11.472387339883962
1353,12.260185597094672
1354,16.107720298763653
1355,15.553317755581052
1356,14.331944156478023
1357,12.869890207239523
1358,16.466987554341948
1359,19.62922811270672
1360,10.537394314598973
1361,16.710469251751196
1362,14.915865965901292
1363,13.218504245579417
1364,18.305763614878803
1365,18.355213782613127
1366,18.869388471203887
1367,22.360313633676576
1368,17.903209200273
1369,11.215284183446592
1370,15.443789063009213
1371,20.37112555907037
1372,18.504261712383826
1373,14.024615804869638
1374,16.099562968940507
1375,9.0922419675741
1376,16.24421707455474
1377,17.007854253781023
1378,15.750188397842297
1379,13.215824290807745
1380,12.956755703736599
1381,17.676563903060288
1382,20.401278934795513
1383,12.257101204245595
1384,12.650840502886625
1385,19.17389610682077
1386,9.550238471793158
1387,15.254264148626161
1388,15.066053414229023
1389,9.623563385734744
1390,11.654980677231052
1391,13.43064707489086
1392,18.851170198943827
1393,14.064669937879007
1394,20.2966958540079
1395,19.202870737835553
1396,18.90368887371648
1397,16.87461953960765
1398,16.933654629409066
1399,13.97439644399308
1400,9.28163166902543
1401,15.963074419914866
1402,16.29775965113138
1403,19.853003410162707
1404,16.831651623198596
1405,16.305345112107858
1406,19.81297313558949
1407,14.796475248652637
1408,14.767776831918317
1409,18.875071448683947
1410,10.326184062570448
1411,13.129575842447396
1412,14.217352379822463
1413,16.28148324076455
1414,17.51981942517944
1415,17.99829503156389
1416,15.070696397342978
1417,13.487263974506902
1418,13.158788382858802
1419,20.220289707534008
1420,12.417030023795093
1421,18.69727884333707
1422,16.824599608976527
1423,14.13798734665057
1424,21.763414226250912
1425,19.994962321464957
1426,16.11883421775673
1427,12.6051155916902
1428,20.288183840700455
1429,17.014735893012695
1430,15.09110822616335
1431,9.710005719358728
1432,11.074623755932024
1433,10.579334224329465
1434,18.552560345198813
1435,13.276562478606198
1436,10.594195697186201
1437,15.902116963301058
1438,13.930459271919682
1439,14.977888329249428
1440,13.231314446103843
1441,19.584424744326938
1442,13.151612830539946
1443,14.220330382464
1444,13.42271951549542
1445,20.769549621386407
1446,15.602138127308166
1447,13.549557675590851
1448,8.374348989248858
1449,16.22050333038364
1450,11.28722790337537
1451,13.153849333179904
1452,12.53425673438408
1453,18.329385102264798
1454,13.21597506700312
1455,19.193470596819488
1456,15.397660274006755
1457,16.99039910389501
1458,17.014250379680675
1459,14.560503932992797
1460,14.50921548666713
1461,11.023308489756136
1462,12.932004017385925
1463,12.558443746442409
1464,15.719487406514856
1465,12.212073505362072
1466,14.126504682248102
1467,15.029336940998556
1468,18.495885260900664
1469,16.607280930401757
1470,18.624917120906407
1471,15.018009395189386
1472,12.788280473659356
1473,9.263461918302838
1474,20.101708507622032
1475,11.321332354096178
1476,10.247039654176495
1477,16.46548671043014
1478,16.58751425092754
1479,19.923350881006996
1480,12.72081719473072
1481,12.870960858803212
1482,11.416772561599576
1483,17.763491961079335
1484,14.448852188081371
1485,19.831026849774204
1486,9.435246688302009
1487,13.15039854736588
1488,15.107339790898573
1489,18.324406174268972
1490,19.359492390433026
1491,11.661028339130162
1492,12.07081621499079
1493,18.70232274220101
1494,17.647191440595538
1495,14.996726770494167
1496,18.3514007712379
1497,16.24506050923003
1498,10.758889070526758
1499,16.07811218113525
1500,17.099298804695113
1501,18.95640647944839
1502,15.397903557037312
1503,11.431241119787103
1504,17.320055427109423
1505,21.119530276099614
1506,16.502520633215234
1507,16.392437891448026
1508,6.982154273188648
1509,12.576351899255702
1510,11.334885394360835
1511,13.124946679596484
1512,11.956084299286097
1513,11.203664927081986
1514,20.237159246807934
1515,12.95714687734383
1516,11.737299222040026
1517,16.468209946263425
1518,18.86007773501814
1519,17.79983255039089
1520,17.14266265219237
1521,15.371602865205581
1522,19.164047648948394
1523,10.788066886877115
1524,10.012732308151495
1525,15.966577699059304
1526,14.77739926572942
1527,14.338654348101395
1528,15.749163822384329
1529,14.365947267320756
1530,14.808578659557169
1531,18.9798785563992
1532,11.54545055162686
1533,15.807718501311331
1534,10.35471141424352
1535,13.987944007700271
1536,15.575459777526218
1537,14.527444365960678
1538,16.036584775554783
1539,5.50852039265636
1540,20.437021175324418
1541,12.844932368578737
1542,14.82025730373067
1543,16.552710328168615
1544,14.211800381591308
1545,15.834875112285903
1546,15.689691300350601
1547,17.468178068207575
1548,15.809573385319265
1549,14.864325603255068
1550,19.967115859843968
1551,17.14180759281545
1552,17.662939138117743
1553,18.020103810490472
1554,17.0159560626589
1555,12.669034141901225
1556,16.542719816497616
1557,18.09731267392683
1558,12.752039741662841
1559,16.895194737158437
1560,15.585090619921692
1561,14.600658856463815
1562,16.49851512561276
1563,15.716842267992451
1564,17.26075279198148
1565,14.375074512652441
1566,14.40001761328335
1567,18.382879262892942
1568,11.613220053845595
1569,19.855931984231784
1570,19.006342872094315
1571,15.416879758892959
1572,18.361751973245585
1573,16.880240163027995
1574,14.86770123835369
1575,15.320274403407678
1576,11.304577034535573
1577,17.84081300893554
1578,17.494353151352176
1579,14.705190615358866
1580,13.203297725657123
1581,15.276143162264658
1582,14.378545994906307
1583,15.113834828980732
1584,11.52764007097485
1585,11.110473194923767
1586,20.96970884440853
1587,17.67124762533715
1588,13.50747621740108
1589,18.265155931223305
1590,16.855333650112417
1591,11.720703752371708
1592,13.829675586934869
1593,19.765711692467733
1594,13.22149224030867
1595,11.296221028442076
1596,14.314655408014536
1597,15.714387949860516
1598,15.507592944477341
1599,10.88566428548349
1600,19.549554865149524
1601,15.719512838397328
1602,20.19368794450802
1603,13.476868444035265
1604,17.04534038101224
1605,11.793123798568455
1606,13.770981809276321
1607,20.581007110804087
1608,13.750210254872377
1609,12.032433897899388
1610,13.886126222415488
1611,18.260427006817707
1612,17.865304710164402
1613,13.279533250752808
1614,13.469431562827547
1615,17.837901522440916
1616,17.92161287832768
1617,8.120147512502646
1618,14.432831795437007
1619,17.773408171757968
1620,13.63703058090713
1621,14.037450609549603
1622,18.00396533460332
1623,17.939031054208627
1624,20.508141641445825
1625,14.649613818264822
1626,20.427437321334956
1627,22.487925009606524
1628,12.77101208684547
1629,19.737716232478
1630,20.77151820061318
1631,16.835381212139424
1632,18.427990423465868
1633,14.389455390400691
1634,20.27567691673461
1635,18.584960566251954
1636,13.05063053598438
1637,16.401268786915807
1638,15.332700328450947
1639,18.861939358828643
1640,16.21545138789974
1641,15.103105536043197
1642,22.58613329621022
1643,20.881242617471283
1644,10.55886950972822
1645,12.697688682832062
1646,17.228213071824783
1647,13.766449046949404
1648,14.552482112884974
1649,14.115249490577783
1650,15.025917719409891
1651,12.214478370548388
1652,20.774000935351733
1653,12.200636034305194
1654,11.462986188076808
1655,17.140994419254646
1656,13.935051356454697
1657,21.29862908973293
1658,18.31446584255818
1659,12.22338436553654
1660,18.379036380652728
1661,16.838794628856135
1662,13.565175998505378
1663,11.555468126096656
1664,6.401052588770376
1665,11.277376107979642
1666,16.658943803568803
1667,12.697555185389197
1668,21.527742182862497
1669,15.838547018576072
1670,10.73416604463511
1671,15.954414906354561
1672,17.809617172805424
1673,15.93236982735988
1674,16.973870191262392
1675,13.372706585621337
1676,17.50745362217556
1677,16.292444573065925
1678,14.08693065348146
1679,9.19613929263749
1680,11.766955302930137
1681,12.88375265928789
1682,16.311214874868963
1683,13.823775775778005
1684,13.879747848630629
1685,19.009317133988244
1686,14.311102866307007
1687,14.038092834755226
1688,11.212247910434112
1689,15.206409417374143
1690,14.27517264564485
1691,17.39844827483005
1692,16.363269223464616
1693,11.933819463347698
1694,17.008929440292807
1695,15.361885631633992
1696,11.514540428066418
1697,18.81450115214165
1698,18.316116660482272
1699,14.767440853445375
1700,20.714406173471005
1701,15.129346713610591
1702,12.689981641410856
1703,15.963934701159433
1704,12.583966399877212
1705,18.00411168234329
1706,15.835843841811634
1707,7.405313490044109
1708,14.599969640810157
1709,18.31638999918883
1710,15.150521079948133
1711,13.163683937570642
1712,9.704092961413219
1713,12.281247623383008
1714,23.015941144263973
1715,18.017381891283264
1716,13.56586460588517
1717,12.19892898824415
1718,11.593753385080898
1719,13.205168211018078
1720,10.900131948682422
1721,13.38710945679112
1722,18.25080922995199
1723,11.12786822541182
1724,14.590940376327447
1725,12.852995310686868
1726,11.25742655538708
1727,14.578084233261988
1728,9.952858116831711
1729,15.419182154337351
1730,15.294619412057731
1731,16.660637215698987
1732,16.103956126577586
1733,17.353038548668867
1734,12.555932948558123
1735,17.17397036099128
1736,13.370260147583146
1737,18.03220230693835
1738,15.972095780875813
1739,19.395149383864894
1740,7.580447293391596
1741,18.164212805445967
1742,18.107907786816593
1743,17.151918828302602
1744,21.202002724448658
1745,19.38545687065578
1746,11.26340617691422
1747,10.781633706011865
1748,11.328684947789124
1749,14.348922582909251
1750,18.539690422593985
1751,10.53465605164539
1752,12.924202680168182
1753,18.997681920566713
1754,13.369196466962647
1755,16.527868959940264
1756,15.768552468693692
1757,8.750636686583011
1758,14.280284428640279
1759,15.92642177916546
1760,12.878992206359186
1761,15.021686947473565
1762,17.796399805709925
1763,15.658765191350842
1764,18.589117015693315
1765,15.300662903418706
1766,14.284616171534699
1767,11.469697551212327
1768,8.72343230757598
1769,12.087218651785378
1770,10.648748233635652
1771,19.334314545691672
1772,12.635199314632555
1773,12.653444185336681
1774,10.540505523614874
1775,6.781507241309434
1776,19.400809053518287
1777,12.379994188172015
1778,15.664296419610087
1779,14.788268685480448
1780,15.488374728070449
1781,16.718024374455375
1782,9.730080520898715
1783,18.52959126473196
1784,18.9693796072322
1785,18.695796001130518
1786,17.536876738882214
1787,14.226907135985131
1788,16.73313596117721
1789,14.377600563212862
1790,8.56897046952731
1791,12.710701690453506
1792,15.057833155323468
1793,13.562089361730779
1794,16.19866332123983
1795,13.60519059317745
1796,17.570770018070803
1797,16.909998228914308
1798,11.031651995211812
1799,15.44287639830291
1800,15.800389548789482
1801,19.00887116899477
1802,17.653388815664133
1803,13.16898523526941
1804,18.808756544952146
1805,14.807403356936572
1806,16.30825854375969
1807,16.78651824080797
1808,14.92004604649043
1809,22.00994561212704
1810,10.52309408073423
1811,13.014100552231845
1812,12.091711947967259
1813,13.212594454568093
1814,8.914394198880519
1815,8.38580954074148
1816,14.552999121939715
1817,10.665287412303291
1818,17.044777239681554
1819,16.098114975861
1820,15.562697075944913
1821,13.888333074185983
1822,14.842560288559218
1823,18.95479511831683
1824,15.869883006095641
1825,17.28227890615818
1826,15.081863065775892
1827,14.31484305815612
1828,15.559118964268764
1829,18.76062653793626
1830,10.063973817467698
1831,15.265882754413969
1832,16.265949268237744
1833,14.001285796466817
1834,21.123480214020166
1835,21.76549770812919
1836,16.302848621119107
1837,18.969942931847022
1838,14.256037962821939
1839,15.770818620676854
1840,18.21177725215383
1841,12.510915452968096
1842,20.960921023312885
1843,18.910056175514185
1844,11.053184008849863
1845,17.652641069753095
1846,13.748942153814703
1847,12.608957853960487
1848,19.085878398518982
1849,13.158794237711167
1850,11.545022557578482
1851,17.42418247589946
1852,20.705709063132986
1853,22.047499854273273
1854,12.06482381978692
1855,14.83571659978952
1856,13.4334777087586
1857,17.21707294798173
1858,10.943173472243496
1859,14.920871226023804
1860,18.0059843749335
1861,14.0739052610954
1862,19.804834672192175
1863,12.981605583476213
1864,16.665182749141483
1865,20.57129417032082
1866,15.50862699453988
1867,16.88888373310885
1868,18.231278926556406
1869,11.86962792655941
1870,10.844415875968698
1871,17.029397777066887
1872,17.618139267889198
1873,13.649742611404296
1874,20.27223389272426
1875,12.468415280065777
1876,17.29977537303092
1877,13.208763046091711
1878,14.832478429735893
1879,14.566779670516054
1880,7.702211955075704
1881,16.22595132596829
1882,14.868582862625507
1883,13.838984607875393
1884,13.950782564011943
1885,16.16847166571718
1886,10.510205472370073
1887,13.000105482042382
1888,16.61484260075021
1889,15.66646985882958
1890,14.862083285158278
1891,12.898677045951862
1892,13.139803382909978
1893,17.200202004449892
1894,13.9355513805314
1895,13.830790594390612
1896,16.263610881897225
1897,18.802799208506507
1898,20.765733041468078
1899,11.958429363031005
1900,10.325435241597162
1901,18.135956006564793
1902,20.85826058274397
1903,11.072850529104413
1904,14.847278568941455
1905,20.060427110428694
1906,19.759729612565437
1907,14.443230440415363
1908,17.96678848782274
1909,13.563840504667862
1910,15.367713572212573
1911,15.382861071740667
1912,16.45768528630024
1913,15.407832285115088
1914,14.386711358655388
1915,19.943743075903036
1916,14.67029970649001
1917,11.553832950365939
1918,19.22610664736757
1919,13.546927971339496
1920,12.940069978908188
1921,14.25396427487917
1922,23.427052548567023
1923,9.783228817253356
1924,10.751636929067546
1925,20.13799533515189
1926,21.506859457394796
1927,12.67159168821154
1928,15.187649737190892
1929,17.67633274855958
1930,15.898043184458631
1931,15.457455534447046
1932,12.99806727504824
1933,16.508346370304082
1934,21.873124497973343
1935,12.597731263029795
1936,11.923109816827097
1937,16.949811652203433
1938,16.295734358381708
1939,14.739468779101017
1940,13.666202291686309
1941,18.603526006082433
1942,13.19089087440187
1943,13.78896011503393
1944,24.168855197040244
1945,17.721613899506817
1946,16.030946168487443
1947,13.565822052348654
1948,14.164490151811195
1949,15.784432305984419
1950,16.40832657924121
1951,23.728865579290744
1952,16.34743961195359
1953,14.297616039458001
1954,18.834820459279786
1955,15.078662984839104
1956,12.712679520211925
1957,11.916878252272607
1958,15.946787109456853
1959,17.86935803452267
1960,14.705889583759165
1961,16.937177247462238
1962,11.87010577628683
1963,8.082955984403428
1964,15.148564848587203
1965,10.604277332554787
1966,14.91641995427499
1967,18.13042118446486
1968,19.40042126204665
1969,16.300894335142694
1970,7.027623372938695
1971,13.629057751833022
1972,14.587871068215192
1973,11.997930201338178
1974,14.315242261177517
1975,18.370929499106854
1976,16.12229348288058
1977,21.882042579152507
1978,10.142550654911096
1979,18.006623093561426
1980,11.675453101776505
1981,14.26941804437977
1982,10.587739074996776
1983,13.074544530146653
1984,12.152767439562146
1985,9.486761509061823
1986,13.680037244710755
1987,11.426527337684387
1988,11.760925695359084
1989,15.112941650294678
1990,10.605899786142619
1991,13.497662184909586
1992,13.821186727072945
1993,10.551680510841683
1994,17.75030605734736
1995,16.72649789101173
1996,15.931574768925328
1997,16.510041984414173
1998,13.728745748014681
1999,9.967112585609364
2000,13.612773306319893
2001,18.73695112758301
2002,19.92505844780733
2003,17.69458379557295
2004,11.313362059612322
2005,16.815037415886263
2006,9.809013000001556
2007,9.928821939931415
2008,14.955581873798474
2009,15.440778668824594
2010,16.970274791971953
2011,17.451894576919134
2012,13.770355205862785
2013,19.870227102183208
2014,18.70096862104272
2015,18.853224260376102
2016,16.410693129708953
2017,14.865264306761933
2018,13.308638863417965
2019,10.984067825108776
2020,12.911948083462738
2021,15.856066922380332
2022,21.823321852501092
2023,13.789475168982113
2024,13.296579698963967
2025,13.780652408511072
2026,15.058444149389818
2027,12.78165944457989
2028,12.492977514851011
2029,22.141743924653227
2030,13.379817789822882
2031,16.310608995872013
2032,18.124541490496252
2033,13.211424985824333
2034,12.425900301559842
2035,17.156238792568516
2036,14.870150771671447
2037,13.950625151448385
2038,13.254573994423104
2039,14.050677024576522
2040,16.08887727351758
2041,11.776120385874915
2042,15.148703085313672
2043,20.115572615105634
2044,16.897313626232233
2045,12.198632971078261
2046,11.017627151345613
2047,13.120628294957438
2048,17.086647387275008
2049,15.605766642696587
2050,9.483574892011445
2051,13.235100652765484
2052,14.813538396626495
2053,20.276540902605728
2054,15.362429585226009
2055,13.33817989388661
2056,14.757875870852743
2057,15.768651753752957
2058,11.959671673095638
2059,15.029845666995953
2060,19.067068801721945
2061,10.072772597969728
2062,14.728265155751117
2063,14.824343905891347
2064,19.256967822349385
2065,13.521134390020592
2066,11.716547778438326
2067,10.418220460779066
2068,12.791033993006671
2069,10.504366519229722
2070,12.109834543213926
2071,14.261050047030345
2072,18.405620985272733
2073,13.434020050077379
2074,18.577532549402473
2075,17.396861914218164
2076,16.71564071723025
2077,16.461692743308454
2078,15.826630571014991
2079,15.966284227768178
2080,19.047150680718993
2081,17.094008841555482
2082,14.68567013924498
2083,17.536100758915637
2084,12.863277942311175
2085,21.821908198163577
2086,14.169279046627087
2087,14.566158476731966
2088,20.100470468890343
2089,10.52712277272169
2090,12.566584573096653
2091,13.960552442734912
2092,10.612869987402968
2093,14.753137178661763
2094,18.392602592394166
2095,12.98959427599226
2096,16.410516032609458
2097,14.513060269574133
2098,17.261719011713616
2099,15.409639245069032
2100,14.346203937822636
2101,15.36475768638485
2102,15.938517807021903
2103,14.938888212592898
2104,20.264338382369743
2105,11.586512141607049
2106,15.360286257037135
2107,11.518455508001923
2108,9.60163610459193
2109,16.96833395203993
2110,11.925896548126708
2111,16.296753450301445
2112,12.627464164005161
2113,14.570615150789159
2114,13.696099744168551
2115,17.133648798894292
2116,19.557928163782197
2117,21.045859616910366
2118,14.394888624733342
2119,16.504673075550787
2120,17.323346804987352
2121,11.046807963906483
2122,13.359035450552378
2123,19.367655457613537
2124,12.072502965527992
2125,9.84137464158736
2126,14.293402558932723
2127,15.284439361801455
2128,15.9266726657674
2129,11.419522479068803
2130,19.706408735932392
2131,16.93312060396333
2132,14.493755717067721
2133,18.13256589882618
2134,14.462068966658814
2135,16.427103218742857
2136,14.484119057920914
2137,17.58283534397173
2138,11.908746392500248
2139,14.831525155978072
2140,18.559650701702978
2141,12.71695029549802
2142,14.02903508605894
2143,20.873045267780313
2144,13.645707780205337
2145,16.150237564525415
2146,19.11879923028165
2147,21.46857104810786
2148,12.2212113539716
2149,18.926222653584166
2150,14.926485202635714
2151,14.132977899024961
2152,13.391992252534429
2153,19.641283030973007
2154,20.809255521060336
2155,16.696639008973737
2156,16.583010552263506
2157,13.09626975109088
2158,20.366285674836693
2159,16.820227497786803
2160,25.30894157713287
2161,14.11581936002294
2162,15.426897169490333
2163,14.927072720383137
2164,8.924836359036773
2165,11.71040532726017
2166,12.862406173296447
2167,15.524522561449462
2168,14.644850031247875
2169,8.584197630727381
2170,16.280185113964546
2171,12.995380272548019
2172,18.02064488763663
2173,15.61998463590775
2174,19.520005894752806
2175,15.411694510951797
2176,17.417762867386987
2177,11.244753595195617
2178,9.332395302086974
2179,16.883592235034946
2180,15.589210039705115
2181,15.949667335696262
2182,18.791044967508483
2183,9.401576510339826
2184,14.82452203587644
2185,16.435885483535497
2186,14.692707883288616
2187,10.942039813479155
2188,18.509291676799016
2189,14.998069376020386
2190,15.007145770118019
2191,15.388269676656646
2192,17.80385090394489
2193,17.150309092945648
2194,11.846821798937496
2195,9.608795328835072
2196,13.191023246286518
2197,12.94502315602618
2198,13.360796647358793
2199,13.425836700879975
2200,14.652711431234138
2201,14.17395521521953
2202,17.18568312371999
2203,15.73050926794845
2204,13.70954503094465
2205,16.236060205812603
2206,20.389029433492386
2207,18.40558669426059
2208,18.369727505054282
2209,14.417024570255384
2210,15.839506777719
2211,14.91592789049407
2212,12.383342465144574
2213,15.630804980031376
2214,17.19427081008002
2215,15.48163986900555
2216,16.594612493725915
2217,15.293766781517569
2218,11.621100201599516
2219,13.979288754701157
2220,12.450377223972664
2221,20.321834633612223
2222,13.759202578733724
2223,14.24549586728979
2224,17.324804139754985
2225,18.18076749500289
2226,17.727659600573496
2227,13.576814111378662
2228,14.587898825661194
2229,15.618760875625783
2230,15.087929353215307
2231,12.91908297590355
2232,15.105293278907622
2233,16.386089304889687
2234,12.30399822408473
2235,10.071544327212651
2236,12.684573996075873
2237,8.67962335269737
2238,11.408789652669995
2239,15.973163767566653
2240,19.28618257399175
2241,14.159203061009745
2242,20.397461216055746
2243,14.202375983983483
2244,12.716785510410343
2245,14.50912239593401
2246,15.721455353818328
2247,17.432082420898915
2248,13.446112422563708
2249,11.220471237103526
2250,15.59607890665295
2251,20.940064328214998
2252,17.65746425127453
2253,9.781583685269243
2254,18.561355581279486
2255,15.07442216694529
2256,13.788248173863009
2257,13.534193616049143
2258,14.376945558920847
2259,14.497977489096328
2260,11.942553789166915
2261,22.431534401798537
2262,18.618890739836587
2263,17.127441045039937
2264,16.843174085508686
2265,6.643373985388363
2266,20.969187989384572
2267,13.136115472125315
2268,14.86329857058903
2269,15.235837872203188
2270,19.43980687257466
2271,15.555516052947445
2272,13.437066276849782
2273,11.888558548653787
2274,14.015729205364039
2275,24.306288942066097
2276,14.686478475050068
2277,18.679142248713138
2278,13.610815061654153
2279,15.418803323480581
2280,16.03420212620604
2281,15.801892186226672
2282,13.304595084352409
2283,12.331642913963368
2284,22.80719824314766
2285,12.037554243602527
2286,19.097151700654937
2287,11.922971060304528
2288,13.450079265554681
2289,19.12925469897853
2290,12.927767123814435
2291,10.117511705918789
2292,15.595234525261427
2293,19.940489384156376
2294,16.317014826648137
2295,9.652230491231565
2296,13.516449575130036
2297,9.913934307633017
2298,14.48538543290324
2299,15.267411457893417
2300,11.413224131251926
2301,21.051871177056526
2302,15.96207667657342
2303,12.01495944285196
2304,15.313346888528512
2305,12.984034845827214
2306,14.41305884135278
2307,15.534303790021834
2308,12.7587497885824
2309,16.334405026395693
2310,13.686732505115513
2311,11.190396981627817
2312,15.656634126230745
2313,15.836150349236208
2314,19.87258893554357
2315,14.969417191051466
2316,13.190011239587545
2317,16.39776059220168
2318,19.44127125696678
2319,13.83129032591819
2320,12.223790980542805
2321,16.439623435808716
2322,20.670229446169404
2323,12.0806699321033
2324,19.02595304055575
2325,12.173758376558586
2326,9.779856314009312
2327,20.19437116393687
2328,12.899372940772201
2329,19.755065291788384
2330,13.967901271249383
2331,12.761547474495455
2332,18.418971583047565
2333,15.397368814264432
2334,10.857024413533221
2335,16.821776568093618
2336,6.908655970528983
2337,17.185006132189738
2338,10.345682604936
2339,19.86572335241843
2340,11.676424810495227
2341,13.032862973166003
2342,23.345825152167073
2343,10.532775498586236
2344,10.913516605475778
2345,13.595839705373121
2346,8.626629132263458
2347,17.730879744541433
2348,18.992354265684632
2349,17.20866001266405
2350,18.17550154802283
2351,16.10836791347096
2352,13.633587081815213
2353,14.147305963142522
2354,17.689088517620924
2355,14.323248306387033
2356,17.100874699226615
2357,22.740819735502985
2358,12.256881263653913
2359,15.96741306964867
2360,12.8115583000613
2361,16.568131459295554
2362,13.359240577185911
2363,17.316946153002725
2364,15.443553575253553
2365,17.87021024774745
2366,14.855523434961167
2367,19.54923922763838
2368,16.83875872771379
2369,11.852748131904306
2370,16.244449149811867
2371,18.669428964224018
2372,18.86995601745325
2373,12.620214459579007
2374,17.550005816757057
2375,12.698605261468494
2376,16.990277847626324
2377,14.099485730657541
2378,15.670496113004399
2379,17.178324093377878
2380,15.234589082764112
2381,19.826752902157274
2382,17.647770124972897
2383,14.93572148391355
2384,16.44269787723979
2385,13.40495186210732
2386,17.919211108862637
2387,17.7709893487853
2388,16.366510573876813
2389,16.28205559088723
2390,13.254796833947976
2391,13.481976712726176
2392,11.31088437587976
2393,20.318416232586387
2394,16.134326022359744
2395,18.82256387540526
2396,21.67322874178371
2397,19.482649424497893
2398,18.900493104523193
2399,12.513172733136711
2400,18.120533487904158
2401,11.976962854407898
2402,14.783004081784162
2403,7.682907547777948
2404,19.138174276699612
2405,13.01911066585633
2406,17.595091388460904
2407,12.770351976778208
2408,18.66181820636354
2409,16.644737619514476
2410,20.364244241698188
2411,16.76929492130688
2412,14.909393675687515
2413,18.607971339989557
2414,17.87476979355783
2415,14.607452647829996
2416,16.81580765885438
2417,18.45237712931164
2418,16.2498710612335
2419,15.741977703865857
2420,14.256803466082308
2421,10.41945009106314
2422,6.486979643510557
2423,18.0581026144266
2424,14.086389719112528
2425,17.129297582097934
2426,14.8445930240128
2427,17.56391945442074
2428,12.714936990033125
2429,16.634141847370643
2430,16.79905470894864
2431,15.831605614890206
2432,17.968935897182266
2433,17.563755756624534
2434,16.602096237848926
2435,15.026356054914931
2436,17.07388469237056
2437,15.932425894624807
2438,19.125319294135927
2439,14.305283401241457
2440,14.700073569637148
2441,13.743177477326736
2442,15.580316015078143
2443,14.650592660802463
2444,8.719261881972802
2445,13.093310365126307
2446,18.907502365911505
2447,14.047868806584624
2448,16.882965669323976
2449,8.163056922266412
2450,13.823352606670294
2451,14.954382323068515
2452,14.998996389299656
2453,15.190946117431254
2454,17.832384893692566
2455,17.0554943416173
2456,13.302469422239385
2457,15.748060177457367
2458,20.33357762814389
2459,12.561502331361934
2460,13.612579588336553
2461,17.28159566008275
2462,15.250964633709353
2463,14.329929436401288
2464,19.380447242814483
2465,9.781696160383454
2466,14.700042182873114
2467,11.905176253303445
2468,15.913823308409519
2469,16.13846535286758
2470,22.421664777745143
2471,10.607817994297243
2472,14.82724308959273
2473,7.613503483370119
2474,16.870662120939187
2475,14.491733759192847
2476,15.021631046200335
2477,16.021344192204428
2478,17.157783844450808
2479,17.473786539784804
2480,18.66145492839494
2481,15.495879570233647
2482,17.244775972307064
2483,16.185776683409525
2484,14.362776028025857
2485,13.513831940687014
2486,12.625688909529412
2487,18.443681962540293
2488,13.14872730827291
2489,21.912013371150522
2490,8.271699105647357
2491,15.137700200527927
2492,15.702164283258732
2493,17.69166618511296
2494,11.033563925995086
2495,12.265059224017799
2496,18.328862187517252
2497,15.372032982546159
2498,14.677322948797721
2499,16.65755619837814
2500,16.89530164847895
2501,12.885158538476485
2502,12.257141058820153
2503,12.301872653962015
2504,13.444602999084813
2505,16.158698897821548
2506,15.165834201852974
2507,13.119419533222933
2508,12.381162806419375
2509,19.348064903096564
2510,14.617965454875225
2511,13.938332860470258
2512,18.94880504459218
2513,14.803205054859744
2514,11.966548008796387
2515,17.178998156875362
2516,14.066791972710007
2517,16.830945246907937
2518,16.36400518214824
2519,16.916804812359146
2520,14.549206335218031
2521,16.64258882261258
2522,10.85348935323355
2523,16.952487726797806
2524,21.09445779806326
2525,18.514184691296954
2526,16.538952415931643
2527,17.063375067919473
2528,17.308294941384382
2529,13.73388988346859
2530,15.305230253594292
2531,17.146091916372335
2532,13.873960539701459
2533,16.051276315106318
2534,14.520893200250855
2535,14.099784549244054
2536,20.014903688663207
2537,13.953971064588883
2538,11.887198858775754
2539,17.65401642857878
2540,18.364585083732525
2541,16.293871931121252
2542,12.637908469795288
2543,17.12924944399452
2544,18.50436744605121
2545,23.3340925998117
2546,15.389893567991727
2547,9.250143526696725
2548,15.824365049016077
2549,17.12309242681834
2550,16.133352775684195
2551,9.388882148641178
2552,11.296245950154585
2553,16.425858404153576
2554,22.806079775676302
2555,18.302953533533543
2556,15.192701732797966
2557,12.523334966842123
2558,16.683913089560278
2559,12.635367642851126
2560,20.484107659896676
2561,20.01471537151742
2562,13.26717768039564
2563,12.398223574011766
2564,15.336440343041422
2565,14.301148338038228
2566,14.937369771993168
2567,17.713250672383396
2568,11.332399424072248
2569,13.063687047429514
2570,13.971711578093078
2571,11.427653808624736
2572,17.60086956585629
2573,17.201598650390835
2574,13.563755791463258
2575,19.057508493733195
2576,21.232528017657845
2577,20.028594457310483
2578,15.023840364639929
2579,20.259372086050124
2580,14.038816320407681
2581,19.369599861736365
2582,16.903236367160797
2583,8.73228041880767
2584,17.386371063466484
2585,20.584458671562842
2586,17.273161511216536
2587,18.771196582557327
2588,14.587160974385405
2589,7.473792713141161
2590,16.041413176845158
2591,16.337045442234217
2592,17.01553688547099
2593,18.71720673034865
2594,20.489016946309718
2595,12.411848197705304
2596,21.75836138065366
2597,14.071396824447598
2598,19.027165087092424
2599,15.913582521510211
2600,13.6150266100558
2601,16.118139436991303
2602,17.17727944514459
2603,13.12326856445846
2604,15.75098017912332
2605,15.388306769598307
2606,14.454824332929983
2607,11.241430370398284
2608,16.7919240944086
2609,16.65290198667365
2610,12.182115419370595
2611,15.00019341004845
2612,8.60011795818744
2613,13.127961188482448
2614,10.910216900016493
2615,15.609330301964635
2616,19.74341082174275
2617,14.461336105765843
2618,14.714690129321479
2619,18.18202881995639
2620,8.434824540369412
2621,15.794726662357276
2622,15.239304890749349
2623,12.502302388514677
2624,14.958784181626271
2625,17.80528571714487
2626,16.9159786764379
2627,14.119950697789404
2628,14.387460137242781
2629,16.031214526666965
2630,15.367633675531371
2631,18.493450063082072
2632,13.934761609701006
2633,14.74661220176065
2634,6.488231109526739
2635,22.098786763746737
2636,17.01257880651764
2637,15.691442061910134
2638,16.871512985293823
2639,13.647918578503303
2640,16.8808938824828
2641,11.428190814273503
2642,20.711220247140467
2643,9.926534007454492
2644,14.164575829606195
2645,19.8257183929331
2646,12.675564062597601
2647,17.697081818630146
2648,12.955682588800531
2649,15.20814384771911
2650,17.7271378211819
2651,13.628830052148073
2652,15.285482074191368
2653,11.978056229628116
2654,11.49958552522097
2655,17.915750327601824
2656,12.58982204271884
2657,17.98527809160769
2658,12.611103801989728
2659,19.00497142021426
2660,12.084264806044583
2661,11.08514763640745
2662,20.38811795572532
2663,14.410264056746628
2664,16.93522323640926
2665,17.438882837784547
2666,16.832569142192956
2667,16.14619737931874
2668,12.258945185876176
2669,19.5283998546834
2670,15.894955993495252
2671,12.423927847389749
2672,14.692224405159445
2673,11.30544542367354
2674,19.990965557021617
2675,17.930933889804038
2676,18.94327488360891
2677,17.221654481708402
2678,19.42998536746242
2679,14.85074103771807
2680,13.438277755724066
2681,20.231302574186415
2682,15.601430386314867
2683,16.471129441469127
2684,14.646518626883594
2685,12.016310924248513
2686,16.89407971985037
2687,11.501667233614485
2688,13.126599489482667
2689,9.462377892084815
2690,13.445485027816447
2691,18.24221986169927
2692,18.174579087318467
2693,18.69760838336057
2694,15.516855412161993
2695,23.719341326734746
2696,18.735173314733903
2697,12.603186915052518
2698,19.414684677386838
2699,15.905599821512826
2700,8.814257630575748
2701,20.46270284314357
2702,15.145077711717807
2703,11.422470986394147
2704,16.486829943324214
2705,13.405994642567421
2706,18.284176458875244
2707,6.618559613035629
2708,17.470450020871812
2709,18.68144868740801
2710,12.951493015532206
2711,13.65742716649827
2712,19.734686210676283
2713,22.12370550978835
2714,20.00765653964133
2715,14.820500773089904
2716,16.350262816914654
2717,17.91849529086554
2718,16.33651648097551
2719,17.125977524372882
2720,15.201923414748473
2721,15.385802624646372
2722,14.612781552868025
2723,13.015099023837223
2724,11.331402431773556
2725,18.12760022094376
2726,14.181506674530103
2727,12.40687294620178
2728,19.436588497626722
2729,20.48277686582354
2730,13.059232531102062
2731,17.820292872990077
2732,14.74475017581541
2733,12.702837652522211
2734,18.739668256524055
2735,13.988053396849462
2736,14.736254669991784
2737,14.414435947999452
2738,18.197189850704078
2739,17.77100208752458
2740,13.733940466838677
2741,18.737767769473606
2742,19.30485470486603
2743,18.188040439892053
2744,21.17918965725704
2745,16.34508293790959
2746,13.682633885811342
2747,23.27604198447211
2748,10.434835047450497
2749,13.061009817625656
2750,15.54109606098923
2751,12.605670793541622
2752,12.035735172586211
2753,11.320969693796727
2754,16.101526187381964
2755,16.936550013502796
2756,15.89088481518242
2757,14.196515005624152
2758,21.157895006939675
2759,21.404431625258916
2760,13.981519020282587
2761,17.194754404006666
2762,18.536982593491913
2763,12.11607920229358
2764,10.93795563420322
2765,15.323965968874454
2766,17.488364494287463
2767,17.637365656003446
2768,18.815721664299055
2769,15.669755910768396
2770,13.07588627598424
2771,16.436522886196116
2772,12.242791344760937
2773,17.294515409240905
2774,16.62621222494522
2775,14.67174542531365
2776,17.905085839076552
2777,13.304589158696869
2778,19.462733410858018
2779,11.56509177359524
2780,14.871540848762713
2781,14.428985863369363
2782,19.562858091059212
2783,13.451571133578515
2784,15.99029542502991
2785,21.185921285306293
2786,18.21295363648822
2787,16.9073130276154
2788,13.060547403839038
2789,9.383058326330044
2790,15.34012688057076
2791,18.143565576659224
2792,16.30127524487537
2793,14.082309610865101
2794,12.82829195477228
2795,14.259150180665825
2796,17.17626689829333
2797,14.104372434870063
2798,17.311254613532128
2799,13.961738229132136
2800,14.941801409494492
2801,13.988973055970702
2802,19.29761004449705
2803,10.8416462572835
2804,18.29329251949068
2805,17.839455733762566
2806,17.357712828164676
2807,15.89099925217505
2808,15.882784846469617
2809,12.608038269828441
2810,16.38872603925553
2811,14.566358558388778
2812,16.269061388567867
2813,12.24799652778026
2814,21.070697677931072
2815,19.831385679058915
2816,18.140444948459567
2817,15.439566481649473
2818,9.495658444634643
2819,10.369208121768592
2820,16.129333135058275
2821,13.84877877254164
2822,17.03194550475996
2823,16.332840212848772
2824,17.466134735153794
2825,17.182886555544282
2826,10.795576545951366
2827,17.720190084213318
2828,10.60658174088018
2829,9.73012247438168
2830,13.791584512099927
2831,17.34687659543452
2832,14.934163121139692
2833,15.281813327670992
2834,15.522877645259085
2835,16.08411468246691
2836,18.038898478669367
2837,12.604331612912208
2838,11.60897039895222
2839,16.469084295354218
2840,13.227572996170078
2841,13.279626866269648
2842,14.812498403068957
2843,15.924862279258315
2844,16.78823222893138
2845,18.18564938513269
2846,14.337539027905388
2847,15.157606509694604
2848,16.868706145901477
2849,20.379649935796635
2850,21.584082933377864
2851,8.94486889119335
2852,17.74498562486191
2853,16.314279553908133
2854,17.249065750997005
2855,19.157816786185315
2856,9.318222426285855
2857,20.23340954742643
2858,16.53506541329024
2859,17.656848744327814
2860,17.106975513439114
2861,10.312339440106719
2862,11.024192757855042
2863,14.756786066785939
2864,14.811985208933853
2865,15.900521656308811
2866,17.687018461587652
2867,12.815461307137674
2868,13.939275008521406
2869,16.552190729896605
2870,20.307126918673163
2871,12.597338195936098
2872,12.95272223583151
2873,14.97395738438321
2874,19.60430409780551
2875,12.91214369009966
2876,16.819966578189216
2877,13.263422062297765
2878,15.698105609199631
2879,13.275793916587094
2880,14.759230550482743
2881,13.576474419564471
2882,16.293524327055525
2883,15.172300456709184
2884,7.843861687783715
2885,12.228060631593344
2886,14.283429550173164
2887,18.217871515439104
2888,12.5601371271824
2889,15.92138757267286
2890,18.33679492791098
2891,12.691990362705068
2892,16.457371187023718
2893,13.779088555012638
2894,11.908800592068031
2895,19.98272980617319
2896,10.673302607055772
2897,12.908821327395653
2898,17.027441888533687
2899,14.337553484644022
2900,12.368447364689462
2901,13.600774940985865
2902,11.169417019938713
2903,14.75295665151702
2904,20.770355331588362
2905,15.13966864950129
2906,17.869120137377493
2907,20.799585414243637
2908,19.633049035632727
2909,13.783210414668124
2910,12.174880476140464
2911,15.396023524061729
2912,16.46092405936261
2913,18.408645347100745
2914,15.265538974237003
2915,16.261501377900053
2916,19.928106942801207
2917,15.889728864965562
2918,21.89884389211974
2919,17.867072825508107
2920,11.753044430542094
2921,16.181264438892377
2922,14.248888336853343
2923,13.367879422082659
2924,16.96787896821853
2925,14.071701624224767
2926,19.912843621731298
2927,21.135264225753517
2928,9.332972895870686
2929,18.84480523606694
2930,16.90199878319155
2931,13.966827544786923
2932,13.214521963639404
2933,17.19968263186338
2934,15.474620771870763
2935,19.537414788911853
2936,13.033926980451113
2937,12.79041898972389
2938,21.24125269310691
2939,13.941798054131668
2940,12.024925658825703
2941,13.646632942393769
2942,15.613670699476799
2943,12.991548156135236
2944,21.342928606484705
2945,13.13971274582926
2946,19.921097443047586
2947,11.384280343249792
2948,21.612088684323293
2949,18.385593902932218
2950,13.899292261268808
2951,19.064141701967465
2952,18.49783169030547
2953,14.517285994215007
2954,13.350644848807608
2955,17.034238934167433
2956,12.840571264869405
2957,14.209117668422756
2958,15.4872872600839
2959,10.685772320539703
2960,13.53457633982061
2961,8.32922555034685
2962,12.57772638327034
2963,18.831143808521134
2964,14.336905685970057
2965,22.488384148397763
2966,17.773053251242906
2967,19.27585058340049
2968,16.66309465937308
2969,13.657933410318039
2970,14.162822473891904
2971,19.186122814909066
2972,15.945052450789044
2973,18.355827877998475
2974,12.798305454238168
2975,15.705023565655479
2976,13.210318778324252
2977,15.629095464337322
2978,19.30331475771387
2979,15.610525297984502
2980,15.105379050691292
2981,15.184429937378756
2982,14.074313471493985
2983,12.454808240324414
2984,18.12425830782479
2985,22.811356221752284
2986,11.799256463541024
2987,17.144697195806813
2988,17.23710974347174
2989,20.719227328758095
2990,17.074279614348562
2991,15.861649707750413
2992,18.686668030697625
2993,17.406312465069092
2994,15.619326474656441
2995,14.971897860185738
2996,15.764147973586557
2997,20.286855130731546
2998,23.228716816662892
2999,13.54481237118797
3000,19.82829741729305
3001,17.887893971472728
3002,12.806215163756715
3003,17.993068346060326
3004,16.922754030863583
3005,15.798414824348448
3006,11.73373468155933
3007,9.529734910227145
3008,14.116975599864826
3009,14.23141472990805
3010,8.752741886862562
3011,15.052914376845521
3012,17.88918622237864
3013,13.21464199483661
3014,17.97427853046784
3015,13.887729461138433
3016,13.336082883883407
3017,16.303235980475666
3018,19.216025799878647
3019,17.441768981569044
3020,13.703613267485329
3021,13.406269431251003
3022,17.593423400347344
3023,13.106249133952996
3024,19.03244945030146
3025,11.85925680971483
3026,17.303045301801276
3027,14.184632304751002
3028,19.412574308145302
3029,15.428798424503738
3030,14.389908854461323
3031,14.042563820992212
3032,14.663857246206787
3033,14.723748184992463
3034,24.12742791970442
3035,14.179871118342168
3036,14.321663135448123
3037,19.13024658601428
3038,16.617906388145606
3039,14.955276324380195
3040,16.05047116727254
3041,15.388706994792505
3042,12.435675218720402
3043,11.586523896855198
3044,15.779886746735068
3045,16.459606455315914
3046,16.75485873334893
3047,15.532299561156018
3048,10.083872408094201
3049,16.717779444326073
3050,14.38152367652907
3051,16.028384069712615
3052,14.593593782478088
3053,15.521911090254141
3054,19.67928715341948
3055,14.517727867089107
3056,17.61313795544949
3057,16.519207652886852
3058,9.549171111461082
3059,21.744419677090917
3060,11.051282043444822
3061,22.20229385867138
3062,19.763130673650952
3063,16.21646013646325
3064,8.969272492455211
3065,14.594258673974917
3066,23.345753804885724
3067,15.846363803331563
3068,22.035048779334684
3069,19.493055803767902
3070,16.80009520486115
3071,14.907787385457368
3072,15.341463800946102
3073,14.195909125761915
3074,13.860757346189697
3075,13.325156829006108
3076,12.418931109551572
3077,19.36990903672111
3078,16.86298507403119
3079,11.370943538408564
3080,16.547643951071436
3081,17.690052227343955
3082,18.38019589675017
3083,13.212954367949692
3084,16.460048649451522
3085,12.927483678854973
3086,17.76263423230109
3087,18.01104178993553
3088,18.155544075345375
3089,18.07597127727874
3090,16.991463952558373
3091,12.928566996956484
3092,12.540248962165805
3093,14.341408319301193
3094,18.03271905756221
3095,16.265054047276642
3096,12.79957620986867
3097,17.06685169304518
3098,14.583791315100521
3099,17.400180671007202
3100,8.908343940077026
3101,11.775598336047352
3102,12.187725112489321
3103,13.858672556457066
3104,15.308758546032891
3105,16.9030909040733
3106,16.909612579398402
3107,17.349667332407975
3108,11.796217037517431
3109,18.04616281174463
3110,14.274600950993774
3111,12.186253870596051
3112,19.41113638334269
3113,17.70109352044599
3114,19.416670785050787
3115,13.61155450165258
3116,19.938542333014734
3117,19.87701760139228
3118,21.952321624398003
3119,13.061105120952455
3120,19.172675630328893
3121,20.841513830273563
3122,11.979668461206447
3123,16.67034816616687
3124,16.467605230889017
3125,14.736438043486638
3126,17.15105959107911
3127,9.490246808737696
3128,13.246988517365079
3129,13.002892945682653
3130,13.471125551608502
3131,15.431765727471856
3132,12.675096204728451
3133,20.76645443774679
3134,15.732433862299086
3135,16.648502506407045
3136,11.785583082737883
3137,13.55343847054949
3138,17.194014589052173
3139,20.877219946817245
3140,11.675519515550693
3141,12.366134955615848
3142,17.482234014962927
3143,15.335469261822508
3144,13.409097566342318
3145,15.087679523259148
3146,14.594676228115457
3147,11.45829881290637
3148,12.141041758272909
3149,18.401977417022735
3150,10.207835941106538
3151,17.259182785588912
3152,14.314737379902404
3153,18.96770962562112
3154,15.402492743646487
3155,21.12786382696342
3156,12.281436581831331
3157,15.399725676392105
3158,12.68842565045944
3159,15.192080301357182
3160,16.60921955462956
3161,13.875412856685319
3162,15.673694785249202
3163,14.188072572653088
3164,9.882577713596332
3165,12.621822786878287
3166,13.484431583891425
3167,12.347447608768675
3168,20.70971078311339
3169,18.72435645673684
3170,13.934910906444742
3171,17.494817327593854
3172,11.126263768000033
3173,16.088092452493694
3174,20.326994643870876
3175,19.278310092813502
3176,15.133222871742657
3177,17.862929436368688
3178,16.898423564714648
3179,9.271214738789988
3180,12.60018071445634
3181,13.752257882710127
3182,17.670319233523223
3183,13.955345635237205
3184,14.791003481576613
3185,19.305599979456602
3186,11.287970340819308
3187,15.981138348443771
3188,15.928804596693368
3189,10.719701308118198
3190,20.189263983913172
3191,16.662692580550633
3192,18.467990888107792
3193,15.571130934062406
3194,18.46242713466955
3195,17.381770913718128
3196,15.445043406352916
3197,16.62776478806573
3198,14.453952702683395
3199,19.183315791056355
3200,15.30538181033901
3201,9.851579623915299
3202,16.910635915859956
3203,13.247014493818227
3204,16.681330279852435
3205,14.602570932844413
3206,15.418051142759786
3207,14.124349080182345
3208,12.940552169847617
3209,12.757980379885417
3210,22.545560221492064
3211,21.131305189239455
3212,21.861930455664343
3213,15.696045855227695
3214,17.72890372318332
3215,13.002114092446362
3216,7.524093423242979
3217,16.358681016105493
3218,14.229968137325752
3219,14.175890600414183
3220,11.093985386283883
3221,13.317643709129275
3222,14.774706907605822
3223,11.785280025815034
3224,8.280921543977787
3225,12.975826850564419
3226,11.521285118485675
3227,18.988258582711815
3228,14.35385713786965
3229,15.783841044849865
3230,14.767880128137064
3231,17.04911238844586
3232,18.005171315689353
3233,17.050492987055296
3234,16.182476384206744
3235,12.381058825927301
3236,21.332580654390714
3237,17.45536003202986
3238,9.775988931606927
3239,17.126424341976595
3240,16.749740469554567
3241,11.457625390550035
3242,13.531145524719578
3243,18.798066829934765
3244,13.599516854509638
3245,16.292848801605437
3246,13.33377090871449
3247,15.35325824737865
3248,20.877258142534735
3249,13.512890494380455
3250,10.40887223566174
3251,18.401916789639646
3252,16.120638126312528
3253,18.67443973770856
3254,15.755556227564806
3255,15.875749637637282
3256,10.483266576046358
3257,16.034558807826897
3258,16.33551755950012
3259,14.300523703977035
3260,11.054381222230242
3261,12.93199615887405
3262,13.306207841553425
3263,19.814411592641058
3264,12.892438784883865
3265,15.946840680121547
3266,9.968698923474513
3267,13.147267869477265
3268,21.455615103043815
3269,17.46442112640654
3270,20.185283825107987
3271,19.723047128230462
3272,19.23793791413685
3273,16.756284696963487
3274,13.911678276973868
3275,16.340980275781067
3276,16.200149475169844
3277,15.466921595117492
3278,13.776106688977684
3279,15.167244287391314
3280,13.02256056482337
3281,15.590693686810862
3282,18.116351487844394
3283,18.40873891672263
3284,18.773339664531406
3285,14.308897860741403
3286,17.44537683183425
3287,16.19927492249581
3288,16.46546440662931
3289,15.220383793242602
3290,10.672866367322404
3291,15.918973117653385
3292,12.817725996482729
3293,17.32098024465911
3294,13.982356944235459
3295,12.947347023535528
3296,13.749789787187302
3297,14.538215719022913
3298,18.861627195099675
3299,15.365499686169374
3300,11.493883648401068
3301,9.042716121506164
3302,17.910828014893166
3303,21.652125841006118
3304,18.540191930255958
3305,20.18549474783177
3306,23.029225088331955
3307,10.771675182229139
3308,15.486325617215186
3309,18.13389981609073
3310,11.232020519848097
3311,15.114681900820504
3312,19.36251396465764
3313,13.752302005651945
3314,17.33438542882271
3315,17.056129399789704
3316,18.771519233797083
3317,13.49926898133046
3318,18.492961969714656
3319,14.846079329622189
3320,17.31237555180943
3321,14.917136232620992
3322,20.99490919480127
3323,10.098315621163952
3324,18.981748843928234
3325,11.59881733727321
3326,11.277822374556532
3327,21.39216357273431
3328,17.662200333669123
3329,18.607757905977728
3330,11.458804793260452
3331,12.761419699679212
3332,13.662770869283559
3333,13.928218567074422
3334,16.167896229773287
3335,11.353562244350194
3336,20.892368320943135
3337,13.596368515520252
3338,15.44457286602065
3339,13.170820630507347
3340,9.20779861631177
3341,12.2198560278508
3342,20.540425142007596
3343,11.54043925833292
3344,9.14196034859104
3345,13.092768902961403
3346,14.045270357726267
3347,10.653150377519623
3348,15.28408337593849
3349,18.145301258186212
3350,14.553860319278483
3351,11.307505430308892
3352,18.56381222486395
3353,14.914657909984122
3354,18.09603895981297
3355,17.0688916007596
3356,9.462321352783814
3357,13.642264393518394
3358,11.412444078831477
3359,11.273230837616651
3360,18.87640313352665
3361,16.390699008571314
3362,16.87379977956436
3363,13.911232983626178
3364,13.602830851369367
3365,14.806054848932853
3366,15.347791273793456
3367,18.987613703924932
3368,12.948656688654573
3369,10.227584031161976
3370,20.87815871441105
3371,10.538667882298295
3372,19.03289356564235
3373,17.246494432876624
3374,10.836094762326614
3375,14.388148540366817
3376,14.387861496828128
3377,14.051168632958618
3378,12.169259261631758
3379,13.375987275452959
3380,14.333671299104179
3381,14.526992439975311
3382,20.900890180136898
3383,14.211704179762215
3384,15.672474289613993
3385,9.768862556785951
3386,9.730326887585608
3387,15.286699268909967
3388,18.938754735475495
3389,12.95619108769661
3390,19.52553201356823
3391,11.104801200646515
3392,18.835475681540032
3393,18.406076674011555
3394,17.256115788685236
3395,21.473641441858785
3396,16.804987476113258
3397,10.857049381942563
3398,17.86183240647001
3399,11.333099400410806
3400,13.434464694038388
3401,13.352221710237115
3402,15.001669977945836
3403,12.845588430512027
3404,16.49893745327932
3405,16.708346343563882
3406,10.637324438596906
3407,13.457808052755185
3408,11.200411123052646
3409,11.64853962405561
3410,14.426666683480796
3411,16.325108778003504
3412,14.68739546961781
3413,16.8582033199396
3414,17.688765344062944
3415,12.586019026033643
3416,16.840076433040796
3417,18.49167900911853
3418,11.747961962635376
3419,17.47173063339121
3420,13.268907078670747
3421,13.864562273304436
3422,15.419773886095161
3423,11.07674349147482
3424,16.104040526893
3425,9.487046378768369
3426,14.422281890403182
3427,12.908019562665338
3428,9.791442037989032
3429,12.82398784174481
3430,18.416580058699143
3431,15.925479845502998
3432,15.380457063249441
3433,19.84322217941769
3434,14.841712907034958
3435,6.391556607567491
3436,13.433060707501301
3437,21.027569616834278
3438,11.266848353321969
3439,11.612292858253156
3440,14.11880929392428
3441,12.810228382403057
3442,18.118277330532
3443,18.036818722236326
3444,17.40265861974391
3445,19.157684163299226
3446,12.015751248559553
3447,12.703884229731113
3448,16.7411330479409
3449,13.913904178038745
3450,16.82664907430719
3451,13.470261245198204
3452,19.671934902440917
3453,11.032755253074786
3454,13.465897108540283
3455,14.553875260990223
3456,16.79274549833051
3457,12.387790970432452
3458,12.10862794537937
3459,12.308463657293947
3460,13.801422665539405
3461,21.193837209381858
3462,18.7656036314809
3463,16.191915313152307
3464,9.626185302899785
3465,16.763591869657795
3466,19.592125080951835
3467,12.48053651190465
3468,17.263079941514945
3469,15.817542012730495
3470,15.684370370042673
3471,20.321247672437316
3472,21.44594123946765
3473,14.064229583153477
3474,15.651625097809081
3475,16.73428849969308
3476,22.455050966811918
3477,16.676439258825564
3478,16.14670988162461
3479,20.22205377270935
3480,11.522190774701532
3481,18.883006695125346
3482,12.385853135916731
3483,16.722110290307658
3484,13.519190533041655
3485,16.291553092082953
3486,10.479927823634313
3487,15.866278268166095
3488,16.740804551827246
3489,18.48273640641622
3490,10.275913662900418
3491,19.029589379932908
3492,17.9970662530035
3493,12.796572105780065
3494,13.380762484478936
3495,9.265550093423837
3496,13.386313558680511
3497,14.889366170761406
3498,21.527010820033922
3499,17.642319810848246
3500,12.458804233437142
3501,16.90125878768313
3502,13.81905887797329
3503,17.54516372432734
3504,14.751191822011794
3505,17.296658092946213
3506,16.048477811665283
3507,11.572189007885958
3508,17.437558923326236
3509,13.152914245659112
3510,9.537860575183782
3511,9.452725458596042
3512,13.157183276444085
3513,14.045075075975237
3514,17.033756874368628
3515,21.234679205107113
3516,14.089787043216766
3517,14.92153873792861
3518,16.34187828409719
3519,18.67096160412584
3520,11.569036120852703
3521,14.810278652091746
3522,16.745296696090826
3523,17.538293320430974
3524,16.068834400168686
3525,16.404958931371734
3526,12.75784024735305
3527,18.139817380769102
3528,12.699420401217413
3529,15.71584219618442
3530,20.26986683528657
3531,14.885916345767965
3532,14.154916843701187
3533,17.036673970758862
3534,13.806155368881015
3535,11.946272543207002
3536,18.314352294456203
3537,14.843202355020907
3538,17.460672536778617
3539,16.518452873161067
3540,14.246927484883766
3541,11.664588802564136
3542,11.783974784078458
3543,14.035356625421715
3544,10.693278778205242
3545,18.443157776402106
3546,16.92791648797586
3547,12.896372353603788
3548,18.535530771517966
3549,16.54845929121297
3550,15.382375598963097
3551,20.18777516838506
3552,17.69996609432051
3553,14.194673947552003
3554,20.423505321101313
3555,16.575820245113974
3556,16.009655210412568
3557,21.505092697514865
3558,16.045002217589282
3559,13.655236448038112
3560,14.38191895880782
3561,15.141687894187317
3562,13.5500448024515
3563,13.432087802944249
3564,18.695447521029706
3565,15.800769167703463
3566,15.403440514372956
3567,7.832872000402082
3568,14.404496109346722
3569,13.191000164328834
3570,18.132208040426132
3571,16.07178682651312
3572,14.651093505971897
3573,14.175548720050747
3574,15.125129880874276
3575,15.433521857696704
3576,14.430305434282978
3577,15.817181011347687
3578,12.662796248643964
3579,14.530954663210341
3580,5.970771303704968
3581,9.57669077520503
3582,14.012611411375957
3583,10.55532342591316
3584,13.470245327143285
3585,12.486943189084863
3586,16.461940962844928
3587,11.81387910216008
3588,14.83089498404912
3589,18.311001947091025
3590,17.838329283092207
3591,9.676877186864857
3592,18.87151647176007
3593,17.36403223231529
3594,14.976113142471888
3595,10.476276717284005
3596,16.733629546416495
3597,10.85015706836183
3598,22.3658775910428
3599,14.738486500603349
3600,16.08812769407814
3601,17.61520252314713
3602,16.69572553160597
3603,17.37201896536022
3604,19.87727882874663
3605,17.331557951721653
3606,15.07991990047849
3607,17.55997845801411
3608,22.819068225494277
3609,12.032200799371553
3610,12.241062104984032
3611,12.724019360171486
3612,12.272135773774444
3613,12.675910017711695
3614,13.680393901956975
3615,13.91141101301858
3616,13.162057935106159
3617,20.38804559444472
3618,11.844822860956777
3619,19.391521820620596
3620,9.416228405608368
3621,14.355089610773133
3622,18.150270397557403
3623,16.964248785712364
3624,9.580326007999702
3625,15.1480569992869
3626,15.186079426191311
3627,16.31382398527249
3628,13.718095148972777
3629,22.3195228752171
3630,11.49233703441535
3631,16.67174433483025
3632,15.41415471480064
3633,12.692774599049562
3634,16.260745531378383
3635,15.360204187770398
3636,16.603322275230287
3637,10.77574852032408
3638,19.08021646062597
3639,12.789048309079703
3640,11.689628659418506
3641,13.406602467401648
3642,16.083536240998974
3643,13.166677603502869
3644,18.907988894729524
3645,10.679866588397866
3646,9.69389746645902
3647,17.016806136000167
3648,15.449811797917068
3649,13.497378302856081
3650,9.850392215721705
3651,19.010728143061115
3652,17.47028180996287
3653,13.949962551515226
3654,15.448722541753636
3655,17.015647909689665
3656,15.716280431714244
3657,16.738977545604495
3658,14.041823742926939
3659,16.419574166884793
3660,11.6633574189024
3661,14.612591181925126
3662,18.350783767046522
3663,14.638476446151456
3664,21.909124004784644
3665,11.368876304059256
3666,19.088630596865187
3667,14.163232297410133
3668,12.239066638183255
3669,22.118508934759635
3670,19.882883821519094
3671,16.48746015890918
3672,17.378655432029255
3673,17.92170553353489
3674,14.837088751227135
3675,13.934421197636086
3676,15.752867100699127
3677,14.580303901681901
3678,14.56351314006303
3679,16.35881654036143
3680,17.07025128946576
3681,15.78895406340834
3682,18.66129227287757
3683,14.559077639028578
3684,14.070736798006564
3685,12.006205332375533
3686,19.398936476179674
3687,14.182980556172627
3688,11.027012810867406
3689,13.59551143730344
3690,13.900812398301166
3691,16.868236485307687
3692,16.036278325900877
3693,17.748641875187914
3694,16.60930491294156
3695,21.959642187750575
3696,18.990148281123346
3697,17.646301780614582
3698,14.789779197160788
3699,11.625405648379793
3700,9.805509534593627
3701,12.33221017409813
3702,15.972905311780968
3703,13.771574288947518
3704,18.33768464181966
3705,15.780140067357005
3706,21.128554210689884
3707,15.024729605784222
3708,17.240337347621136
3709,11.545055920869729
3710,14.752451003283667
3711,19.082992731405685
3712,17.904784664872174
3713,15.281914744817854
3714,13.95237688529743
3715,12.248046153668545
3716,22.122099508779844
3717,11.523197301375179
3718,20.073843168278266
3719,19.914019471712383
3720,13.963819522193234
3721,14.456657152836588
3722,21.077933145909885
3723,19.388939345850837
3724,16.945145205831533
3725,14.51675233245002
3726,19.537798014973696
3727,18.408979036934298
3728,19.42508595872303
3729,20.885309515455518
3730,17.291229679519194
3731,17.450577265601023
3732,21.6436154272936
3733,15.005923727146095
3734,16.807393436944416
3735,17.969303474757307
3736,13.390837617885555
3737,17.813375981568093
3738,14.193614828606153
3739,15.089537790570576
3740,12.438864793166603
3741,12.142864901943144
3742,18.440492768275718
3743,16.21301424572629
3744,12.874182619746106
3745,15.056378510570877
3746,18.511000501037866
3747,18.056572204225066
3748,12.554748760964047
3749,10.719209121197373
3750,13.085412492069484
3751,12.419549504383017
3752,11.477385319539675
3753,19.745468500644133
3754,17.246292934506407
3755,8.860565679788401
3756,16.130124625037727
3757,16.89743448784229
3758,20.696553439989685
3759,22.005523308806435
3760,21.76267234441515
3761,15.316326009204598
3762,10.950684311934358
3763,16.206878554965105
3764,12.099311021150225
3765,10.880346362494526
3766,16.50215843511943
3767,18.99324645843312
3768,15.651237663027626
3769,15.306817226760826
3770,22.23316197514486
3771,12.696794445430053
3772,10.794970797694894
3773,9.853614410882816
3774,17.893648878770122
3775,12.529585682485289
3776,16.68891967292712
3777,8.789240703176045
3778,12.822093783840037
3779,8.98256952782679
3780,12.681566832187286
3781,9.81901159076718
3782,18.331779213428547
3783,14.532895663321117
3784,18.71133139098357
3785,16.975694443936426
3786,20.76477889712533
3787,18.417176441112446
3788,14.437882615479335
3789,21.255564846734416
3790,16.956753931662202
3791,16.050850545297553
3792,10.8729569252641
3793,15.35707667571304
3794,10.129717738738687
3795,17.684273979928978
3796,17.59778848045092
3797,18.979624797923904
3798,14.839815562913587
3799,16.38330456518679
3800,12.873535341210687
3801,14.795918605333577
3802,13.320486227820345
3803,17.180756994505238
3804,8.547771987680486
3805,14.258826760246375
3806,10.33685232642992
3807,14.213536558923312
3808,9.54365309315042
3809,19.470903818666017
3810,13.194084154195131
3811,10.681326373556919
3812,14.4697293731383
3813,21.3938423753886
3814,14.596531666955132
3815,19.243441279301283
3816,20.337085623014218
3817,15.664086115537076
3818,20.265093718368867
3819,14.277927171331605
3820,20.96400954285773
3821,9.367639029165957
3822,16.639005878495514
3823,19.302110478883662
3824,15.853690398599078
3825,19.21053663297497
3826,13.741915561394901
3827,8.62000373629939
3828,18.67747504435975
3829,19.10527561504653
3830,9.963883379798311
3831,16.469486843483597
3832,14.913666565382186
3833,19.327305692975436
3834,16.472019356631932
3835,16.149544310660552
3836,15.853252594753325
3837,20.770699616597163
3838,19.764254950545666
3839,20.06603158699815
3840,19.717315127078212
3841,12.377266165937836
3842,16.73206947451315
3843,11.289073886166308
3844,14.115378773794045
3845,19.527348178740272
3846,17.30967918033683
3847,14.025513052410085
3848,17.00911337680675
3849,16.762948140119423
3850,12.041943219291753
3851,14.607012752911515
3852,11.129787481263484
3853,14.44414544480405
3854,20.456707032298723
3855,16.07341474697761
3856,11.658804868458603
3857,11.99706511398522
3858,11.851302906362752
3859,16.998447375650816
3860,13.37706326850223
3861,9.868703311239566
3862,13.91647192161552
3863,21.60996153821113
3864,19.76671255688985
3865,7.6812218074819825
3866,12.793877777249993
3867,19.757870869226252
3868,16.037105544094157
3869,16.219591109639545
3870,15.672765793226846
3871,11.756353382537089
3872,12.801212118156966
3873,16.6496177209164
3874,16.110553200316478
3875,17.704868527141
3876,14.28748280982285
3877,15.315893557083662
3878,19.61884578985438
3879,17.653140464178527
3880,9.37630080188704
3881,16.206248667429136
3882,10.788543972773375
3883,18.74812732648941
3884,17.520508994919403
3885,17.440173867594364
3886,15.025267662013992
3887,16.13117218319444
3888,15.93049449345995
3889,17.77573871889711
3890,15.197214442767375
3891,12.694384878477667
3892,18.270192868893417
3893,11.740131887638885
3894,19.976466880873108
3895,19.359696951375795
3896,14.099699563475342
3897,18.455210483159256
3898,15.604283439192338
3899,22.126482269678196
3900,10.217741129472202
3901,20.694468730858766
3902,12.215921703348865
3903,6.6931351122297045
3904,16.434114619172732
3905,12.457310395171538
3906,16.62360621670786
3907,17.626658948396468
3908,13.970013142557193
3909,10.9787647327752
3910,12.906330461819945
3911,11.683744445704232
3912,18.05111027646798
3913,14.296373088922008
3914,17.643702240902876
3915,13.82526625428954
3916,17.870094210944362
3917,11.966170912937972
3918,12.298627165038324
3919,17.529560201167353
3920,16.839339341049108
3921,15.929564748289135
3922,16.898570759029457
3923,19.450810896054
3924,12.96533823880943
3925,17.650520419255052
3926,14.654026543697372
3927,20.92701845165336
3928,19.7741762334572
3929,18.387597050148756
3930,15.51667823622912
3931,8.323264454251397
3932,14.58385716246174
3933,18.197486486655375
3934,9.951889802237757
3935,15.83577454061235
3936,19.656298065571036
3937,13.70497770019561
3938,13.674599817250938
3939,12.334717960744786
3940,13.773646299925861
3941,16.411890259248977
3942,12.30534864638776
3943,19.139575823267798
3944,10.179688933856674
3945,16.706835953010703
3946,17.948095823901593
3947,15.154428795254692
3948,16.829011911857954
3949,18.35604665858638
3950,16.130129421954084
3951,14.82060365522146
3952,13.682683354905354
3953,16.721190082205805
3954,11.527291873924177
3955,22.14847093542098
3956,19.99121149908855
3957,16.63516629110608
3958,18.127618310394148
3959,13.218604170462939
3960,21.41805567673678
3961,18.192961354615484
3962,12.357996091477103
3963,16.791406403131685
3964,15.492710711213451
3965,18.283259868425088
3966,9.834437930374676
3967,11.732151222752751
3968,17.64163948553757
3969,11.674343293027999
3970,13.58681401391699
3971,16.11093829046146
3972,13.815793325709866
3973,13.020827663991039
3974,13.483525637487618
3975,15.898795636645499
3976,18.339453092962287
3977,19.299696302861122
3978,18.97922135690624
3979,16.900566686153674
3980,16.608499118899402
3981,16.423983851091098
3982,12.39943683710254
3983,15.359764669952774
3984,12.404610736984052
3985,10.565265919960272
3986,15.387790522119
3987,20.469075739061566
3988,18.165703878917547
3989,12.686470404872283
3990,19.667391120519085
3991,12.700643877100926
3992,22.10953104261434
3993,17.766431543478163
3994,18.138058523518396
3995,12.787064837467984
3996,18.023175980595656
3997,11.707957790533463
3998,18.200525447203677
3999,15.848337114476813
4000,17.15455253848133
4001,18.189308061466363
4002,11.838714344244776
4003,10.75487739913525
4004,17.40168371302419
4005,13.18896813316848
4006,16.703652133586065
4007,15.128723766594437
4008,20.339943185995047
4009,13.296532949771196
4010,19.634186568538663
4011,17.204479549081004
4012,15.203677047937923
4013,12.975771127213491
4014,17.458920057922693
4015,9.306439388149363
4016,19.30397965028846
4017,10.982123741836293
4018,14.417519067613458
4019,16.81711250013697
4020,22.438689698343303
4021,17.605381416163183
4022,14.823751177422096
4023,14.680635820345385
4024,14.525514608277096
4025,16.323601774683013
4026,15.544021067474318
4027,12.36738030232945
4028,19.137418491709862
4029,14.105055770022176
4030,18.40928115515573
4031,11.771298088529164
4032,12.611328250933138
4033,13.230758419004939
4034,14.102844308863855
4035,15.76344427079907
4036,20.49645666422255
4037,19.133036853157346
4038,14.769726826837772
4039,15.077402246174783
4040,16.449298669128424
4041,18.20857299835638
4042,16.35080035041108
4043,16.190607799115217
4044,15.469422882929234
4045,21.88433882580324
4046,17.745324601576943
4047,14.017493073923909
4048,9.901845074854828
4049,11.216276744467393
4050,15.79980955670342
4051,14.785774089528983
4052,16.64778933202391
4053,12.54272362765161
4054,14.374943283913577
4055,21.546617708111626
4056,19.263761500164595
4057,11.804442698536377
4058,18.18612139109995
4059,14.350124795909492
4060,23.452777775064035
4061,21.335940214680072
4062,10.7529796370458
4063,13.248152337094153
4064,11.393858207370847
4065,17.38115716786809
4066,17.543159739398092
4067,20.312482539714672
4068,17.282704126849243
4069,15.762422304284398
4070,16.342273886979367
4071,18.354206414382695
4072,16.075179630868696
4073,13.975462864325614
4074,14.909293715338025
4075,15.90299859240938
4076,12.631336497022495
4077,13.757208282315702
4078,18.413956027792885
4079,10.775582522825312
4080,16.09855488082654
4081,16.442278728453722
4082,14.369051424823656
4083,17.29976554537574
4084,14.447792505134172
4085,6.544962705955321
4086,13.684430516732782
4087,11.494174616969264
4088,14.421448210549176
4089,14.473654000116651
4090,10.881918231019275
4091,18.223093119223574
4092,13.220250954560838
4093,17.810548635355303
4094,17.531571137326587
4095,15.805945607901123
4096,17.38091974345628
4097,16.756971716334053
4098,14.628922744461516
4099,13.72509363867016
4100,7.776554434565403
4101,14.324631891614583
4102,16.73518170714905
4103,13.342399741350466
4104,16.262190376570974
4105,13.537305182240193
4106,18.386333602354615
4107,18.634539835211786
4108,12.605257054129131
4109,17.0764295943185
4110,21.319631738289267
4111,12.758563192908003
4112,25.24844939238731
4113,16.436379611150134
4114,9.130899698775188
4115,7.349073593133632
4116,10.85864429061483
4117,13.56112735309601
4118,9.992948845238658
4119,11.251302794593672
4120,14.786707310759219
4121,13.126963478422132
4122,12.51787033178157
4123,16.229558754211208
4124,15.675004565667363
4125,10.041322010493754
4126,19.703109651832825
4127,17.992252768832838
4128,18.792889399928207
4129,15.021309033227263
4130,14.903814023209943
4131,17.305856057366988
4132,11.73833284834355
4133,13.347496418641674
4134,17.307275170793474
4135,16.877330793789493
4136,14.32866417118533
4137,11.847137178964239
4138,15.671572151142186
4139,12.903182088654763
4140,10.614639587609744
4141,17.29227171133552
4142,15.565293599662386
4143,19.271722949587403
4144,12.8719339579217
4145,17.176310724764416
4146,15.709897120657182
4147,17.40344852880613
4148,14.748364627213208
4149,19.34336518482118
4150,11.367227269058734
4151,14.264024032839046
4152,14.365839379141404
4153,20.871124788149515
4154,16.748220974520784
4155,11.432948248207195
4156,12.196095729403917
4157,17.61750085236823
4158,11.655889039519082
4159,7.964374919381738
4160,8.85379521803019
4161,12.395928447514422
4162,15.041339120601403
4163,10.954001874240443
4164,12.137688033736017
4165,12.855797017283688
4166,19.263703718394325
4167,7.4117804499806965
4168,14.522384715372333
4169,15.676787182843174
4170,15.692470567391208
4171,13.543939069957439
4172,15.244342333730499
4173,14.82308724654627
4174,12.580178031999594
4175,12.142576962854248
4176,12.511158300727018
4177,16.77109308805757
4178,16.986965999956464
4179,11.543843739976191
4180,14.072328421060357
4181,16.25148984370804
4182,18.278696049837354
4183,16.296831278072077
4184,20.977396815377247
4185,11.96967202124824
4186,23.29772212791183
4187,13.919077628220247
4188,11.352077913262681
4189,15.850301327739496
4190,17.006564534765452
4191,19.79551287525074
4192,8.765487622761396
4193,13.06468069934942
4194,18.388727461171534
4195,15.475555047187086
4196,17.377712317514206
4197,14.676538760249905
4198,12.670332665629441
4199,11.438129285111408
4200,16.939771327096732
4201,14.053854578828176
4202,18.074015556076926
4203,18.88915943393129
4204,17.005913823997112
4205,15.275254697188808
4206,17.01642881679334
4207,15.369564586704895
4208,11.335222999578397
4209,11.007391224919035
4210,19.842990221732915
4211,19.91179028502821
4212,15.946129256720095
4213,9.457129838707317
4214,13.788538185457718
4215,14.630724025041369
4216,16.463949615895068
4217,19.683849544851967
4218,14.856106452803001
4219,15.458520687601627
4220,15.059193483676477
4221,16.876270110001773
4222,8.85676463695934
4223,17.793200268100385
4224,18.725780135313677
4225,15.428042405232539
4226,17.888986691101895
4227,14.618007621316758
4228,13.349669907351046
4229,14.868180985143047
4230,18.530843419628532
4231,12.03944748166725
4232,16.893877564025015
4233,17.058240115071758
4234,15.032267143373986
4235,17.229525204442346
4236,9.698831319149978
4237,16.48417386010086
4238,21.39385798847269
4239,13.824243584323863
4240,15.000890088278608
4241,13.6883734429282
4242,13.426643017697579
4243,15.458391648464257
4244,14.811771006763387
4245,13.671730777135686
4246,17.349077378396224
4247,12.013642919584985
4248,16.265256028707498
4249,11.767997165121503
4250,20.527390047069257
4251,14.653483293248488
4252,15.737256746458684
4253,12.285993129531573
4254,20.3810006765381
4255,14.26509099353515
4256,12.849771218316063
4257,19.578352122324137
4258,13.445337847066998
4259,14.285543724057675
4260,16.344461826053614
4261,15.902647394898072
4262,14.88354231114848
4263,16.570794406509552
4264,15.655242926596495
4265,9.08004255629492
4266,17.42489658904351
4267,12.358422173492244
4268,13.300778899848687
4269,20.68472604852807
4270,16.235405342215767
4271,20.323246945888865
4272,20.046875500875682
4273,16.63763123645256
4274,20.00488879597853
4275,14.033773175691694
4276,14.205718762342809
4277,16.664413815746286
4278,14.439664511594495
4279,12.933046182754596
4280,12.761713592458683
4281,15.37274199985459
4282,15.674767250350417
4283,19.805249684371333
4284,15.311323996637913
4285,14.100237772043448
4286,8.965877414178358
4287,11.376276342040896
4288,10.902638112509889
4289,16.84807755441156
4290,16.849461120588433
4291,15.65228829920126
4292,15.991313309281717
4293,13.884332638322004
4294,13.2348579931496
4295,13.297697460582505
4296,18.34026182168534
4297,22.210310903303807
4298,14.477473362388583
4299,17.05867047434752
4300,26.37002935641046
4301,12.749197915394872
4302,12.680154543138997
4303,15.560901240167226
4304,17.252885749869936
4305,13.686954430966065
4306,17.136970498694993
4307,18.16525509017102
4308,15.602578936235746
4309,21.48262968223908
4310,16.27789380431681
4311,13.958241643056876
4312,18.480696975507424
4313,18.940674113667583
4314,17.667313692404967
4315,21.25230228555108
4316,18.039461423440933
4317,13.969745256297974
4318,17.328097548136
4319,13.233857085638913
4320,14.612767790968501
4321,14.550733549748053
4322,14.284915245399246
4323,20.640028265139108
4324,8.72335785606464
4325,14.74101066946807
4326,15.944512142072952
4327,17.67598973118524
4328,15.888746817048462
4329,14.269900513940843
4330,19.49228538351931
4331,9.942185289541946
4332,16.093265413612464
4333,16.51402847965686
4334,9.594655431335994
4335,16.550191342228747
4336,14.34520326927659
4337,17.698288112410296
4338,18.46551836833066
4339,18.733291629003073
4340,15.997431694022795
4341,11.79043594291159
4342,16.060127343820955
4343,13.28234701620573
4344,12.475713960304635
4345,12.592140619078267
4346,17.588642836892856
4347,16.892901750701657
4348,20.065953164278987
4349,15.342298569424148
4350,13.595449776372602
4351,15.290726470914324
4352,15.451163905729198
4353,14.483847920497452
4354,11.977678011875627
4355,12.939893603481398
4356,11.538466886011935
4357,11.165026173489714
4358,13.00573456400625
4359,13.909654561239655
4360,14.747978880831344
4361,13.425203306624582
4362,19.99892425526317
4363,11.774081656464631
4364,10.44340685448697
4365,16.146257653004238
4366,17.41926148847195
4367,15.750076088026526
4368,14.54116456463877
4369,18.048342714100755
4370,22.310735539090203
4371,14.52278559015213
4372,19.692879900952615
4373,9.142082477211577
4374,14.45773770929155
4375,13.256757437453823
4376,14.069178007743366
4377,20.62457991715152
4378,20.030598305953976
4379,15.576674018878379
4380,13.560193854668752
4381,10.141407024815772
4382,12.094231881329897
4383,19.360799450373715
4384,15.143146890894528
4385,10.879483858692637
4386,11.625706730096931
4387,17.345746245189588
4388,10.501328345695995
4389,20.61813042194956
4390,18.328691184937316
4391,8.695159314111006
4392,16.38695941267644
4393,18.071486719403737
4394,16.225785616205528
4395,18.463004516217282
4396,12.481404607472427
4397,14.915225124096127
4398,14.46109211818973
4399,17.362622090163526
4400,14.43058139217559
4401,20.336525799216833
4402,12.307205311231357
4403,11.868916634710722
4404,17.195204549063046
4405,17.21196886127648
4406,18.06415776584639
4407,17.68289829495502
4408,19.54304307749438
4409,15.962141589400897
4410,23.220857611057735
4411,12.476163998348461
4412,16.747088153376563
4413,19.36501797334306
4414,14.108415496699832
4415,13.838830448888373
4416,12.529161932218143
4417,17.446303372679722
4418,13.19779584594194
4419,9.398648521120037
4420,15.705640078997423
4421,13.901041977308008
4422,12.957356743579357
4423,18.837700799057828
4424,8.568111853152068
4425,20.336885195307815
4426,12.064842786462393
4427,17.643675550433077
4428,14.263362234831753
4429,16.447214568870077
4430,12.241351896481985
4431,14.909219650021672
4432,18.330949860550337
4433,17.542448541289726
4434,18.291369831149837
4435,13.806000719128988
4436,13.512834378834384
4437,21.163980081084613
4438,20.497447094584892
4439,11.09231841121208
4440,14.757149449956266
4441,19.907575766704134
4442,13.490406364420252
4443,16.209737415421174
4444,14.711459532310986
4445,16.321315149676316
4446,13.337917235815942
4447,16.90046067012856
4448,16.490793684977703
4449,15.328155122971594
4450,10.691316854276014
4451,14.574863916686764
4452,11.013858028550807
4453,13.544639587392371
4454,11.76586050612713
4455,14.798385207124884
4456,21.177907717327443
4457,14.870493880470054
4458,11.662235815340354
4459,12.39717371393288
4460,8.552061430646809
4461,14.851782199745628
4462,8.996640424953306
4463,16.881539503293208
4464,13.287853045687907
4465,18.428135923603563
4466,18.408611841755693
4467,20.636182772582657
4468,17.528492692906205
4469,19.306019192391293
4470,17.718896182090973
4471,19.109376362079196
4472,13.19360321487102
4473,17.571130961023297
4474,12.38850255358949
4475,14.335306752065812
4476,18.20331054157231
4477,22.48951209326112
4478,11.748130207196219
4479,7.8400089949598435
4480,20.78741758250198
4481,12.532807020681293
4482,13.689653536242487
4483,13.381032920959806
4484,12.672734389995044
4485,13.00115301626726
4486,12.416555487401038
4487,15.017869539306853
4488,16.462419817747772
4489,14.241531335413265
4490,18.787997432405383
4491,20.799238838188526
4492,16.21294698194254
4493,17.24837405777527
4494,13.827895536238689
4495,12.242762956126601
4496,13.728282121716624
4497,12.432094498611313
4498,16.679282249876128
4499,18.673482570670114
4500,13.14189330030105
4501,13.796546820035271
4502,13.60568806436082
4503,12.766227956898067
4504,16.856922743249356
4505,17.9985752383487
4506,18.345644014639525
4507,12.91462794112951
4508,16.38525261355788
4509,18.801988685722904
4510,20.279943090348674
4511,12.140492912006549
4512,18.004374393467543
4513,20.367357871297205
4514,15.967367454238486
4515,10.402908870657978
4516,14.107773165434207
4517,17.02279088337379
4518,17.769228490976378
4519,16.658053918637012
4520,17.512729410772035
4521,14.269837862858836
4522,13.580739036001175
4523,16.219410065357515
4524,16.824840772409292
4525,18.040520807598057
4526,13.13272289251644
4527,20.737493460506037
4528,19.86444090462323
4529,15.732683464096322
4530,14.512499739646234
4531,16.208433140984262
4532,10.86330912680521
4533,19.738203325964783
4534,16.611949106645366
4535,17.05113556131434
4536,10.722122119806642
4537,9.154242410366958
4538,17.632390696226338
4539,23.56416748280522
4540,14.59219069781961
4541,15.548679283953756
4542,19.474044667328954
4543,10.381001550205479
4544,15.346340391271227
4545,14.17269133375696
4546,9.78702647867985
4547,14.51468067873911
4548,15.147450777355003
4549,13.317220554584761
4550,18.11931429162139
4551,16.725881132432153
4552,9.897149103613932
4553,18.58763398308754
4554,16.527486352539498
4555,17.733812012168244
4556,9.730771853748662
4557,13.433374119656984
4558,11.900899157730262
4559,11.538643537998142
4560,20.736154003125357
4561,8.29592139167297
4562,10.380910315573495
4563,15.695956808604947
4564,14.969658353054937
4565,15.286416001169105
4566,19.181073367321783
4567,18.407208238334615
4568,11.749750803695603
4569,13.242861889804828
4570,17.51355367549003
4571,13.232842888766513
4572,16.790440212934108
4573,17.27798964005345
4574,15.550420720078797
4575,11.993272531205163
4576,20.999575893467952
4577,14.912758807466707
4578,11.478908932243794
4579,15.946285582162158
4580,14.637519480649505
4581,16.99475448294017
4582,20.20733058059176
4583,14.759902046999414
4584,10.27870202124915
4585,9.7787177173259
4586,12.497467791330909
4587,8.677306994437009
4588,13.060241797875708
4589,10.01490998303916
4590,9.52761227846224
4591,15.101155725724514
4592,16.631011836483836
4593,18.9195923321505
4594,19.400670737516243
4595,16.837951914285014
4596,13.616697174241208
4597,15.063066646844458
4598,18.699160436628322
4599,17.921632644987405
4600,13.84087335627416
4601,18.234869735016787
4602,13.175956728435942
4603,14.302621787920431
4604,9.175079066809534
4605,14.291062708234556
4606,16.125723397524514
4607,16.52487253075785
4608,18.674366930832992
4609,17.662684975377992
4610,7.246163080900855
4611,13.680697609488886
4612,10.673938079751643
4613,18.465230641418383
4614,10.161391117196787
4615,19.381433971987367
4616,17.376948929820898
4617,13.980255351619896
4618,22.53023961362451
4619,17.96702310240182
4620,21.512384744235185
4621,10.09121975196992
4622,19.932476399369293
4623,16.316432464335445
4624,19.11143018931663
4625,14.35459474324735
4626,15.593220180662952
4627,13.626141215211474
4628,18.446180369349413
4629,15.62212293820285
4630,21.302358120941577
4631,16.38690200623261
4632,16.50922327576878
4633,9.63057029420787
4634,21.244153271945688
4635,19.29750183431384
4636,16.125072786802107
4637,12.89526167828447
4638,14.134230646670181
4639,16.74616112400929
4640,14.016780015016193
4641,10.252935804862249
4642,16.5484411557317
4643,13.087926045495294
4644,10.20346115488014
4645,14.301507114981
4646,7.311528463217321
4647,18.353025525355342
4648,18.813649854941744
4649,13.932104632747583
4650,15.025181478230056
4651,9.021097908083794
4652,12.566875234675532
4653,10.045970880146093
4654,12.903777478723601
4655,17.05196596009357
4656,18.81277780416115
4657,16.844877137949336
4658,9.344861391521746
4659,19.213391753777337
4660,10.017928859190047
4661,13.26165123411418
4662,12.061426324878642
4663,13.067813022774816
4664,11.996438524273634
4665,11.179208322131892
4666,12.653282798251379
4667,13.124295222583168
4668,19.02430921513455
4669,19.94779960652969
4670,12.841493208347407
4671,18.29363666944603
4672,20.475484429601615
4673,13.299083637502507
4674,19.515007493081075
4675,18.78320983558733
4676,14.965424238032025
4677,18.38212373043125
4678,14.74285415859902
4679,8.062499770645223
4680,15.495239547625397
4681,15.161455176170982
4682,16.3351597382774
4683,13.460187169726126
4684,14.636188492200427
4685,13.193410847820687
4686,18.282581234785834
4687,16.220822718965504
4688,15.337677096034799
4689,18.095649705696736
4690,19.930935920635992
4691,11.191248813427809
4692,10.59704569313941
4693,11.021340337846885
4694,12.010462647297661
4695,17.54901599105999
4696,17.793939551879426
4697,16.1285270080961
4698,21.614167817941656
4699,14.897837495326938
4700,10.733444070340894
4701,16.647221969379228
4702,18.28981956013327
4703,14.774517885091791
4704,15.579553216249757
4705,13.651824319742758
4706,9.432516390433076
4707,18.375147193043254
4708,18.158973017501552
4709,12.786343224697656
4710,16.897178644042974
4711,14.236404173022734
4712,14.839958150196637
4713,16.458237425618506
4714,21.950539211186555
4715,13.045867717737579
4716,17.45531295676615
4717,13.056030519868084
4718,16.461645397293157
4719,13.000229106789059
4720,12.438237660884973
4721,14.108187932412283
4722,16.936452837341786
4723,13.351498811384005
4724,16.47443028501634
4725,14.32191589757353
4726,11.358090573705882
4727,15.346182820773178
4728,14.883556062216632
4729,15.757437110245434
4730,14.921631232084115
4731,12.637519718666251
4732,15.19229854222111
4733,20.478429499703225
4734,10.081119568410465
4735,12.206553766554997
4736,17.400588722894405
4737,16.52226079662988
4738,17.57695382944298
4739,21.481659560693178
4740,18.30372338901803
4741,17.775334011737115
4742,16.116117592950673
4743,18.057788974747176
4744,12.78750360450831
4745,20.261170205165836
4746,14.054204850354182
4747,10.301291359941132
4748,14.07116445460911
4749,19.606566929610942
4750,18.876965883589705
4751,12.751997798522325
4752,16.572073469874375
4753,15.91684688923879
4754,13.545777419452934
4755,12.62819532009332
4756,17.930035359327245
4757,18.132197577657493
4758,14.799305132078374
4759,12.15889992687169
4760,11.145786013595549
4761,16.566276038944494
4762,16.060010157204587
4763,16.70059039120697
4764,19.625041625461023
4765,14.920927754183674
4766,14.851280263718435
4767,18.04216697964505
4768,15.783685709693753
4769,12.142940262785993
4770,15.077121395924486
4771,16.733161414261765
4772,12.751093760896492
4773,20.40726709370683
4774,11.338211316982996
4775,21.016914722540445
4776,14.984628359563086
4777,14.99725849511537
4778,16.043717624714265
4779,17.87377838710298
4780,18.58989351606739
4781,17.49743634707765
4782,12.870005676795442
4783,7.827090889297221
4784,14.955030132534102
4785,16.37669410598187
4786,15.798106871334003
4787,13.742624721603288
4788,17.87545546220205
4789,19.178524455052834
4790,8.901988405095771
4791,10.915234189975418
4792,19.744940782637848
4793,13.185743633720806
4794,16.40059936560752
4795,14.54027375938224
4796,12.832791696295475
4797,16.56882845506137
4798,14.43530065773877
4799,17.191644843817695
4800,14.398482969407022
4801,12.786040892332295
4802,12.296188120097609
4803,16.35268381070184
4804,14.262159998240332
4805,21.21321567394437
4806,14.95275698633792
4807,17.984146036926592
4808,15.991746805224391
4809,19.070957576405387
4810,15.276682199696303
4811,14.20922646305981
4812,21.773582283835793
4813,13.217616074947063
4814,22.27464366812321
4815,17.04975521884886
4816,15.422408569066345
4817,13.648190798850996
4818,8.382937218600278
4819,15.542393919129225
4820,17.142907053411378
4821,14.627831273334857
4822,19.947251095530756
4823,14.334254492140543
4824,14.966957447932224
4825,20.060680397295005
4826,10.381475807421216
4827,16.690894536614977
4828,18.24278344563634
4829,18.24641432022993
4830,15.765468129365312
4831,18.99053912768627
4832,15.061056395397372
4833,12.407745985439762
4834,18.9992416196647
4835,18.637486222676685
4836,15.126267615526704
4837,10.542193010821823
4838,9.506402469845142
4839,21.286071166983707
4840,10.212968975183147
4841,17.841339503801166
4842,16.562376850278334
4843,19.316599136289874
4844,12.663874903870362
4845,21.04140881975871
4846,13.421215617169405
4847,13.280051667553538
4848,11.760601092946722
4849,17.903383305242283
4850,21.458164880316204
4851,14.118261363672916
4852,22.336358063749437
4853,16.498590988142993
4854,12.33218704743909
4855,14.059900675148002
4856,11.190657236835225
4857,11.86099942063021
4858,17.213477032573742
4859,16.017959480475696
4860,12.208862613598232
4861,13.68723113413662
4862,17.689661941732844
4863,14.524003984363794
4864,12.475821632938729
4865,13.979322658831883
4866,9.191364401210283
4867,13.430046148651275
4868,13.63305919004112
4869,16.174296739536167
4870,14.339191332629893
4871,22.799608672292702
4872,16.3713001263501
4873,14.000313587789252
4874,16.392868804356908
4875,10.908106372838414
4876,18.815315004603722
4877,12.882805794740738
4878,18.161924037675693
4879,15.54003089147119
4880,18.048189393293214
4881,18.147389822950586
4882,12.623427118868443
4883,13.28061026016696
4884,13.812358991919622
4885,14.20340403289449
4886,16.889961554354887
4887,18.212879328352958
4888,20.69369143961029
4889,10.972041852251502
4890,17.372575792850746
4891,10.823240225846217
4892,18.434391454166523
4893,14.949305053941565
4894,14.643703416988492
4895,13.363024706946632
4896,17.79811981743612
4897,15.307722105562497
4898,12.85447552851902
4899,15.096446466458488
4900,17.96107127794197
4901,19.485562307000635
4902,15.455218333358559
4903,18.555089609700644
4904,13.291973493501793
4905,14.407509282622623
4906,13.592844216012676
4907,14.184809811733134
4908,12.052632646547153
4909,15.817958058193877
4910,20.55621699510255
4911,11.59969188393903
4912,15.025637107064535
4913,12.67106202162638
4914,8.80235470262424
4915,15.996769475298706
4916,15.051163952973448
4917,16.154147485884756
4918,12.909583498211802
4919,15.384112115555833
4920,12.950719078398134
4921,21.14568173627526
4922,16.78932193001098
4923,14.48050103009376
4924,15.777607678305051
4925,14.765111689415289
4926,15.003359299492569
4927,16.74136043698325
4928,14.67892147549695
4929,16.945588496146424
4930,16.77638456063817
4931,16.119641542867065
4932,10.112079876165305
4933,9.08962696606931
4934,15.524948886984232
4935,10.211389706188399
4936,17.17858668275658
4937,16.553231915699666
4938,17.262680872453434
4939,21.873717667620106
4940,25.882006968735535
4941,12.694759358523646
4942,13.013470305129351
4943,14.298749460335634
4944,17.510170998838202
4945,15.065251975233794
4946,14.54074108681235
4947,16.58041554395251
4948,16.854905159176504
4949,11.123169885287433
4950,18.69482001407497
4951,20.81172569863501
4952,13.990914492309946
4953,24.687131796643122
4954,18.065921792277695
4955,17.19001359976495
4956,11.45594356658091
4957,16.005914350186984
4958,17.064318802201626
4959,13.761668320329008
4960,20.696623701186297
4961,18.8362627769199
4962,15.654640803199333
4963,18.616423770916906
4964,11.56773558252602
4965,16.607156161359043
4966,16.383850781111008
4967,18.444209814101303
4968,19.67587234573501
4969,16.120118134345613
4970,17.242008904610724
4971,13.424537663667836
4972,20.0670910691616
4973,11.707997829296435
4974,13.843078211009583
4975,13.800389050096708
4976,15.700055612973648
4977,11.641524406868562
4978,17.6819629533701
4979,17.796830428462155
4980,16.67572152903894
4981,18.587329790415733
4982,21.184408875237377
4983,18.416685024539795
4984,19.175209064724527
4985,15.61146475990752
4986,15.724415906908186
4987,9.094560417447141
4988,17.815083587698517
4989,11.894411391365399
4990,12.819401073614813
4991,14.70855217535354
4992,11.114386332197569
4993,19.887294916687516
4994,14.905957688641438
4995,17.305519735159034
4996,16.05552620875399
4997,12.565548604872983
4998,10.829786800975015
4999,13.080813175907892
5000,21.971060705465376
5001,17.122948590548464
5002,12.25119346300653
5003,10.315994263055211
5004,17.326799811183022
5005,13.975393001452987
5006,21.55288738936372
5007,17.45209845995685
5008,13.844536001485487
5009,11.08900311313207
5010,13.07619901688824
5011,21.31445563515865
5012,16.45102332299617
5013,20.329379692107715
5014,15.67316379529382
5015,18.108322653818615
5016,17.522583177351223
5017,17.13544122117073
5018,16.383252460124293
5019,15.418010582316153
5020,15.18676791376612
5021,18.15265702014553
5022,16.07764665277808
5023,17.564240951113504
5024,15.07588405102321
5025,13.146060538207752
5026,16.089130479429368
5027,20.82567283585269
5028,13.3757697356897
5029,16.79111015443377
5030,9.385936766119293
5031,17.325015295093582
5032,10.526900769803333
5033,17.107153968525644
5034,11.002927310671582
5035,19.383795853105994
5036,20.11492878602542
5037,16.278057335624567
5038,13.19541833341991
5039,10.101889622061265
5040,15.289403697362156
5041,20.772351026430606
5042,11.054380059148084
5043,9.459128604473864
5044,16.22650594775994
5045,12.601142459120673
5046,11.83066169415294
5047,16.990895852927984
5048,15.361609264781064
5049,17.052817589094992
5050,10.161253662437264
5051,14.914559394003795
5052,15.89738252099639
5053,15.329254546182883
5054,18.552536611740138
5055,18.37328175561024
5056,14.277646793831654
5057,14.803949360237903
5058,15.32260776799587
5059,15.513523455213253
5060,16.214872618296013
5061,14.061799257017174
5062,11.716535475631451
5063,14.63877158432397
5064,12.869820357918526
5065,18.730378980240534
5066,18.774862600061244
5067,19.34753996824763
5068,13.937803476214624
5069,16.515376750035202
5070,21.431133593832943
5071,17.994052353273297
5072,17.891063991282493
5073,17.90935476282898
5074,11.78978003239887
5075,11.929305952630003
5076,18.18561900492963
5077,11.175889547815165
5078,10.899785696386035
5079,15.592087848222322
5080,12.643779586563426
5081,13.151601298000784
5082,11.271884682244448
5083,17.387828634804983
5084,13.396644468808956
5085,16.600985996314527
5086,16.19184559167051
5087,17.56812557173657
5088,17.958586617699023
5089,16.201695600531597
5090,11.747281373165388
5091,20.769699531736556
5092,13.928542426436712
5093,16.1140657015209
5094,12.698579278076426
5095,15.084053489591813
5096,13.630844627812097
5097,20.44206390007644
5098,14.730800448827774
5099,11.822888647523737
5100,17.607065645354393
5101,18.463710000014494
5102,16.563411608963932
5103,16.310893333010533
5104,14.585982697864742
5105,12.102253875146186
5106,15.842209289625085
5107,17.58575581143856
5108,5.7321971764906525
5109,14.186829556692494
5110,19.580550172830623
5111,23.073206678435263
5112,14.0753924499861
5113,11.8159051682779
5114,15.34254386823612
5115,19.10414077822516
5116,13.178864311697916
5117,21.129515938493462
5118,16.4632393889134
5119,10.324084971021593
5120,18.78653830122705
5121,13.377678797323448
5122,15.870213911239158
5123,16.11893690859059
5124,21.16936887418204
5125,18.80151710899211
5126,16.90441263634247
5127,16.285873346314077
5128,16.252009128294212
5129,19.959770493404772
5130,17.12182856377333
5131,14.396427462417225
5132,18.983321533611466
5133,16.673586821944557
5134,10.408706141863162
5135,16.292964386025687
5136,16.234002614086968
5137,17.98351037092646
5138,14.275563475818949
5139,20.21383844559609
5140,14.653320786169179
5141,13.283010022383856
5142,7.025920133316138
5143,17.110627367398077
5144,17.313441003273365
5145,13.102231219712749
5146,17.97059096640462
5147,15.06224516582846
5148,16.074064646877346
5149,16.277353736254696
5150,16.13610146987617
5151,17.73476637657494
5152,16.885814379372363
5153,13.15610863500116
5154,13.49117272877776
5155,16.898201545873732
5156,17.46185553303883
5157,15.289313911328014
5158,18.636273509923537
5159,22.485531258340323
5160,13.258599400838934
5161,15.401268895516514
5162,24.482885112518133
5163,16.3823621976777
5164,10.673398407701427
5165,15.09006455153845
5166,20.78429888396749
5167,11.24831257498165
5168,13.141261081991418
5169,16.920765250099087
5170,15.96028657484785
5171,12.994866364599115
5172,16.04932334491081
5173,10.509926914260234
5174,12.762631096098687
5175,14.158333151488334
5176,15.961248227139832
5177,16.252267384391548
5178,14.955743491882767
5179,18.80587862199082
5180,13.039430875662063
5181,10.854597788832063
5182,18.068241141274346
5183,13.475764833522145
5184,17.44052367826966
5185,17.45390624727167
5186,12.49695276460902
5187,14.712587104330028
5188,19.05008460989887
5189,15.272496521020352
5190,17.56976751683256
5191,15.746754152472276
5192,12.915185723678457
5193,16.57360670375466
5194,14.352385471239682
5195,18.42753836268877
5196,17.544322548439485
5197,17.02317983849277
5198,15.211503715336987
5199,13.770005205613932
5200,13.981391114684172
5201,15.42387160529746
5202,17.016115150105183
5203,18.11013294397576
5204,12.10055047768905
5205,21.19267047123178
5206,14.464947288253462
5207,17.309272575589926
5208,13.995198682218955
5209,12.881548491899126
5210,9.52393651505953
5211,20.876778806270572
5212,16.999621084610663
5213,16.848164580872286
5214,13.509210088071672
5215,19.235267750279263
5216,10.384262725750212
5217,17.32259033687426
5218,15.17452590149155
5219,16.881174478228907
5220,14.722185198792175
5221,19.96810668481031
5222,19.233153505727476
5223,22.688348465631854
5224,19.4980500560193
5225,17.951291363919296
5226,13.661477174281982
5227,14.080077163376561
5228,12.876546626452157
5229,16.295530679020843
5230,10.411589224836856
5231,16.10460451122085
5232,23.933782434672256
5233,19.798401595252393
5234,10.380560473260301
5235,19.40206727158091
5236,16.084459975870466
5237,20.030734745176154
5238,10.15622203246317
5239,18.895226212427737
5240,7.90748983308697
5241,19.92909605753951
5242,14.661153763061959
5243,14.096534250360914
5244,15.106029262829344
5245,12.148524213294579
5246,14.914501613067772
5247,16.008576349760578
5248,21.430625394830454
5249,16.223275244167827
5250,17.941808625870095
5251,14.281172684619465
5252,17.689849579116697
5253,9.174273043085526
5254,14.054841523106052
5255,13.96994006194951
5256,13.63194965407557
5257,15.74452365254027
5258,13.931581624489322
5259,16.62265321373304
5260,14.309384162699065
5261,19.818928683836674
5262,11.070879053722887
5263,18.63739327902905
5264,15.495807869259286
5265,20.735755525902306
5266,14.96913985329835
5267,9.954750331251244
5268,15.774835552260448
5269,13.294200846398589
5270,11.756722969804908
5271,15.053183649814295
5272,15.91376193182652
5273,17.30540045449206
5274,16.18011915072067
5275,15.702451667046716
5276,15.530474052590074
5277,9.983144963498034
5278,10.190367062723432
5279,12.391827549046386
5280,14.178496018696778
5281,11.713692207863318
5282,14.466885430736552
5283,10.711823617886301
5284,14.32500811488452
5285,10.087723571384156
5286,12.50816632774552
5287,14.370486912415672
5288,12.749629889501758
5289,13.72208785687833
5290,18.72059159804988
5291,20.86404296430333
5292,10.690375766376285
5293,12.566564392304304
5294,17.021347945304612
5295,17.21131969728591
5296,12.575766888204267
5297,10.531280248980678
5298,15.697156154077124
5299,14.399744595762309
5300,14.045269482810127
5301,14.747024721386806
5302,10.527501843124405
5303,14.38089183439156
5304,15.976218470615946
5305,12.76084074186378
5306,17.849391184284052
5307,15.958972904585492
5308,17.658394029534335
5309,15.72416695045626
5310,14.31989150528123
5311,17.978334275349674
5312,14.727759101608399
5313,12.339570991007168
5314,12.862659384302614
5315,16.413233725663847
5316,15.855187610265034
5317,14.280802923914672
5318,15.592746526921086
5319,16.8220120758862
5320,10.666693391161687
5321,16.245215112712977
5322,12.04066314282534
5323,17.640045905338233
5324,13.870956345139124
5325,17.2703124580163
5326,21.75397164854798
5327,20.752636649580637
5328,17.276800045056802
5329,17.01239655627832
5330,17.368004165876783
5331,17.838443702002383
5332,18.578314661680896
5333,16.679035372730358
5334,13.235096160241005
5335,16.667514393553255
5336,15.01842157039574
5337,7.649554005298922
5338,14.913875173265929
5339,11.06345660115022
5340,12.962844463634916
5341,10.007974677373523
5342,13.019918972293302
5343,17.95764473727433
5344,17.944162609674063
5345,17.26326824794806
5346,13.797498273935817
5347,15.842656230247647
5348,18.85526313820343
5349,13.561965506521776
5350,15.324732191481292
5351,17.212964435515772
5352,15.626417397198505
5353,19.594829043988504
5354,13.874224659621536
5355,15.35285363030582
5356,13.075118376434705
5357,19.000682138193753
5358,9.029515728454149
5359,12.689676485528834
5360,17.722144249454136
5361,15.03200091430941
5362,14.136734590102321
5363,14.712895134774548
5364,14.931025240850303
5365,12.321130926722493
5366,17.901416185170582
5367,12.214498721499954
5368,15.70448218641346
5369,12.786251442394189
5370,19.174185882388947
5371,12.164244438648595
5372,18.13045681229705
5373,15.454300360763176
5374,19.95432043231489
5375,14.891721803217614
5376,17.514811280574794
5377,12.992641038489351
5378,11.036655718477167
5379,22.312941779661827
5380,13.707759656489209
5381,11.855284230351199
5382,16.208090692960095
5383,22.6670361626256
5384,18.600153481831306
5385,14.971398345735796
5386,10.237901132910986
5387,24.072764087400685
5388,18.514488096980543
5389,12.788937066749845
5390,22.23796936670719
5391,16.706868181955194
5392,12.853888674535456
5393,15.258874043947191
5394,11.543980056742505
5395,20.59285679985895
5396,12.232834787862648
5397,16.58026090183569
5398,14.29649349852482
5399,16.729277434735124
5400,12.1748623219137
5401,18.56584272674634
5402,14.418585058303867
5403,14.943146626446353
5404,17.289960538141333
5405,19.6514447712811
5406,15.072962901919112
5407,13.446098564322256
5408,17.33217278433718
5409,16.450078624835506
5410,12.292574053680251
5411,17.350054104229322
5412,15.363099784218102
5413,9.931542288829426
5414,16.22251796525631
5415,21.409897477506956
5416,19.657518741165266
5417,17.62087270048042
5418,15.319025612284376
5419,9.8572886871097
5420,18.145483631683277
5421,12.478323921488268
5422,15.40847893203806
5423,22.056182908339174
5424,12.774218402858516
5425,18.905759904092644
5426,14.595536949476813
5427,15.820559818418989
5428,14.642872914362908
5429,15.1003509942662
5430,17.81319049650932
5431,20.675357729647896
5432,14.910640198163978
5433,16.170440668101833
5434,15.580090749710198
5435,15.15134234373594
5436,13.606336944217611
5437,16.271963775848466
5438,19.030277226913274
5439,11.371109098194795
5440,17.987925046432856
5441,16.68444278366801
5442,17.139329089921908
5443,12.679053327760164
5444,9.992929937496807
5445,15.8757452720276
5446,16.866116143151682
5447,15.458665401894944
5448,15.740238462015911
5449,16.205931953079524
5450,19.82210760290831
5451,17.695111126302862
5452,16.292055857926833
5453,18.25116501269811
5454,19.35975737833227
5455,17.858778302251643
5456,17.94061077792711
5457,15.432286580421195
5458,13.412178177786851
5459,15.674876813721545
5460,14.57340324042891
5461,14.49580605579951
5462,12.172829536315309
5463,17.17812125456595
5464,19.28006839113643
5465,25.344201449926913
5466,13.51739311218013
5467,13.133620524876067
5468,15.093869160727063
5469,14.012104553334105
5470,21.564955954946985
5471,14.24553619471902
5472,17.270240554874093
5473,15.512501342054257
5474,15.520055176593951
5475,18.714889673250397
5476,16.00467956344126
5477,16.297853653351684
5478,18.51343092861506
5479,19.29368941928843
5480,15.363505041678899
5481,18.61342813195286
5482,18.632195197255154
5483,10.56876574842265
5484,11.41119696607379
5485,15.554583877887893
5486,13.492186855610182
5487,12.97626542582243
5488,19.52927057426001
5489,12.843155322770038
5490,17.96804062757182
5491,13.231231608103528
5492,16.1175966717188
5493,15.29364121350414
5494,16.06127573695443
5495,9.299302065903266
5496,16.587100206859816
5497,20.861569898451172
5498,10.246259309331212
5499,13.132294951760684
5500,20.995471359538588
5501,16.30690468999333
5502,16.26202349395274
5503,10.718445689272368
5504,17.040059789474153
5505,15.397691110690484
5506,16.46569919001697
5507,15.162120124427862
5508,14.829422340538937
5509,17.300701974721328
5510,15.230139356502091
5511,20.790290465551976
5512,16.355610965727998
5513,14.757434878216086
5514,10.20868872061417
5515,15.319133334839497
5516,16.872772619562475
5517,20.989228761389683
5518,13.651172768935217
5519,9.655577688918916
5520,17.11015842774006
5521,14.891927205598478
5522,17.658181553717064
5523,15.909507984853644
5524,13.090759087466253
5525,20.34640997546275
5526,13.91094498935101
5527,21.625830598914835
5528,15.27562805269514
5529,18.07806519011879
5530,11.528350120667543
5531,16.239679932348338
5532,20.616932396785707
5533,16.659878280600307
5534,21.00371991513143
5535,19.625935576030063
5536,16.217262777678748
5537,17.21823143912954
5538,17.92801098660225
5539,13.61183548468154
5540,10.784727755290044
5541,12.104141365375
5542,18.75746787719111
5543,9.610666480741525
5544,18.02830307904447
5545,14.478300263730407
5546,15.73527318040589
5547,13.258066183772664
5548,13.796471540948822
5549,9.536822831178432
5550,19.79965904155945
5551,13.237983006767461
5552,19.84045854909707
5553,15.346497827773492
5554,16.61919924692927
5555,16.587346596911136
5556,17.01830757516146
5557,10.92829985615829
5558,15.584628757382522
5559,18.633818031758068
5560,11.512475719102621
5561,9.081562808538786
5562,15.825221918041883
5563,17.121402259429757
5564,15.474957599513004
5565,16.740076056223565
5566,15.777302887466197
5567,12.856807789549638
5568,12.056490687224326
5569,16.32009679457135
5570,10.051125607176356
5571,16.497223339316328
5572,11.351799149199081
5573,17.738089644533776
5574,18.149819093412347
5575,20.25458110819777
5576,17.632622584014623
5577,17.53570876840354
5578,19.17248946448647
5579,13.80008982008244
5580,14.673044221074774
5581,18.30977069664516
5582,17.65798805919431
5583,10.206426337669523
5584,17.481973310496333
5585,14.310315048770644
5586,17.14926787906881
5587,18.617062414803208
5588,14.27590014770559
5589,14.493264811684595
5590,17.03066689812934
5591,17.28943773172836
5592,17.02692950324291
5593,12.672580231842732
5594,11.576872039061906
5595,13.711558923340778
5596,10.29774197932714
5597,11.113518789094206
5598,16.013491607156464
5599,19.561188016163747
5600,16.03778974625077
5601,18.062115025071634
5602,13.151223958152755
5603,15.62790649806714
5604,19.87999833418747
5605,16.29563170545529
5606,17.202301827841232
5607,19.231277004673046
5608,19.91205286442063
5609,17.58027293697977
5610,17.330275301547335
5611,17.700249587930333
5612,14.968010071060387
5613,14.789040872794244
5614,7.785707608564992
5615,13.868953101787083
5616,19.881067367029335
5617,15.149365668442659
5618,17.91333135428804
5619,9.508735679781319
5620,10.384840642710042
5621,16.84455903670535
5622,20.935146813613933
5623,14.852049485002928
5624,16.473752547845663
5625,12.745038574571016
5626,16.842240081130416
5627,15.928651059479028
5628,10.872765374935552
5629,17.17293890981077
5630,11.36085265373876
5631,14.110667573100953
5632,14.350112916341413
5633,14.482599454101718
5634,16.242081805823425
5635,18.38890230351488
5636,11.106298498157628
5637,16.727142564562147
5638,12.98090340623786
5639,11.078090170903431
5640,20.085260836264588
5641,8.885754546570954
5642,19.122879475539186
5643,19.168891726693932
5644,13.456505810347899
5645,19.330765903321623
5646,14.83588164976177
5647,12.019787220218854
5648,21.324382829419314
5649,14.936483288171578
5650,12.862087927022085
5651,12.340367307504026
5652,12.965509463441633
5653,16.52596042259155
5654,9.766858187390756
5655,16.531385938836113
5656,9.663031263796107
5657,14.567450002537559
5658,18.129810369999674
5659,24.955902654920575
5660,18.108514092701895
5661,17.02312323106422
5662,15.47892945119232
5663,15.383542136662323
5664,13.361696978520278
5665,21.048782084381145
5666,20.46761944379302
5667,12.717968956641087
5668,12.958637714307173
5669,16.601453376684415
5670,17.259950179252748
5671,19.358207485727085
5672,16.65729784723312
5673,19.459260468152905
5674,12.291328391762452
5675,10.645660796952926
5676,14.163862686954213
5677,20.16087805805236
5678,14.536683472543332
5679,14.625932059319627
5680,15.434237107681756
5681,15.140893942302334
5682,14.120897341004135
5683,14.669955965315694
5684,18.273459049348908
5685,9.424072423098481
5686,13.399539055102185
5687,15.780679311211905
5688,15.557113887450924
5689,23.20330762338726
5690,14.533779728613442
5691,18.22850605175509
5692,17.13814703651977
5693,12.910624432086333
5694,19.21329167674116
5695,16.10601086610102
5696,16.68549345743098
5697,14.998242904240927
5698,19.083167151112992
5699,14.207987293829017
5700,18.64964942309126
5701,15.7240636372513
5702,13.617055095399056
5703,15.638757318749038
5704,18.848744439733757
5705,11.298895939958907
5706,14.247693468555328
5707,8.256001755337117
5708,20.237989215954393
5709,16.519216564667843
5710,15.180032677227226
5711,17.476617630085684
5712,15.59511399693834
5713,15.030504061124889
5714,13.014917764529434
5715,18.29072847589686
5716,14.700232533062483
5717,15.402604100966174
5718,20.88744900287602
5719,13.644277411924554
5720,17.59415652493386
5721,15.597627579820111
5722,20.87146398041953
5723,13.544507981867653
5724,16.12896648344224
5725,12.47380223790151
5726,15.927458862297117
5727,13.378582459376656
5728,11.152428430742116
5729,18.354330302487952
5730,11.805562818165996
5731,11.25726015451005
5732,15.975030563387834
5733,15.431238682678856
5734,10.444337451354372
5735,18.479680200997453
5736,18.513040923774952
5737,11.941280069450915
5738,15.033211087975243
5739,15.516830589104847
5740,13.813762861486232
5741,12.423604768174064
5742,16.938770412988656
5743,19.655427479011458
5744,11.440999312739134
5745,19.837406394835483
5746,15.143887257322952
5747,15.79997213293894
5748,17.25049800375829
5749,10.798708455876508
5750,15.332723073067097
5751,20.498405845629954
5752,14.505567076930534
5753,15.182675022546743
5754,12.805482000311573
5755,16.376149026033985
5756,13.02951920563061
5757,16.21329504746904
5758,14.262250561425775
5759,16.125229228384313
5760,12.511119624986021
5761,14.202428722887458
5762,15.882053393033214
5763,10.85421936212806
5764,15.757178138500912
5765,16.198721075731186
5766,13.64726807549572
5767,15.99411101369439
5768,17.139841193052952
5769,16.782181155610623
5770,12.90083618948599
5771,16.59169611554026
5772,18.706644855955133
5773,17.10834989430134
5774,15.053169905912371
5775,17.860042435876885
5776,16.123742632850323
5777,10.640121139352502
5778,11.344373900958333
5779,17.553628526516018
5780,15.23758656419784
5781,10.73557790126717
5782,19.413289288539296
5783,12.970089525613716
5784,13.901985219668523
5785,12.233101301518609
5786,18.892659286847298
5787,18.322380604334644
5788,16.31346938580433
5789,9.717668917425954
5790,17.902456604272917
5791,13.248967832589393
5792,14.29851582206883
5793,14.743311399069848
5794,10.36226786866293
5795,10.316462096423306
5796,14.436639393228644
5797,18.530500730816467
5798,13.151329909702016
5799,16.81901918527244
5800,15.412938006988547
5801,13.034914842412661
5802,20.456850761346516
5803,16.476484891935552
5804,17.117210572324012
5805,16.40015587961811
5806,10.380931381299444
5807,15.501356801862714
5808,18.124539393473665
5809,13.820759900313515
5810,12.945298101248575
5811,9.375243044298186
5812,9.959924906335022
5813,19.89046241746895
5814,18.871134458835662
5815,15.908024776672088
5816,21.378489090717682
5817,18.776049616213275
5818,13.781045319168994
5819,17.274817745301664
5820,17.691060259431335
5821,20.60734957488817
5822,14.966583167811349
5823,17.259764915199053
5824,14.463282876709915
5825,11.584651953076307
5826,9.360623895187114
5827,15.46561417072459
5828,17.51941209834803
5829,10.723626303724991
5830,19.12226272224034
5831,12.775611429473447
5832,13.827873663419334
5833,10.060520448286324
5834,17.502631608243142
5835,17.74389307287184
5836,9.61899716027539
5837,12.958972323947854
5838,14.415878480518408
5839,17.4553261026523
5840,14.161685670699216
5841,10.886961491460864
5842,12.384655738853665
5843,11.281267690396831
5844,12.410784551149078
5845,14.281927604870168
5846,14.284957705998849
5847,18.415578056279234
5848,14.412640447271956
5849,9.954214547603272
5850,18.186355165244965
5851,18.47209012660014
5852,20.945656204308786
5853,18.794904414307872
5854,19.06683377018199
5855,11.31343522256616
5856,13.674151476263173
5857,15.93367792590888
5858,19.44279332133027
5859,21.051189315652238
5860,21.806944001718065
5861,14.754393165440838
5862,20.6826777165967
5863,11.755132195885611
5864,17.74609588597671
5865,15.504163416786382
5866,11.430404774396287
5867,12.046757589816952
5868,14.336383606961643
5869,13.948328964487029
5870,9.241229794878809
5871,15.49683276119979
5872,13.020903500376756
5873,14.64099653603652
5874,17.3223802855352
5875,11.935145878322174
5876,8.490143009741976
5877,12.975098801657582
5878,17.04217678270396
5879,19.40132207932449
5880,17.046346707897804
5881,21.08969030139818
5882,14.124490796749502
5883,13.936745860934874
5884,16.951505403262875
5885,7.93565762593627
5886,19.317252345940428
5887,12.971345015098269
5888,16.517882590756628
5889,12.41203004083993
5890,11.957814129659171
5891,13.379785158013576
5892,17.080152008162127
5893,15.738298369156979
5894,19.038184909336056
5895,9.157505948700061
5896,11.753753875971796
5897,16.835257903375872
5898,16.754915186544135
5899,14.106398143009843
5900,17.337717842455138
5901,15.027491848399546
5902,19.50683791155846
5903,20.899494208797016
5904,17.141658479191815
5905,12.559324683455774
5906,15.216971645199791
5907,13.265922748083502
5908,17.840725691841484
5909,14.411976406873029
5910,12.858476010313414
5911,14.146472061574936
5912,13.980713815532464
5913,12.067574554893588
5914,14.099169500487946
5915,21.71238209552249
5916,14.878827385225591
5917,15.96761737529934
5918,13.331599562709652
5919,15.156221550930912
5920,13.26487282669358
5921,13.264122779981735
5922,17.192756475835733
5923,18.07178231014617
5924,15.720448144487131
5925,14.821239821710263
5926,16.002974998457596
5927,17.541209875019803
5928,9.328786027674633
5929,13.23939421181538
5930,15.50343883595851
5931,15.137142721519208
5932,13.991316312660699
5933,18.452153265606434
5934,15.811585345878715
5935,18.909442829833115
5936,19.169981259503505
5937,18.255226226877507
5938,18.379117513266202
5939,18.23818328856135
5940,20.34797911151451
5941,19.6950967369404
5942,20.54416644256767
5943,16.26950591535925
5944,14.173703230872293
5945,19.59518283929852
5946,15.479271179401499
5947,17.820716438395642
5948,17.80547582242602
5949,17.916547801975877
5950,9.450121161947497
5951,19.044882178627184
5952,20.25907340874562
5953,14.375641220618405
5954,17.311460805384574
5955,17.330958899555608
5956,19.61916764455661
5957,15.651194515291177
5958,14.701746905694725
5959,17.839813179806672
5960,12.333031555075767
5961,14.550653717827316
5962,15.60426856986271
5963,11.312756634315578
5964,12.607134042305098
5965,17.965553606063313
5966,11.178862566249274
5967,19.651086409573686
5968,7.242588165262376
5969,16.313882068398584
5970,16.68220489480079
5971,19.572098042253447
5972,19.53438346540306
5973,13.258797223247168
5974,20.195026380586025
5975,13.470025886052527
5976,17.097863386858286
5977,15.87651247954575
5978,12.50501016010638
5979,10.015845822511578
5980,18.371483456684693
5981,12.791900759670604
5982,15.434505598416251
5983,16.62676115390378
5984,13.104867640900881
5985,21.47764580617673
5986,9.725579587127395
5987,7.971593423384308
5988,9.6897847782778
5989,17.073744839749985
5990,11.867979853171772
5991,18.749765748706547
5992,9.128818898641219
5993,16.647329428244845
5994,15.988270847422838
5995,15.032926598780696
5996,19.29630396885016
5997,15.327326918655672
5998,8.119841512249629
5999,20.66148936468291
6000,20.198295496704652
6001,16.453554651819964
6002,18.29117401738516
6003,19.615346383617727
6004,13.9506501387515
6005,16.075513939977213
6006,19.090159724115075
6007,16.297842236365014
6008,17.47632667167762
6009,19.45360160208733
6010,14.86456419580135
6011,12.439812668296467
6012,9.541341503938124
6013,11.13796086507194
6014,10.789651625528203
6015,15.68508261469167
6016,12.66028392476358
6017,10.614019203223219
6018,15.660691067821382
6019,16.19667918315748
6020,13.193644299381912
6021,18.135011534805926
6022,9.176447535337529
6023,14.689343589348077
6024,15.159728582267405
6025,15.48284825971934
6026,12.364218061278427
6027,12.248618857779425
6028,13.984501123701289
6029,13.330266481142697
6030,13.055702522175286
6031,18.794505380743747
6032,15.731313679590823
6033,14.089145487983505
6034,9.051206843038292
6035,18.99103793522942
6036,14.429579622734447
6037,12.999482454018334
6038,12.756943309758775
6039,18.58763801201413
6040,14.057548573786143
6041,21.088180040944373
6042,19.67863948815957
6043,19.44375014882412
6044,9.534778961296064
6045,18.73478994255912
6046,13.681910896405718
6047,11.724862704195406
6048,13.786815496068577
6049,15.17327116405501
6050,16.4726466431779
6051,15.24354284551078
6052,15.90301798715809
6053,14.619221780316108
6054,11.441472392816548
6055,9.967071247425048
6056,17.302496653041693
6057,12.602072542601038
6058,16.60944989141358
6059,15.397816434511189
6060,21.722900702620336
6061,15.542242860995756
6062,9.893739163213434
6063,17.285707590545584
6064,13.854109323619626
6065,14.071936020655272
6066,14.427280825288278
6067,13.884343091935994
6068,16.146986609007268
6069,18.755778553201058
6070,8.421672215319882
6071,15.011795971771553
6072,21.30377424805457
6073,19.494223667697707
6074,18.79985322451189
6075,20.00799421872048
6076,15.604174108063908
6077,16.208738558531913
6078,12.237641241789955
6079,17.445774174536993
6080,16.22100061414686
6081,15.807015910714972
6082,16.751097529515075
6083,17.889466479025444
6084,17.304577375873972
6085,15.356937727836803
6086,14.416517147719794
6087,9.485844073953459
6088,16.844007467212855
6089,16.217998265511007
6090,11.179318398722664
6091,16.080057637075853
6092,16.394200441032556
6093,12.385352674031743
6094,15.136847163645573
6095,19.182857491792497
6096,14.527212823885957
6097,14.44299980500609
6098,15.86254457905094
6099,10.042985979722497
6100,15.978425950803556
6101,13.320965816454454
6102,14.355936754900725
6103,17.73722338455016
6104,16.95202873043817
6105,16.249130436239813
6106,17.275753930205237
6107,9.254473911709606
6108,18.987860656616135
6109,16.979423409731307
6110,18.377414568237274
6111,19.17159406478755
6112,15.78214980792182
6113,16.851550715948548
6114,13.59296718180138
6115,18.464468100190004
6116,9.016808013457467
6117,19.41627240621919
6118,12.540257399913354
6119,18.605715943927784
6120,17.942801797855267
6121,20.367909721543917
6122,17.28999969797147
6123,13.062906091233813
6124,14.825663875005482
6125,9.450714517932592
6126,13.265860093702878
6127,12.849567288103167
6128,19.18560373386322
6129,17.1746995926475
6130,17.42764727795607
6131,12.558770395540055
6132,10.477556043871514
6133,12.229340997965945
6134,18.325465359281132
6135,13.604749296584732
6136,14.305581998929124
6137,10.064581634777213
6138,12.109874673896424
6139,13.76055474426347
6140,16.738524442638962
6141,13.133590250424984
6142,16.32995276064799
6143,14.860485591278323
6144,18.77379705715126
6145,12.597950189372257
6146,9.090216065001663
6147,13.55205540509859
6148,14.235613974779522
6149,17.589444254297753
6150,18.895557314395262
6151,19.31717065909657
6152,19.43016436000549
6153,13.006383801549935
6154,15.042006013410202
6155,16.440810110031585
6156,13.68558184448269
6157,9.845586611396062
6158,15.605115014132418
6159,15.300539543755814
6160,16.43812936387234
6161,13.52784749634451
6162,15.131114707434945
6163,11.046193239924948
6164,17.04634483598162
6165,17.35238219403996
6166,19.306630254212564
6167,16.449157673914524
6168,11.424027835256325
6169,16.644371733878298
6170,15.885169555667657
6171,16.718993711073185
6172,15.912688919475954
6173,17.8300407958609
6174,16.894548213407422
6175,20.893330015389147
6176,19.119173459113775
6177,10.727880972722584
6178,18.136015284258203
6179,10.92579291898457
6180,17.242930861614155
6181,16.809212064483468
6182,13.79581561582808
6183,16.538680847517487
6184,15.611977716421606
6185,15.584806092268188
6186,12.001765807094381
6187,19.092492405233347
6188,11.864549504817422
6189,9.705436062850037
6190,17.445614504852966
6191,16.605574560396274
6192,11.433474442964549
6193,12.826171865313523
6194,21.35222727744455
6195,22.236115763963397
6196,14.762107632461035
6197,19.813040694362698
6198,13.94382078715003
6199,16.123530381946058
6200,17.904643170283222
6201,18.231144341252058
6202,18.745209605654317
6203,14.322761284413643
6204,14.595672611658795
6205,19.568920438382044
6206,14.951633742239366
6207,14.495937331384459
6208,17.39943689203585
6209,12.317269082536086
6210,13.996609693733928
6211,13.706392832260208
6212,16.147760428061197
6213,8.459930596137617
6214,17.40232539021461
6215,12.581694991459731
6216,17.41294345369068
6217,15.073245463529814
6218,15.866671013722721
6219,15.549327323735083
6220,18.41482168171374
6221,18.54303981234571
6222,18.907586080421044
6223,14.180415509901868
6224,12.797885945579488
6225,18.9251906696548
6226,14.220661015974947
6227,13.199166989635797
6228,20.83237412409738
6229,15.033933255005934
6230,17.837363238226192
6231,16.555983600624735
6232,19.731506542462547
6233,14.545313695054158
6234,13.401227753027447
6235,14.135929977380705
6236,23.5995912440875
6237,19.835325820282513
6238,18.84275168785396
6239,14.793443074767541
6240,12.897090022913371
6241,11.377523535527608
6242,20.539117151046366
6243,12.974752780483056
6244,15.221693566313265
6245,15.108777061799088
6246,13.092993817220155
6247,20.221592033451685
6248,21.805603362468023
6249,16.594555454917014
6250,18.062862684218963
6251,15.3322585502221
6252,15.801462187394378
6253,12.12156175714053
6254,9.190698265209587
6255,12.049092983797085
6256,14.19846033720752
6257,15.10418274241061
6258,15.2809707244282
6259,9.369815747538594
6260,14.018772391111339
6261,11.57166174850872
6262,11.908291578936819
6263,15.977265825380908
6264,21.310790267165068
6265,14.810815156973757
6266,17.161595706485834
6267,12.144142444537746
6268,19.67688204372003
6269,19.969379050979583
6270,20.76441146239629
6271,14.727429644407524
6272,18.62579248250005
6273,12.588762956358831
6274,13.185251181245668
6275,18.29648406262482
6276,19.581749684782118
6277,16.09037143216098
6278,17.09980328160588
6279,16.235797495596273
6280,15.135691271625937
6281,15.727981197483176
6282,13.107882206427124
6283,16.867544759095296
6284,11.752775053624719
6285,9.799759135646429
6286,22.503835193116974
6287,15.022097630965892
6288,18.32970495423491
6289,10.257493151027745
6290,14.09913244700092
6291,21.246480671872284
6292,15.587405596020213
6293,16.55884612096084
6294,18.783035377369288
6295,19.431964186970305
6296,18.246230370177628
6297,10.627185272051314
6298,12.623738081725785
6299,16.69529438788999
6300,14.728246049119303
6301,19.323409247689465
6302,12.289143594345068
6303,11.989714437901625
6304,10.859877186857588
6305,11.31004724654877
6306,18.16165778040108
6307,22.097223651004377
6308,10.868327480277092
6309,14.602699333782772
6310,21.746262262682936
6311,22.49160844994481
6312,14.747941019857823
6313,16.014409849662783
6314,13.96320357156047
6315,15.891354917013697
6316,19.332955324600807
6317,18.74093164592204
6318,11.679003672394508
6319,16.62261560962288
6320,15.926349575370912
6321,8.924691721457206
6322,13.140723310808864
6323,9.335200752291229
6324,7.712062584996989
6325,20.852219007469785
6326,23.433043162794846
6327,16.285301591961815
6328,15.215876786347154
6329,18.630244151568757
6330,18.525154405211282
6331,18.853695461462333
6332,15.718816591170492
6333,12.828476135173227
6334,12.503442666535932
6335,13.674405551066998
6336,17.177724008384203
6337,16.697427561404904
6338,11.463559028106761
6339,16.982312519849078
6340,17.812886566760792
6341,17.359830096006363
6342,17.644035763949834
6343,9.368203772245742
6344,13.586702012486153
6345,14.937680719825456
6346,15.3344800752557
6347,16.551269665644806
6348,17.52156816631546
6349,15.055016272546169
6350,13.000216962875443
6351,16.066699540318645
6352,12.795560054425588
6353,15.322701895963622
6354,11.574108137678932
6355,18.391236296065003
6356,17.080810969736152
6357,16.010184100599457
6358,17.423678009128786
6359,11.267710927292924
6360,15.456606730438347
6361,14.561478245360115
6362,13.882399242313392
6363,16.445753682240348
6364,18.06519118429462
6365,9.857479459832891
6366,13.050110163266776
6367,11.288652622110575
6368,13.50440052100063
6369,14.937822838022688
6370,18.953719525387577
6371,11.988387451012043
6372,18.130715443268944
6373,17.825876845818865
6374,14.067736887853117
6375,13.249627302447271
6376,15.10134379525971
6377,18.160927241331372
6378,16.617323023609945
6379,16.782734928843304
6380,17.387877376875018
6381,13.581445208244572
6382,15.23685851967696
6383,15.241417139428231
6384,10.345865278767675
6385,18.696057578218802
6386,16.138030256291525
6387,12.728571003693276
6388,12.677351776171909
6389,15.323609041536923
6390,11.148468463503324
6391,13.342286220849026
6392,16.0723130778816
6393,12.370412923524185
6394,11.74851539405908
6395,14.990451861287575
6396,13.067787897122388
6397,9.850690970012845
6398,17.04667873439678
6399,15.814399784816255
6400,15.053920560479861
6401,18.473857858187813
6402,10.53182559596036
6403,17.801214203393634
6404,13.569275328967153
6405,14.06115470800511
6406,18.439654713611848
6407,18.2362254009359
6408,18.91713839546693
6409,13.827326971018921
6410,16.747580237796676
6411,18.90420935366033
6412,16.893769489362207
6413,12.46426667587305
6414,17.382583260255636
6415,10.686340134641732
6416,9.844533550901726
6417,15.856379257350934
6418,10.907103881904725
6419,15.446157588849282
6420,17.197807330973344
6421,15.87743064501476
6422,15.082219150847347
6423,9.883163533922012
6424,13.22070838806596
6425,17.12367438759824
6426,18.0741499377599
6427,20.407566068157763
6428,16.53777965161635
6429,12.583009966723596
6430,15.141241988429574
6431,24.366747615069574
6432,18.69693447065814
6433,18.490944353402732
6434,11.886064235469
6435,17.44513647923984
6436,13.27135661921883
6437,17.205342996945422
6438,15.340048760354364
6439,19.756240363755623
6440,14.949487059386152
6441,17.36664235746222
6442,15.931914777822662
6443,18.141096730110316
6444,18.897794137852653
6445,10.375214417327303
6446,16.786131621860775
6447,12.737432933370922
6448,18.581895359685728
6449,19.93277589279561
6450,15.112731664770894
6451,10.666602367871993
6452,20.675248102435415
6453,19.29378898141847
6454,14.203177349045369
6455,15.34319800208476
6456,16.958499720776647
6457,12.783032867152865
6458,17.305328733313683
6459,20.176119420797114
6460,10.510848933003784
6461,12.899749253016864
6462,9.89368703223203
6463,19.863932440730075
6464,15.838367178961013
6465,17.771108723903893
6466,14.124342674564794
6467,17.8629205947744
6468,18.503652257978743
6469,22.11754495501503
6470,16.409462275554617
6471,14.367444490965909
6472,17.477618151945514
6473,12.219094234568932
6474,14.582933300579914
6475,16.161527088828503
6476,14.163067960832828
6477,9.89025819438909
6478,13.24315161069533
6479,14.409783197867311
6480,14.431888610177797
6481,15.631253695000417
6482,12.127703531623737
6483,10.603421423229989
6484,19.81854226273859
6485,16.66679177427808
6486,9.113044546140145
6487,19.91590901744334
6488,13.573677969787058
6489,16.751442969455223
6490,16.37056681140254
6491,18.702482039252523
6492,11.271602372179636
6493,12.209333040890657
6494,13.122638865496722
6495,21.186187424747217
6496,17.703396567288074
6497,16.275804985238185
6498,16.411632545735785
6499,13.712604444288209
6500,17.29428360752636
6501,14.747972559553258
6502,18.130472213746664
6503,11.436495889146459
6504,10.860004238853143
6505,14.053335050637159
6506,8.386839569840898
6507,20.845120540099074
6508,13.529007011135636
6509,19.02377311670621
6510,20.626288737514667
6511,14.122166567141473
6512,16.242469167433136
6513,18.334118576442304
6514,15.481606613914627
6515,13.538600913531278
6516,20.339513987418197
6517,14.637880597462969
6518,18.031510760563997
6519,21.39606758715792
6520,17.60046712161196
6521,13.91771153983437
6522,16.05564020758855
6523,16.497536246785955
6524,14.645646158409647
6525,12.354718311711547
6526,13.572006738768911
6527,18.512898383324256
6528,17.59920196122748
6529,16.07410767139045
6530,12.082584760150587
6531,15.82925705417357
6532,13.945701182730247
6533,17.36601409220331
6534,14.765019346364358
6535,20.645109340653327
6536,18.846310854559576
6537,12.048889300983276
6538,11.907373617969562
6539,16.2711621253924
6540,11.214128262677708
6541,16.61862844764808
6542,14.213654430237417
6543,11.793749843282317
6544,17.14884001505514
6545,14.831224367877285
6546,22.921580836441922
6547,15.012141159208253
6548,17.509073002411284
6549,16.9840026835916
6550,23.20903820012512
6551,16.019833764884478
6552,15.039765388150627
6553,13.112707937240978
6554,17.605769457072302
6555,14.600694067265433
6556,22.218946771576952
6557,13.498116521490333
6558,17.224076347780443
6559,15.703938147603246
6560,12.31343586959661
6561,19.6716362926728
6562,14.19127636287871
6563,16.16070687507672
6564,12.182726795490279
6565,13.770225842897807
6566,14.305401242727818
6567,9.171699679478934
6568,15.214790724535389
6569,10.729110280208225
6570,13.911432033544349
6571,13.850399779178144
6572,15.421890691294081
6573,19.679755423150223
6574,16.234099375473473
6575,12.85074365298799
6576,9.9618829360053
6577,11.874378794951973
6578,14.233542336841474
6579,21.519709604055436
6580,17.376059184259894
6581,17.602670884087154
6582,18.68932744890606
6583,16.190352172310863
6584,17.392184992066948
6585,11.985865688055075
6586,11.03652763130492
6587,17.377940878130786
6588,13.57574174823095
6589,10.80062978671394
6590,13.979413200576463
6591,12.456174382379261
6592,14.142653674127702
6593,14.799737545249265
6594,15.17821205673498
6595,19.343525966631187
6596,18.14309895013508
6597,13.597060888209677
6598,14.856289469934763
6599,13.084795902697223
6600,10.54279974692863
6601,21.10679145189632
6602,16.964740669874285
6603,14.802258966190788
6604,17.44431749872112
6605,13.528990322115575
6606,19.68743429285701
6607,16.755952811763873
6608,21.10822171897583
6609,16.518683635430026
6610,15.495127214431026
6611,19.808456190443465
6612,19.918835784964877
6613,11.555523213028993
6614,15.019599869854629
6615,12.682672818341775
6616,16.60548974949248
6617,12.247528334348925
6618,19.949261249847268
6619,14.664768105798379
6620,10.035472235010612
6621,12.686159204624705
6622,7.559773668169644
6623,14.710559646203635
6624,14.82514394507216
6625,16.91499337845707
6626,17.244981950292697
6627,11.772660217999544
6628,16.154675652195362
6629,14.329586630946412
6630,16.99158451485249
6631,20.57105501215493
6632,12.746365177832974
6633,17.80902800665587
6634,21.1722235414749
6635,18.524764458324064
6636,20.862535267191525
6637,17.150235758031222
6638,12.440666849554756
6639,18.5237520219649
6640,11.13282982324248
6641,15.634989926660507
6642,17.222147997814112
6643,16.428921020337025
6644,8.925911070083227
6645,18.473837017483884
6646,11.737087758274976
6647,12.164988091758927
6648,19.041162542754066
6649,18.672213430954123
6650,10.281339442832095
6651,16.785329998321973
6652,10.576022701182858
6653,17.767701095419852
6654,9.869233977077197
6655,11.66373233028145
6656,11.505815374213661
6657,16.56570886085916
6658,20.086810961801206
6659,21.045584302707127
6660,7.722240779412407
6661,14.445427335087071
6662,14.307977725106362
6663,11.388114344292383
6664,18.88512904356522
6665,12.774521513261107
6666,10.882408605775913
6667,18.187521926562923
6668,16.966344553705323
6669,11.159985850062338
6670,13.582323352788862
6671,16.891903965062212
6672,15.505041537999142
6673,19.175299713578585
6674,8.692280552868771
6675,18.437716055805165
6676,13.054003284722171
6677,18.445176517306784
6678,15.348072655680395
6679,19.12979910435442
6680,18.24494746188707
6681,18.349332049616486
6682,14.898782031011436
6683,16.045581643808607
6684,16.001311837680582
6685,17.19527054674877
6686,10.370778168624176
6687,12.242518612573555
6688,17.848532193605223
6689,11.783343776154421
6690,17.911917334160766
6691,16.479693399055723
6692,12.486944615469689
6693,14.455531616032845
6694,13.838050641090431
6695,10.58371982859951
6696,13.015314723555237
6697,13.957217399691018
6698,13.773085568925538
6699,17.64075244534603
6700,7.857834246746147
6701,19.00927527635124
6702,11.390962273493056
6703,20.62910661115957
6704,16.850209127896687
6705,16.607734168705527
6706,14.556443790022978
6707,15.055319964312135
6708,14.83121786946376
6709,19.225174225223498
6710,15.92160236640782
6711,14.812620133542659
6712,16.099935759226433
6713,19.550347929599894
6714,18.477522050647742
6715,13.261854752901158
6716,12.616461488839985
6717,15.905155893415433
6718,17.39856053991007
6719,16.610824923648423
6720,21.470691186660822
6721,20.137279824635876
6722,18.095811265293392
6723,17.962139768686267
6724,14.755553166943468
6725,16.48662527984164
6726,18.348057442433856
6727,20.322314364385804
6728,17.453637036359567
6729,19.17564204327879
6730,17.13225830550815
6731,19.93447524236822
6732,12.81225213466023
6733,15.606188891507779
6734,13.117529277222802
6735,14.655089718156967
6736,15.692585970768052
6737,19.979547756466182
6738,18.07390298663551
6739,13.251885214649194
6740,17.811795086324768
6741,18.309102758371456
6742,15.584241119844258
6743,15.82714139205075
6744,15.999682363583208
6745,18.752646006423213
6746,8.939279067350661
6747,16.8922833526573
6748,14.19437683350626
6749,13.81047981587424
6750,15.111136178897283
6751,18.160967971907112
6752,19.38079367815415
6753,15.426424857502262
6754,16.136968440846378
6755,16.91573641564732
6756,15.442456080337138
6757,18.43829093294515
6758,21.990422495699107
6759,16.3939479525366
6760,12.818258001459771
6761,15.698912058970228
6762,18.151904454197112
6763,22.002530051734755
6764,19.29095340433979
6765,20.00169277586339
6766,14.397158223824135
6767,12.704270250918068
6768,14.5284928810069
6769,14.524636428477733
6770,16.381950716040482
6771,12.486443756962455
6772,15.292663150042978
6773,9.836455495026428
6774,17.745747820771605
6775,19.20177926739513
6776,12.878140231682025
6777,9.95820747899703
6778,10.274131145984867
6779,18.962038323365697
6780,18.282464533087467
6781,13.952237542057434
6782,10.542283719573863
6783,12.981420459650511
6784,12.900236861599623
6785,14.806977164492782
6786,15.244900160614254
6787,14.597214699459192
6788,13.51548784304221
6789,14.589626119742729
6790,16.77772353283161
6791,17.058718691177507
6792,16.288548710233666
6793,10.509169838160997
6794,17.998016824357762
6795,15.470051547246861
6796,14.075775384221762
6797,18.881523176386242
6798,14.994642435227284
6799,15.91739053084187
6800,14.976928484985818
6801,12.085975820301014
6802,19.669234229470835
6803,12.233539820564763
6804,20.15104549383846
6805,11.453514339560744
6806,11.755877753410404
6807,18.47753186344928
6808,15.158385130847595
6809,18.422095635238747
6810,10.376310041083197
6811,17.40545995701629
6812,16.789461213003108
6813,19.821599420590815
6814,15.780512788711507
6815,16.244031557024705
6816,16.47381311878583
6817,16.910346559973497
6818,9.078038352971603
6819,11.923027837870423
6820,18.194237965092935
6821,10.157634153962864
6822,16.90006585175238
6823,12.90240090830267
6824,17.111837087790736
6825,23.462068937343588
6826,15.560723119861528
6827,19.261755688508313
6828,18.941754598385227
6829,10.78099048673195
6830,18.563328519800503
6831,16.925904486348358
6832,18.407556124062268
6833,12.948885204824172
6834,10.884278338979854
6835,18.321533687311195
6836,14.056426978121744
6837,18.701592565677917
6838,20.700478272379605
6839,18.202137367173314
6840,14.150064819458505
6841,14.972901561561127
6842,7.72194489588873
6843,12.518825375601338
6844,10.447799475476655
6845,12.961675090909512
6846,13.670098565431115
6847,21.183734869038325
6848,17.601935526577186
6849,12.219710288488674
6850,16.728841524888505
6851,19.568177586497278
6852,17.176881203313727
6853,14.22433709139267
6854,10.711203684343111
6855,14.089067270652354
6856,13.96390399946511
6857,13.204704874917372
6858,15.512198110531196
6859,17.931461030723618
6860,17.498865739929123
6861,14.498774431426067
6862,17.333569024194652
6863,17.595513569359554
6864,11.785896215493118
6865,14.139942539843233
6866,14.512652250005925
6867,18.521840282770512
6868,16.3674178677442
6869,16.829475852988438
6870,15.52102875365193
6871,13.744016996715477
6872,11.771090024462534
6873,10.85893238760065
6874,20.81871215159717
6875,17.370977385668116
6876,10.146424814270896
6877,14.313443599030574
6878,15.405669449065835
6879,14.834259609190227
6880,13.23825715976691
6881,15.190066120055667
6882,14.632682890575337
6883,13.048695881849728
6884,9.347059017962923
6885,16.959995654587544
6886,10.431975744487184
6887,19.527096908144205
6888,20.861196470575933
6889,19.684711902439403
6890,17.369916015617413
6891,18.02330327524838
6892,16.471818820705607
6893,12.920963976811185
6894,8.72318906895672
6895,15.785725479918803
6896,17.449471119023737
6897,17.799234630466756
6898,14.400712015874424
6899,14.093032862709677
6900,9.240954973969256
6901,19.862894502124995
6902,16.527274421395436
6903,12.245614640576811
6904,19.51357302037521
6905,15.674164559042792
6906,14.924622909327937
6907,18.41471095689478
6908,14.439621142949251
6909,16.281751129743977
6910,18.705978889452382
6911,9.832969454501916
6912,14.771695036443766
6913,15.795840988583475
6914,14.563311546103414
6915,19.873623286501545
6916,15.080747548275983
6917,11.569997057831532
6918,20.403926363592596
6919,14.598230202402963
6920,17.44659594412838
6921,14.09267062447595
6922,19.595187757419062
6923,16.090112418928655
6924,13.298486202323822
6925,15.822547807929276
6926,17.19670138763055
6927,16.726261076289966
6928,15.274298863404072
6929,16.375676763102714
6930,19.372621297759473
6931,11.645753895987887
6932,12.723411581547941
6933,15.783694912877928
6934,19.664598071105143
6935,18.294978184132365
6936,16.751757494151413
6937,15.523186676542718
6938,14.894503673164987
6939,12.692044309872845
6940,19.79767126153408
6941,18.847869863760184
6942,16.35059527539565
6943,13.731723290935786
6944,18.834282313953786
6945,19.395956069868166
6946,17.660485626909427
6947,15.543680263555876
6948,9.895301925203462
6949,18.20427395828336
6950,19.59625344339511
6951,14.17506664485039
6952,16.95467125057093
6953,19.560839085380053
6954,13.084274326982346
6955,17.30941384973179
6956,15.40891519809789
6957,15.991839968551657
6958,15.761002271114743
6959,14.653498246610855
6960,12.775637009978569
6961,18.21807927716907
6962,11.868593202389741
6963,14.458530255540046
6964,15.792050670022416
6965,16.1271862711118
6966,14.770690626505186
6967,12.451640169592649
6968,15.757508035167884
6969,12.747396147136458
6970,14.332279111438083
6971,17.82067145853583
6972,18.45336711405908
6973,14.826914663109347
6974,15.816658314855541
6975,17.693913552256266
6976,9.65848679484742
6977,12.925003859175897
6978,13.07383262246972
6979,10.628611918914919
6980,11.942325426077453
6981,17.00771774775671
6982,14.576683384990552
6983,11.893944084703335
6984,10.933464264224545
6985,13.911396444462145
6986,11.10360044964591
6987,19.23040054169045
6988,7.7230484646626145
6989,9.877016144779407
6990,19.34596374816135
6991,10.8730735765835
6992,16.547347138560024
6993,20.082364508968347
6994,14.724540858902198
6995,18.334841980220737
6996,15.916831730486066
6997,16.872871804962955
6998,18.631475831347316
6999,14.310159500058909
7000,14.859142312371526
7001,17.019631588716077
7002,9.648012821617414
7003,10.863790479267433
7004,19.352127481960412
7005,15.01262678392091
7006,18.580814279697616
7007,14.534511888904818
7008,15.05255966343674
7009,19.326992352871052
7010,21.203785690478856
7011,15.96774338772512
7012,18.602971880687775
7013,21.874747591190246
7014,13.998739239454958
7015,14.557394076309635
7016,15.244207535908483
7017,17.201581689181896
7018,15.945294053087357
7019,15.956634158794857
7020,16.978765635425255
7021,14.803952078942206
7022,20.18818753754652
7023,16.859395890201725
7024,14.123834545448592
7025,16.77451307569673
7026,17.38527122893024
7027,13.669036319457518
7028,17.561904976437585
7029,16.938715580496464
7030,15.707045093812468
7031,14.586905240035605
7032,9.530023648111648
7033,16.551500253248594
7034,17.77319877474809
7035,15.421251008255924
7036,14.06308817553675
7037,10.130740620576752
7038,21.866957392908333
7039,18.066577450202054
7040,12.204678778273234
7041,20.5332098047387
7042,14.613834156969112
7043,15.554438977115721
7044,18.626807229118
7045,13.017852436868164
7046,14.572150387157905
7047,16.40329916797187
7048,16.472515604485707
7049,11.014549109360019
7050,11.074932807099838
7051,11.4085571025187
7052,13.115627003452715
7053,12.633476214746555
7054,13.55321688577589
7055,20.02126690887249
7056,21.775688785490566
7057,16.298534194496746
7058,12.753886510446627
7059,14.035445032812403
7060,16.886077089291284
7061,15.010486157598663
7062,12.704465498998072
7063,8.552728554793697
7064,18.484116702996484
7065,15.44322275154837
7066,13.114737957231931
7067,14.944294464288781
7068,17.871092397980547
7069,8.720460869614907
7070,19.149974614040676
7071,13.572018385923972
7072,12.62798727115829
7073,14.942390170718946
7074,11.381160519070857
7075,11.488041801251256
7076,9.87444745742236
7077,20.045618864528052
7078,17.832771424448776
7079,14.429238691904668
7080,17.28020413515347
7081,18.438283976522186
7082,21.60301733801346
7083,11.727111515678205
7084,11.820907520111437
7085,17.078201757772366
7086,19.933467085606825
7087,16.63339404231057
7088,18.277725588308478
7089,16.281181988964253
7090,16.16607456424686
7091,23.672361482248846
7092,19.478699061075492
7093,15.888063434344192
7094,8.893417615652513
7095,12.345122505935528
7096,18.01886468030519
7097,10.611043236228824
7098,16.352446817671094
7099,18.06692185140629
7100,18.501603669800303
7101,16.84210384138289
7102,18.46595829326113
7103,9.74344047131969
7104,15.611501104967203
7105,14.090686608302882
7106,22.498763540872076
7107,21.805806226820977
7108,4.017564925985546
7109,12.105707449955512
7110,9.377030269765255
7111,16.298729717134776
7112,18.52877496156794
7113,12.719860628318752
7114,16.038976751105437
7115,15.22630074099452
7116,11.926614732804786
7117,8.782215106252687
7118,17.471064946041324
7119,20.966556363505028
7120,11.06689845523751
7121,15.757891346654336
7122,14.833139308237067
7123,12.421281698577204
7124,14.702326753781936
7125,15.864391907389141
7126,18.187607629365132
7127,15.580431693616479
7128,11.86016796033321
7129,15.339511263915778
7130,18.274150856548346
7131,12.597129922532005
7132,15.553720130901688
7133,15.285005645562471
7134,10.108825486880855
7135,11.291946738538428
7136,13.16761021540754
7137,16.665445110191058
7138,12.98760491744603
7139,19.4501813498108
7140,21.067586429025962
7141,20.85029099112962
7142,14.267092776909548
7143,15.79317863913244
7144,17.300437782500005
7145,10.919299528257014
7146,12.551544872587662
7147,10.052604035767565
7148,12.906842503743476
7149,10.594091059681519
7150,9.191493032127557
7151,16.565363339178422
7152,20.259823332347292
7153,11.531199549818467
7154,21.2470712049364
7155,5.781001017076514
7156,20.083399062035685
7157,12.878073421672038
7158,18.61532883959812
7159,15.784512396927012
7160,11.95833785187935
7161,8.06638758255599
7162,12.403762591392642
7163,18.759424043227522
7164,19.21702618886069
7165,15.730174576227865
7166,16.205883803443143
7167,14.64905988615354
7168,12.022955867955343
7169,17.73149001941542
7170,20.72754619062352
7171,11.045853836713974
7172,15.630132365156118
7173,16.94703763450205
7174,13.848262550798648
7175,21.93649124568187
7176,15.069598247613122
7177,13.291511226007197
7178,15.835463339687422
7179,20.268586628693633
7180,12.584118051414976
7181,11.353502464479
7182,17.937038816263346
7183,15.475835958999792
7184,12.70013792451338
7185,16.97234669351659
7186,17.76730736101735
7187,13.279993784223919
7188,9.770224248990697
7189,15.600442147676704
7190,14.485743221712529
7191,19.292955140819355
7192,20.713067800560648
7193,10.896061782912371
7194,10.144914942603421
7195,12.898092899962435
7196,14.518042451197566
7197,20.319266174042504
7198,10.135350774398788
7199,17.981234816880082
7200,18.31334824953344
7201,15.287589320369653
7202,14.812991656094814
7203,17.97445257743167
7204,13.478434649382255
7205,21.729419696898034
7206,11.970188188180671
7207,12.542181446859614
7208,12.943016720028556
7209,22.691322255080053
7210,16.40946398403299
7211,14.821308466108464
7212,20.36947258609874
7213,13.780781369937133
7214,9.082881754756578
7215,14.370442269823403
7216,16.215791394800767
7217,13.746811872302423
7218,16.400309289682692
7219,14.325724564181714
7220,19.034784777608667
7221,13.71728571695654
7222,12.188484905534445
7223,12.234918585704587
7224,9.024870440331648
7225,13.693529384010336
7226,16.02325825622285
7227,12.575013706877455
7228,9.980991877610867
7229,16.544049974374705
7230,16.854391848807357
7231,16.27651423724633
7232,18.364371115452663
7233,13.049599373796797
7234,11.97276789618921
7235,19.8831608145676
7236,15.165420455546595
7237,18.35481672576899
7238,15.04468951939688
7239,15.428700167271076
7240,14.006588039294302
7241,11.8406228902357
7242,11.301338973920991
7243,9.920966749622528
7244,13.782018483261334
7245,15.675139597317083
7246,13.905833668090143
7247,14.392302424030019
7248,16.28899335844715
7249,15.848196602041998
7250,15.00010336421646
7251,22.14406400838464
7252,18.39861254233901
7253,18.63670807001793
7254,18.093976643022604
7255,17.752389814123877
7256,18.217412588127484
7257,16.83715179517544
7258,14.996023749053073
7259,16.464606743047614
7260,19.338295727475845
7261,11.58700354956982
7262,13.332146722469982
7263,17.786585033403938
7264,11.514384283570692
7265,13.257089732988547
7266,16.251208413463008
7267,19.769442959766163
7268,13.222572470753196
7269,16.1981181057842
7270,13.294318252152284
7271,14.919357034593036
7272,13.782678494915235
7273,10.575695941907725
7274,16.19014589368332
7275,13.988991404693177
7276,16.81600842472226
7277,14.605013660335912
7278,17.888260042780438
7279,19.96212201766884
7280,13.852958006760357
7281,13.969674446824378
7282,11.376427951517627
7283,10.223190603879582
7284,17.0610422100793
7285,16.106458103958662
7286,13.72225983516447
7287,14.769716206495403
7288,16.710928440216893
7289,15.042868681283831
7290,15.57096621832152
7291,16.441827151332777
7292,16.004542945195446
7293,14.601091820188952
7294,16.174419323723622
7295,14.136404649237697
7296,16.477915253547614
7297,15.770569536134381
7298,16.061361456886292
7299,19.326243256178977
7300,14.704636285965208
7301,18.391388294594044
7302,20.150300006129516
7303,13.506520768621325
7304,14.643548994977884
7305,16.26121853001811
7306,14.890873183580243
7307,16.29166824270267
7308,12.827302850968232
7309,16.717420998540273
7310,16.73307626190942
7311,16.383647925918925
7312,16.427339470080753
7313,17.602986861873713
7314,16.75970462570444
7315,13.11043236730561
7316,17.083686754326113
7317,17.322287083987238
7318,20.174813035243737
7319,15.425670023927408
7320,15.371762697304444
7321,16.994252214371382
7322,10.135422754089031
7323,13.954485577482988
7324,18.082900283002516
7325,20.418843831625516
7326,18.658831203815804
7327,19.99980436720916
7328,12.604255827296928
7329,12.53829194621433
7330,13.903277863811798
7331,14.108911559035194
7332,12.509992469919613
7333,16.187086693113912
7334,12.045895829371734
7335,18.430392912002937
7336,15.050462692496136
7337,12.629165452253046
7338,12.819863620976834
7339,21.222841582475745
7340,14.078621803304909
7341,18.684735325143727
7342,14.537729948664117
7343,10.314808069539378
7344,19.56588204443684
7345,12.791040036878885
7346,19.806095613905583
7347,16.50282760656588
7348,21.8237797491902
7349,16.643720045856668
7350,12.12214078842701
7351,8.575980719577316
7352,15.186081983211839
7353,11.450273213083463
7354,16.513820809121317
7355,15.756457960854927
7356,17.250669310366366
7357,16.377124744880007
7358,14.534559159233462
7359,18.31597260760053
7360,8.806933822204845
7361,8.477125032958403
7362,17.80037148875423
7363,17.477031095153905
7364,11.291014985656073
7365,12.569382005763861
7366,20.44583319748609
7367,16.33087023619067
7368,16.098498955464606
7369,13.725516889973356
7370,15.820032302519966
7371,15.31282117337162
7372,16.65527690583
7373,11.102195232577147
7374,15.582742131302155
7375,9.876812629533298
7376,11.900988495197286
7377,15.283659065089681
7378,13.744684530107467
7379,16.131532530939303
7380,15.727516565149028
7381,13.811361580574182
7382,21.87321432173193
7383,16.29108627080018
7384,20.696408666068834
7385,15.533076642059418
7386,14.706948716717072
7387,15.716015871401792
7388,11.074273867186836
7389,16.22540040218176
7390,13.720749611841482
7391,20.10262012308182
7392,12.25703266593205
7393,15.369019538470887
7394,15.711875379057963
7395,18.41394085923112
7396,13.408138670645231
7397,14.911637570295962
7398,15.13713506054082
7399,12.999686540928847
7400,14.47901464600931
7401,13.953239500738153
7402,14.733468286339502
7403,23.3030925274747
7404,12.643629946157834
7405,14.219370086381264
7406,13.907461308116849
7407,7.006388529814661
7408,12.65184095998676
7409,13.645629026831358
7410,17.26722100342667
7411,15.464029228491825
7412,15.48130893230387
7413,14.167714955673201
7414,18.5137819427337
7415,9.85364884856682
7416,14.748006195834702
7417,15.410834008718467
7418,12.15695295228419
7419,17.125746896287207
7420,11.550997556860601
7421,11.098238723965924
7422,13.493032154913847
7423,12.743653934910885
7424,17.099859488617852
7425,19.837066139898255
7426,15.711129121995738
7427,18.810222891678727
7428,12.716672717890075
7429,16.72160993733896
7430,18.838380992364726
7431,17.41895657857823
7432,14.849569332688707
7433,19.56009299330968
7434,14.172906195133445
7435,14.361509527913283
7436,12.798699551575694
7437,15.769577403824497
7438,17.63342014648888
7439,16.71856290427929
7440,15.023051527041446
7441,12.585360887155336
7442,20.115557394175767
7443,19.334681559601155
7444,15.732201845444632
7445,12.196456740960656
7446,19.34548904417158
7447,14.823350399988371
7448,16.002364437915823
7449,14.11455796748372
7450,15.574399041024092
7451,16.541955512767572
7452,9.922811148155947
7453,10.256365229452255
7454,11.967143726461964
7455,14.827656906636514
7456,14.975043685227478
7457,18.418139072721367
7458,11.549682072636102
7459,20.401667243917217
7460,15.931712161699647
7461,13.911045573433583
7462,17.476382482411715
7463,12.452809786695957
7464,13.46743654270245
7465,12.72294769809201
7466,17.62094541847521
7467,15.97474211293591
7468,9.875783416888932
7469,15.43095871234939
7470,16.19328362685215
7471,18.845117430031166
7472,9.876670941549547
7473,12.763513548831446
7474,21.85030696048117
7475,14.58723082599034
7476,13.002144992423883
7477,13.974900028399166
7478,11.761093831527198
7479,12.482332699949756
7480,15.147268225508425
7481,19.944139903012953
7482,17.074239965803958
7483,13.09430389221573
7484,11.317649394482984
7485,9.518757542790237
7486,14.29002121788816
7487,12.214306585406467
7488,16.26067773592906
7489,10.983788651486895
7490,11.77329416298592
7491,15.832734360287988
7492,13.320812142436807
7493,20.282097839566628
7494,15.453198650795162
7495,15.509563760254684
7496,16.72587983877736
7497,19.72728386468808
7498,14.407313844582635
7499,16.85082652300589
7500,18.54791591190337
7501,13.766878115788527
7502,12.70326501292306
7503,23.27860061533199
7504,7.274957142895117
7505,13.250847916301666
7506,13.833739656571645
7507,7.565046669922216
7508,19.94718684459969
7509,20.977297695221793
7510,11.79534083915026
7511,19.252304670575022
7512,15.320836747967281
7513,15.338447550858477
7514,16.274820176665358
7515,10.87376109020748
7516,15.442227372066498
7517,16.796923124534906
7518,13.825815420172495
7519,13.052739889547919
7520,12.432236737948022
7521,15.02608643738989
7522,10.084500363487134
7523,15.7518064715378
7524,14.12085142104851
7525,16.777365861023004
7526,16.209983135032825
7527,11.102609662288819
7528,11.761954685691087
7529,15.109961691847214
7530,12.064629203015109
7531,16.684617242067322
7532,15.26938285203637
7533,12.672718680728801
7534,10.424697345325262
7535,12.389067800256614
7536,10.593010667036216
7537,18.000110002110745
7538,12.59641327686986
7539,14.650494041278092
7540,11.318531043813355
7541,12.051744661270897
7542,15.676006947561483
7543,17.70068898063011
7544,15.526399555994235
7545,10.900083617898748
7546,11.50608003384903
7547,15.503833524576914
7548,15.259494549799753
7549,17.69150630486968
7550,20.551486213053906
7551,11.705653934978326
7552,12.410232482219836
7553,16.148409529316062
7554,16.21419858846718
7555,17.009258587338177
7556,11.150865187262822
7557,14.263438253744
7558,14.306273031532273
7559,17.16764471937076
7560,15.058690980604322
7561,18.864181341134802
7562,19.089101373979247
7563,10.177366821847091
7564,13.68380460045647
7565,15.505300322985502
7566,14.241976162318847
7567,12.25953378743776
7568,12.13157706816366
7569,10.745769189172144
7570,15.015772376935121
7571,13.876188261186053
7572,14.766602042467968
7573,14.153139208744939
7574,10.771435403612092
7575,17.750380615914786
7576,18.441705983768312
7577,13.43741059683349
7578,21.976697376145193
7579,13.790760210709909
7580,17.340792901602306
7581,17.36243078921829
7582,15.751156526259741
7583,16.121650150957322
7584,18.167511347008997
7585,15.660202516579213
7586,13.477102661881887
7587,12.113247765675187
7588,15.420216119036152
7589,21.591696315875826
7590,13.709998370559878
7591,19.578895035342544
7592,17.321669441644026
7593,20.102041341702343
7594,10.239884096936617
7595,17.345067042449863
7596,18.627037604600247
7597,17.49724273907629
7598,11.671909039980179
7599,16.025126163631562
7600,9.83257930794604
7601,17.615685101346315
7602,16.16557995510766
7603,13.082633772769068
7604,13.191034166801984
7605,12.11735506179156
7606,13.374160687047539
7607,11.582188855906189
7608,13.657699656547585
7609,12.821807715094785
7610,14.122934795173439
7611,16.52947541533647
7612,18.086538161260936
7613,16.631527104504045
7614,24.785276323975552
7615,18.44453170857643
7616,15.536810150031817
7617,17.220903459122113
7618,12.798073966554986
7619,18.475515164274732
7620,15.668609289828504
7621,15.50248010970444
7622,13.350685010977855
7623,17.520325410406627
7624,13.592586748425301
7625,18.427790269370426
7626,14.914072431662778
7627,15.094125082197607
7628,10.968918845039967
7629,10.75570543452981
7630,18.771843290222183
7631,19.05282200479631
7632,18.045674370613817
7633,17.902926155906208
7634,17.762270064437036
7635,13.992515135964688
7636,14.090383254960665
7637,17.460483213775817
7638,16.934779799574127
7639,17.109399526371483
7640,18.437589631854994
7641,13.789609026507799
7642,17.159201018964733
7643,15.734770913830445
7644,11.625823482383899
7645,11.810871909314153
7646,6.217543309514831
7647,16.793114656666464
7648,13.385559371537198
7649,18.910995011880498
7650,19.87126831155904
7651,14.041099828972385
7652,17.08138698477847
7653,20.34236845341513
7654,10.804672552155097
7655,14.039429440102154
7656,12.45450197673977
7657,7.52268144284416
7658,22.61764146481405
7659,19.833515789578694
7660,19.210099560075346
7661,19.77486395129739
7662,17.30193787328075
7663,17.260488146592657
7664,14.146473836318464
7665,17.140960995457714
7666,20.864584577935453
7667,19.355016656083123
7668,18.280205341584892
7669,11.373143020110696
7670,16.25507376681888
7671,16.603340254463326
7672,14.619699579283116
7673,13.748988053738282
7674,11.675775794157005
7675,11.480679998786648
7676,13.187116560388684
7677,17.83398917096857
7678,12.991855196382419
7679,14.742061024749153
7680,14.442384000470513
7681,15.157770298385072
7682,17.183246785774855
7683,12.33575977607138
7684,18.757894258104162
7685,14.805655483487667
7686,15.616187905163999
7687,18.719617590553845
7688,19.30548949131857
7689,15.506877683662001
7690,20.90901018779604
7691,17.3141085536421
7692,15.194640425684668
7693,17.55439131357047
7694,18.20237719868173
7695,16.09936595499432
7696,10.306972207353564
7697,15.94131727874388
7698,15.142429968378817
7699,18.863776791377816
7700,15.621387612369853
7701,14.035082899070783
7702,15.892102580132155
7703,16.40447570141753
7704,15.197426855607484
7705,15.429261359305562
7706,16.53383621543606
7707,13.309214606017743
7708,14.554775081901528
7709,19.234640473439008
7710,21.939679205489945
7711,18.794758450604107
7712,12.947317617430505
7713,13.513115215663605
7714,11.527472714476758
7715,8.819526234873951
7716,11.414546949873843
7717,13.192535424767666
7718,16.128690204488766
7719,13.761129283136356
7720,16.264906025743286
7721,15.139987937693778
7722,17.714725374398682
7723,18.306009890106097
7724,12.996617597870914
7725,15.981391358081563
7726,17.363694590436072
7727,13.657605901339299
7728,14.188240910346781
7729,15.49901780263968
7730,16.694020337221506
7731,14.772453799089998
7732,21.04691172670333
7733,16.522492863077733
7734,17.369361566919192
7735,9.282127394979307
7736,19.87510472686941
7737,18.071670464395226
7738,12.796867137413848
7739,17.378836570522626
7740,15.729453092201684
7741,12.539795971351003
7742,15.873453983463726
7743,14.676567575021192
7744,11.040028691908319
7745,15.060366142990105
7746,13.284820790543344
7747,15.470052766009708
7748,17.61680638261827
7749,7.079224570268616
7750,14.691468642161047
7751,10.00051991519355
7752,20.910075303594553
7753,15.538740313882396
7754,13.901798432833298
7755,17.02342417284898
7756,11.783859616193109
7757,16.07757603656292
7758,11.719687166258943
7759,17.23688862792461
7760,20.524784989711755
7761,13.94149737119336
7762,14.360113538741746
7763,14.245409476721957
7764,17.14913123459596
7765,10.82293004362165
7766,15.35797598706728
7767,11.432067977951693
7768,16.572156728444046
7769,20.74496385444172
7770,12.13888020236801
7771,18.288957838927654
7772,13.82278938258419
7773,8.916480781026983
7774,13.611380065662019
7775,15.860134789882704
7776,16.44561681031771
7777,14.94672691618979
7778,15.780045689886391
7779,11.071849111241885
7780,11.649496297072302
7781,16.74729033727183
7782,16.727498085587907
7783,12.306039968280773
7784,10.886377563474639
7785,21.12057293907749
7786,18.241757336597498
7787,15.009450900469158
7788,12.524121854673757
7789,16.638287680694777
7790,23.435350022748935
7791,7.337131420839114
7792,20.168789032459806
7793,15.850169422053318
7794,20.581901204141943
7795,10.670578772889755
7796,13.882756223712516
7797,12.008849300802767
7798,18.900671303679495
7799,20.07414554548358
7800,16.34632281469635
7801,16.55534345586599
7802,17.131006860621405
7803,16.994779168741427
7804,16.397425218164386
7805,13.798910139595836
7806,18.47491696554969
7807,12.318081947152933
7808,18.42880920225375
7809,16.240556940848553
7810,15.181884312508881
7811,18.46084460530443
7812,18.30693112633954
7813,13.856032226021066
7814,8.70916972054026
7815,16.955899241440896
7816,17.20536699984918
7817,14.99772808580559
7818,16.188134683184096
7819,20.335226877912277
7820,14.216770859133371
7821,10.421027225011306
7822,20.287118216064762
7823,16.21011090952414
7824,13.931787664277657
7825,13.36791796546715
7826,12.728322369955851
7827,15.020497211079
7828,16.300957878149198
7829,20.87975431273755
7830,18.238621880160657
7831,10.735354472698006
7832,14.648234073035525
7833,10.762669554568657
7834,18.508458161524477
7835,19.133598497020394
7836,14.854504279692474
7837,20.890168586000495
7838,14.149788361103612
7839,16.03289167404071
7840,18.114599970741786
7841,14.180010727487618
7842,17.143403149029176
7843,10.743528987046108
7844,13.09636389927859
7845,15.946366694523991
7846,15.029816369014172
7847,17.16113586479257
7848,11.91147247721218
7849,18.854996218985328
7850,13.979095013683379
7851,19.043360654856404
7852,18.268890295472453
7853,19.82257266482133
7854,8.102907760146596
7855,19.6510547676751
7856,15.45887520967246
7857,11.387267471887158
7858,17.356880041148408
7859,13.460298039897447
7860,15.232313174552676
7861,17.298441260866383
7862,14.602507287308796
7863,15.635942777043995
7864,18.200618079009462
7865,15.867186559485377
7866,19.896312846149527
7867,14.193730496751767
7868,13.07718489280809
7869,17.42003690183308
7870,12.948505800277825
7871,16.170278418797842
7872,24.442273286394393
7873,16.577404097332064
7874,11.583955204548435
7875,15.242854799137714
7876,20.766781338169313
7877,12.664564164787997
7878,18.91059581198666
7879,13.092637490912704
7880,12.697633421481195
7881,12.912333510077667
7882,15.208818412309279
7883,22.68165203330548
7884,16.411053984393885
7885,17.75041904031608
7886,15.048999109692248
7887,15.96037151213893
7888,16.1966782502439
7889,13.499442458742882
7890,15.841169566927261
7891,21.485617252560637
7892,17.09697238803102
7893,14.662127065856145
7894,12.485062905764785
7895,11.92616182377439
7896,15.803770635863572
7897,15.242002867990305
7898,12.794210048485544
7899,12.815416509846926
7900,10.796324645660173
7901,14.979021947032946
7902,11.234469984888872
7903,12.84926057121027
7904,13.68486773392972
7905,15.75395046460029
7906,10.469865778920585
7907,11.38419533391617
7908,18.21020030281016
7909,11.138921844036282
7910,12.669416665123098
7911,17.153826408084573
7912,9.156784574064933
7913,17.470976278552172
7914,11.160469039321573
7915,15.379966644935365
7916,18.42625808886965
7917,14.874977796936827
7918,17.100050808266595
7919,12.824740799707623
7920,16.7815013717946
7921,16.19713783554528
7922,13.429587709629853
7923,13.960011597076393
7924,22.054890386504425
7925,13.200843245028661
7926,8.913507800965267
7927,13.480665866697946
7928,16.52397496651817
7929,14.33891790444802
7930,15.767308525957123
7931,12.283018946625353
7932,16.06526922456638
7933,14.95261026160858
7934,18.61182251920671
7935,19.189465096140168
7936,9.547795838161775
7937,9.834758161640377
7938,15.874645944422168
7939,17.343570827526815
7940,15.681323267136353
7941,15.430247753889091
7942,19.526406001619723
7943,16.097302711860937
7944,18.974126353908225
7945,17.842731365599015
7946,14.134760541650586
7947,19.29670510209364
7948,11.549686640902681
7949,15.628542164904694
7950,12.182403339290865
7951,14.593634989008734
7952,15.602833406086528
7953,14.65176639884472
7954,17.101130415711978
7955,17.304184485621796
7956,14.868730819062169
7957,18.131430826825387
7958,17.419704756970027
7959,16.71728751655911
7960,15.426601197859906
7961,13.456839054524108
7962,19.951627839413952
7963,15.916533959126248
7964,14.450113985902206
7965,14.20434970187979
7966,19.428728508507923
7967,20.21145840562737
7968,13.198474784603302
7969,16.68224519740918
7970,13.91119773229486
7971,12.948052720071468
7972,13.154445705372567
7973,25.609981243647308
7974,19.908344836416546
7975,13.144926946886164
7976,16.54572250456419
7977,9.230215802902077
7978,19.98925341189078
7979,15.5244789765723
7980,18.80630151442048
7981,19.386353385228958
7982,19.610890740703482
7983,15.295789152347771
7984,12.748635697774443
7985,11.94518144001573
7986,12.010403637749038
7987,21.237300602687267
7988,18.59078090239778
7989,22.319705800841184
7990,16.08702381894532
7991,18.021154500370805
7992,6.792747037379954
7993,10.194356043844307
7994,11.795453828402817
7995,16.834577280816337
7996,20.38874681290413
7997,14.515774412871986
7998,13.026348793289577
7999,23.448186515508105
8000,10.805490247664403
8001,14.749086736198752
8002,17.389324206266686
8003,8.395522641422527
8004,18.31507907204535
8005,16.44275377821953
8006,14.078380313207967
8007,14.859868829272312
8008,17.0625194619956
8009,19.34269169870278
8010,16.980328988842114
8011,11.591514406502785
8012,15.995061369018028
8013,10.281186452410518
8014,9.226363668075605
8015,20.701370092279106
8016,17.404826315142202
8017,14.027587961437165
8018,15.279846322629878
8019,12.831137836532145
8020,20.829216275320206
8021,13.905766523663598
8022,13.534944669534283
8023,10.572459882958757
8024,16.80178581028123
8025,11.008195775442285
8026,15.297237610615163
8027,14.8196168391338
8028,15.929344226762174
8029,12.24139716073144
8030,18.67050680770107
8031,18.474107890198876
8032,18.267149712471088
8033,12.230763424368295
8034,11.210237945571969
8035,19.987174463975283
8036,13.170136936841239
8037,15.020908624721
8038,13.619035061703665
8039,12.938913616727351
8040,10.931574074487067
8041,8.397004538560937
8042,15.151079876079056
8043,16.30342757629371
8044,13.632865967988376
8045,15.126472735204128
8046,8.376362672597631
8047,15.33779948748691
8048,14.373452380566299
8049,19.428167608187174
8050,11.554699907254834
8051,19.64143855141223
8052,9.861088828022211
8053,21.57569015876244
8054,12.505610428515233
8055,9.975586783837384
8056,14.543894051421752
8057,11.55634953304466
8058,15.006059334483526
8059,26.307642002073518
8060,14.48438628118239
8061,13.975514329289902
8062,13.849772418045802
8063,19.5579890919404
8064,8.932129808739969
8065,14.189128279161627
8066,17.59624530822284
8067,12.252751324481443
8068,16.541358551956854
8069,16.280763085959506
8070,17.22589636202825
8071,16.414576344842317
8072,13.636229081648933
8073,18.016241086765547
8074,10.938803333846876
8075,14.620498974171223
8076,11.965259792057992
8077,16.04184437654925
8078,17.40033519512795
8079,22.005224568224047
8080,16.362161548414292
8081,14.539798270446239
8082,13.694721705644362
8083,16.598985081214416
8084,13.189185404852783
8085,14.873193350597631
8086,18.409177547886305
8087,9.685019436283186
8088,17.314898558382986
8089,12.45740903446104
8090,14.453954226125768
8091,14.916855712384653
8092,14.135917988887883
8093,16.529337214871738
8094,17.86763400344215
8095,16.85154994962909
8096,13.731208112626975
8097,13.322183570874726
8098,15.39603909907595
8099,15.685287699752077
8100,14.283946021287408
8101,21.869246643231683
8102,13.531180999329234
8103,21.317084499575195
8104,14.38649814056552
8105,13.621134564402887
8106,12.379253868345618
8107,15.566719140819497
8108,15.598964730577674
8109,13.099233643523672
8110,15.450623931301
8111,18.12783059164815
8112,15.362883434084099
8113,12.91836568440041
8114,16.826270625525964
8115,14.00433836773494
8116,17.819912520506385
8117,14.205444523092664
8118,13.056766299732715
8119,18.84821153545336
8120,18.392787468683082
8121,14.161004319408914
8122,18.421412745663268
8123,14.945561591425003
8124,18.43815877225118
8125,15.069788671657896
8126,10.99459462483761
8127,12.864484290675557
8128,15.503559057718148
8129,14.3856730655499
8130,17.691038561621088
8131,15.767932130932385
8132,12.17616516236903
8133,20.851217163706437
8134,16.295702068007003
8135,16.28903789594277
8136,14.513426721207264
8137,18.01954382010686
8138,16.046465447179695
8139,15.521601599793646
8140,14.395008666660646
8141,13.42937044954099
8142,15.90132576951795
8143,10.046042141117846
8144,13.266181860709702
8145,19.695013344978904
8146,11.200653298605058
8147,13.929593216868902
8148,16.394128740906808
8149,11.330235018413088
8150,18.481949796535886
8151,17.13517358741326
8152,14.483326884157002
8153,18.529434638271802
8154,18.964137905072853
8155,14.12352443203153
8156,13.090203612832227
8157,21.31867966047879
8158,14.7490322163499
8159,13.088740877368085
8160,10.510246670629058
8161,13.534163925392646
8162,20.543862888877058
8163,16.980795783440087
8164,10.500670067126833
8165,12.509142249883034
8166,10.847570462686763
8167,13.433425234344275
8168,17.826499625941047
8169,15.074774229478207
8170,15.008799917750622
8171,11.059086089517525
8172,17.872467349598395
8173,12.367922985674154
8174,15.252375662581414
8175,16.501047704932827
8176,6.684759534438358
8177,9.525145905506111
8178,12.880101288961079
8179,16.429839589926864
8180,10.223598045430059
8181,17.54671903304927
8182,15.43141403802059
8183,14.46456363931155
8184,17.576281031956356
8185,10.705964912691087
8186,13.973159270283002
8187,16.67552510824918
8188,18.3273299310165
8189,11.974913110191784
8190,23.45862120801057
8191,12.862178274673205
8192,18.47433134322216
8193,13.705228276408052
8194,16.779953874767283
8195,13.520625725712524
8196,7.3781849979951835
8197,17.298249880695856
8198,14.850364637596176
8199,19.37962388899657
8200,20.20593319669744
8201,14.46037885456524
8202,14.154114893190698
8203,14.126562536749955
8204,16.423699121655545
8205,19.64096433728983
8206,11.615450438648889
8207,13.278353328353731
8208,12.899708256969355
8209,13.995669535308235
8210,20.258792946165663
8211,17.373659524117922
8212,17.895333606490823
8213,13.888205848384175
8214,15.848112563168378
8215,19.049520746708023
8216,15.988565357132984
8217,14.501160457773986
8218,8.480038355977612
8219,14.50166938613755
8220,19.091520366906472
8221,16.461234258118964
8222,14.753227929423527
8223,15.449236032715326
8224,19.360859726878502
8225,18.583031853854763
8226,17.95438460332846
8227,10.83198713483559
8228,10.205919943612834
8229,17.87133171766017
8230,16.863073525632693
8231,18.974702691259132
8232,11.273662663601257
8233,16.87517071124429
8234,20.31394184422027
8235,14.458205519700455
8236,12.899972226815787
8237,16.074883363475127
8238,13.457265840815746
8239,19.866956871436273
8240,13.313554361229592
8241,15.260990921065797
8242,16.28731795074274
8243,16.201794081594585
8244,8.786581555211955
8245,18.557582761474876
8246,16.63385319404054
8247,16.567742720084848
8248,7.2983595981534926
8249,15.217261088254554
8250,16.694337916521125
8251,17.56741742290574
8252,17.254879118761632
8253,13.044593822964542
8254,15.084903842222216
8255,19.301729388939975
8256,15.764280175926874
8257,14.027021779834143
8258,16.851871092664204
8259,7.689668894971745
8260,20.24312158285032
8261,13.209974134954832
8262,18.03606985518126
8263,19.375717517492845
8264,15.084084017379313
8265,20.568593873676367
8266,17.53409333268913
8267,18.876429436925346
8268,13.268726799217808
8269,11.63752141666968
8270,16.108753146068683
8271,22.200067263076637
8272,16.67398443459807
8273,12.56707923454652
8274,16.242153271674198
8275,10.065558275198514
8276,11.931430436057187
8277,12.380614979141146
8278,17.04591030011705
8279,17.080894455684657
8280,17.24991461975557
8281,13.268234097811112
8282,13.813166011741389
8283,13.894927768418643
8284,16.668643368065016
8285,20.326247067177505
8286,14.153869600650234
8287,11.20252575880042
8288,17.04131607485523
8289,19.322398096020493
8290,16.26105966147462
8291,14.98222683489214
8292,12.80360688442749
8293,16.22400543013617
8294,20.098960621851123
8295,13.862523396025463
8296,18.988117949550823
8297,18.567241433517623
8298,15.309434308394602
8299,15.72861273663299
8300,15.058541772995524
8301,15.123094606102747
8302,12.227961900431579
8303,18.559200524165185
8304,17.290672775579846
8305,14.215418742123372
8306,17.275486193791927
8307,16.319192139469894
8308,17.858456383767397
8309,15.94887550879395
8310,15.439482420772137
8311,10.70613369256805
8312,11.909063072311614
8313,13.75752971277683
8314,14.756791228930272
8315,18.93745925493273
8316,17.274871520411402
8317,15.981181065052494
8318,19.09412773690761
8319,17.845656149320902
8320,15.230350964915154
8321,19.231007745957875
8322,14.83643330914617
8323,20.112620850070968
8324,16.269176556532738
8325,17.712896009810546
8326,19.531465025526757
8327,15.002552515983542
8328,16.25114241833895
8329,13.703794358280748
8330,18.157084600951595
8331,17.5059124693162
8332,17.234002196448223
8333,17.960224897774324
8334,15.249701840999814
8335,16.042795918005528
8336,13.186102771668699
8337,12.199400885066723
8338,17.703648875932068
8339,8.917088900060822
8340,13.623845622591448
8341,18.736162095215647
8342,17.485018921158098
8343,12.920339799250424
8344,18.020263007940745
8345,15.471593440047545
8346,13.397168655008082
8347,12.854503501965908
8348,22.520374559596938
8349,12.738724843836295
8350,15.48830014815495
8351,17.090405065807367
8352,13.294062871986839
8353,18.091438215308578
8354,13.5700164942301
8355,16.2962689908734
8356,15.920546300219767
8357,20.25471778233157
8358,16.393119734821763
8359,16.809133376045708
8360,12.942325761276834
8361,15.271800674609487
8362,12.360755678179013
8363,20.46802518155132
8364,19.23497229479791
8365,11.542624139762783
8366,12.391551128148304
8367,16.918497872920593
8368,16.001669977368195
8369,22.685456669946532
8370,13.031721956796684
8371,17.038901385836418
8372,13.276706730751396
8373,16.671576729470402
8374,19.060868538309244
8375,17.267639740062695
8376,16.839737171422176
8377,11.318741287002142
8378,22.340675534349728
8379,14.835295598339433
8380,11.56766473136678
8381,15.644748449381474
8382,13.367487973329734
8383,19.50637454608706
8384,14.532956843431243
8385,16.147467858754794
8386,8.998225030944482
8387,19.437758262506982
8388,19.935690220849335
8389,11.734094330046258
8390,15.748326759320724
8391,14.648221532668256
8392,14.036392497522586
8393,15.321389427475852
8394,16.28111273118445
8395,11.91483505788574
8396,12.500363379597049
8397,14.610442420280934
8398,19.573227620918104
8399,17.32298754539473
8400,13.290610612311667
8401,15.95365220827648
8402,15.062805967986517
8403,16.071947923199296
8404,16.98025711051208
8405,15.447691829872788
8406,13.646514649590625
8407,12.47734882882827
8408,15.724434271275074
8409,14.630599239437242
8410,15.755729767364052
8411,17.378956895899755
8412,16.12835818470671
8413,4.563603150991675
8414,16.935965314391083
8415,19.630257613114807
8416,13.447942256125598
8417,14.906972493788288
8418,17.642437267110992
8419,11.81252875578658
8420,13.836371683174596
8421,6.996157694231059
8422,16.9807799157862
8423,18.931197652621847
8424,6.884004724638162
8425,13.742130207859187
8426,11.42459928960173
8427,11.803765546296884
8428,13.982591739283604
8429,13.830501834871304
8430,21.298620797934923
8431,14.812285708662294
8432,15.49669425442319
8433,14.842763647145974
8434,10.66859842434982
8435,19.604738523629432
8436,15.830838189327798
8437,15.016386729501392
8438,12.366118185404314
8439,19.41704305740007
8440,17.272563997480958
8441,15.621877418084276
8442,12.20426704184066
8443,13.616664879640311
8444,19.056072448909703
8445,18.469200042077723
8446,9.289414644389726
8447,20.99183594664367
8448,22.520942250220056
8449,13.986110203204596
8450,18.41128998183629
8451,14.286108432744053
8452,16.322114038729577
8453,11.901674369337536
8454,17.11903779814275
8455,11.434992805108513
8456,20.48435429905404
8457,15.781448820283547
8458,20.533381654157466
8459,17.812009750287654
8460,15.520720219278818
8461,16.35003496326592
8462,9.146958736982205
8463,10.062265850725378
8464,18.027241561464958
8465,13.713547956551636
8466,12.57642533171165
8467,16.354113850541406
8468,17.485208626488213
8469,12.686066134294773
8470,17.55469899714175
8471,12.448630806936206
8472,10.711059147476561
8473,16.142256388244714
8474,16.926543011848352
8475,15.553286441180704
8476,20.037254105223802
8477,15.63537815117952
8478,17.726021751862685
8479,13.103703151897117
8480,13.618322487091554
8481,18.40082665134223
8482,11.389930869584116
8483,13.596045422587627
8484,12.847790708743615
8485,18.91406188852809
8486,19.618086462645216
8487,13.52411621906474
8488,17.669689694981425
8489,11.43470334284158
8490,18.684697376763562
8491,12.467017543810247
8492,14.018733843136816
8493,20.991555561702675
8494,18.164640302272954
8495,18.99998288838857
8496,21.92216341331765
8497,13.512852372011736
8498,21.728113100797138
8499,5.55268973713401
8500,12.08002279818949
8501,18.610946435003903
8502,16.113692752370497
8503,15.179248418321427
8504,14.415507367547786
8505,10.743727063203057
8506,13.399178830552735
8507,17.446041534203985
8508,14.729959992990207
8509,15.634562782534582
8510,17.740716208636886
8511,15.276649630770057
8512,19.798039030706818
8513,14.950060062030571
8514,12.927436322806503
8515,20.3785008103764
8516,10.827394669019121
8517,20.028625265087083
8518,21.965476775132643
8519,17.90171616681782
8520,17.42219742511847
8521,13.27998350950203
8522,19.03938912711992
8523,15.550901287646521
8524,20.370571330246058
8525,19.367393524945804
8526,14.995290884831038
8527,14.633121379766477
8528,15.071160674277472
8529,14.158116882574577
8530,17.402838927633702
8531,11.753376758927496
8532,12.076961847056715
8533,18.877015619600325
8534,18.090412698872136
8535,13.695958752381154
8536,14.181128409552022
8537,14.874568420923737
8538,15.307903182284438
8539,17.912247710906108
8540,16.374749423578027
8541,11.917628680016861
8542,14.620732983031003
8543,16.09202126061259
8544,9.28190976082516
8545,12.608980096786347
8546,9.455103884450393
8547,19.909804648008176
8548,16.237369748098597
8549,20.094440721569832
8550,16.105999563761547
8551,17.747197048854623
8552,12.70339970629195
8553,13.532494231917735
8554,17.01775781386777
8555,19.471428664131743
8556,15.48371363477612
8557,21.377707911437422
8558,14.583415672092805
8559,16.879721505132093
8560,10.211408647028282
8561,17.256030995213983
8562,10.020214882537124
8563,10.518860813378748
8564,14.534518536762285
8565,16.922787936868797
8566,11.360770728540036
8567,18.97392517645931
8568,20.926574758868977
8569,11.474378779999164
8570,17.388456565503326
8571,13.01253900220575
8572,11.296534039075471
8573,11.10777502336624
8574,20.935927420355654
8575,20.673633010662193
8576,15.369044182269029
8577,18.810431620116734
8578,9.173706374060169
8579,12.059558679333458
8580,16.248810213904274
8581,13.727896229454094
8582,20.876381323064493
8583,20.094114618395402
8584,12.776266763870517
8585,15.346454736148237
8586,14.372092768802837
8587,17.1914545546212
8588,8.661894720621348
8589,11.369247581466286
8590,11.327329644693577
8591,8.211175061616702
8592,11.543272268999859
8593,14.216357003061278
8594,15.993766956523466
8595,14.139372408381673
8596,15.739611914531398
8597,20.232547705193504
8598,13.385591416448298
8599,14.606633411959722
8600,21.58243019944684
8601,11.772063018519187
8602,14.244666234940535
8603,16.807720546776153
8604,13.655294439337762
8605,18.63637653774684
8606,10.782307185182797
8607,13.023694443095131
8608,14.616736843070852
8609,13.001944958564149
8610,15.069011321079142
8611,14.263286080772605
8612,12.069577725486567
8613,10.727510506357175
8614,17.30471687571343
8615,12.442874920985295
8616,13.051722369765669
8617,15.67896760220808
8618,18.314849598846628
8619,13.740659214893252
8620,11.310179814515116
8621,16.738162699641883
8622,15.798332909657834
8623,15.575338516105523
8624,18.460130877165714
8625,14.218202049682981
8626,6.84572231888083
8627,18.311703058032464
8628,11.27624960969124
8629,17.576682450363997
8630,22.426651446799344
8631,21.409129305102137
8632,13.597289112594991
8633,18.480105060592646
8634,14.225517801994247
8635,19.750132889860875
8636,14.145138329892921
8637,20.794317578896894
8638,15.741553993024892
8639,10.440792717524914
8640,12.37392702689101
8641,17.312775407788727
8642,14.143268721264006
8643,18.735435890575538
8644,17.48052452724352
8645,14.020606771435709
8646,16.796343321783176
8647,13.81543885187414
8648,15.420506406000094
8649,23.16412197932338
8650,17.06739192408951
8651,10.606079227980215
8652,15.730747116748864
8653,9.466790698591186
8654,17.47520442349625
8655,19.361095710391417
8656,10.97455122292021
8657,18.904027005172814
8658,9.289274003031927
8659,15.397274016665632
8660,17.09832702095434
8661,18.476776533792595
8662,14.29819518648045
8663,24.426826761797095
8664,19.327256517755806
8665,14.292771875874394
8666,16.558951506013056
8667,17.683548823231447
8668,20.29867605854589
8669,17.62367411714266
8670,16.598305962357024
8671,10.21710718396277
8672,17.994558201836842
8673,14.182291246798918
8674,17.113788495785467
8675,19.050586237378546
8676,12.846912893742175
8677,7.610865038386942
8678,17.50596244572102
8679,18.136403568915757
8680,13.97498769447535
8681,20.65293872089894
8682,19.767574599561662
8683,16.08920881881183
8684,17.7704601610219
8685,19.112981279675655
8686,18.36680406379597
8687,9.788990462108991
8688,16.7196180214831
8689,18.085549798296707
8690,20.800317881141684
8691,16.140185841231844
8692,13.096719918269574
8693,14.790110690119088
8694,22.18693344434253
8695,9.963334946957294
8696,15.552584128058438
8697,16.610809205336793
8698,17.376729235136043
8699,12.382943661135217
8700,18.632440382015403
8701,16.841881616075618
8702,16.45353625692924
8703,13.33428149560925
8704,20.814167609087512
8705,15.316835147051059
8706,16.19936971706572
8707,13.840594192391833
8708,17.53874722863263
8709,11.968307947283158
8710,22.231889885624753
8711,14.373753798363456
8712,16.504501039090105
8713,12.969657341288931
8714,15.162408390606501
8715,12.943899976521054
8716,16.5540125445409
8717,16.43808609653086
8718,18.043702726025007
8719,19.694219093548192
8720,13.798845267628483
8721,10.78096827900967
8722,13.147807077673374
8723,12.47420014328889
8724,14.058460232445562
8725,17.27532806583846
8726,16.791638006683467
8727,10.118700604373517
8728,15.74233023789226
8729,14.078323214259367
8730,17.669696716691277
8731,10.45078606303604
8732,10.616152143115851
8733,18.57465013736949
8734,15.967797701892502
8735,12.843815111574116
8736,17.97726786647364
8737,11.31501457480714
8738,12.336302879518799
8739,15.616322575312132
8740,17.3401026423933
8741,18.19681247182095
8742,16.705193569752936
8743,15.614458194160727
8744,21.03514061100061
8745,22.095640482828486
8746,16.099355879451938
8747,12.513119133260608
8748,13.65969926700631
8749,14.210188289817586
8750,13.218421514901038
8751,9.369352456563291
8752,13.839342572302872
8753,10.694515704369218
8754,13.821991425872916
8755,10.312128745289975
8756,17.065504419553204
8757,16.881532862085198
8758,11.821790245347167
8759,18.794455815348346
8760,12.339562465434783
8761,13.264137579457296
8762,12.913926046277263
8763,11.134109424724663
8764,10.65926250322765
8765,11.37737037999604
8766,10.203456679684487
8767,14.989124448682375
8768,16.174451984593
8769,16.544691826731334
8770,15.701132357509275
8771,12.397256311801819
8772,20.537286057601044
8773,21.12881784302496
8774,17.792843960944403
8775,13.454155402054194
8776,11.053011296037518
8777,6.834798094575744
8778,17.109459883693372
8779,12.47053314868099
8780,11.16449762186464
8781,17.383966019043534
8782,21.765519070127198
8783,21.96420010237417
8784,21.737675054653536
8785,11.234012931000855
8786,18.550314606530627
8787,24.248946519205546
8788,13.460086375152107
8789,11.449136027094024
8790,14.085562622105932
8791,20.416210556944836
8792,17.34108505431065
8793,12.280892378929602
8794,12.298781314583685
8795,16.548222925931718
8796,9.205891918753972
8797,22.342987173244676
8798,18.488995383711057
8799,16.36112392121701
8800,13.581122234398691
8801,19.708597401945646
8802,7.116427218344839
8803,15.41276046431548
8804,15.924808570503524
8805,21.105808729639826
8806,12.250798029552152
8807,17.212308983713996
8808,11.295665623172233
8809,14.824790579205079
8810,13.943640134964685
8811,14.148765865990969
8812,15.252064758192816
8813,13.948440407706425
8814,18.58896346466896
8815,17.67029268424082
8816,20.861072958512587
8817,12.845448217815061
8818,12.929358111467293
8819,17.950779710341752
8820,7.51333424604154
8821,15.129129470627246
8822,9.843151677762624
8823,16.48691939537345
8824,19.17269866707885
8825,20.07508321220998
8826,20.92419914489473
8827,18.42278942564524
8828,15.3446259722797
8829,11.356912960236015
8830,17.633628234915864
8831,10.194414054428432
8832,15.446397575390202
8833,18.010275289643296
8834,15.148323990880586
8835,16.00326084905607
8836,8.514886364778274
8837,14.094466580772213
8838,13.955646681255658
8839,17.947462412358675
8840,16.10725297764174
8841,16.362061019931392
8842,15.542044597509188
8843,19.136646977821943
8844,13.829316212255884
8845,15.400467571584839
8846,17.162039408412546
8847,18.79907987961113
8848,17.40559152584087
8849,16.475731441958498
8850,17.150139388167233
8851,14.224465652143833
8852,13.362403887776022
8853,15.337401393601766
8854,11.42858636952319
8855,8.476062085977432
8856,22.206189608159082
8857,20.96246037623668
8858,12.412906154449106
8859,15.529907504533162
8860,22.366604557221486
8861,15.0262661661496
8862,17.886117984350694
8863,14.46285280186285
8864,20.213760427908635
8865,12.79806284304767
8866,18.070538681431955
8867,17.063398724228605
8868,16.823453973090245
8869,19.538103861790034
8870,18.335170797255614
8871,11.519427498699015
8872,11.744769481632348
8873,12.411505461750654
8874,10.416584878831328
8875,17.339265196990944
8876,19.001594593456097
8877,15.755605231557073
8878,8.264718879404997
8879,13.5453020309566
8880,16.09169860883197
8881,14.871941466064019
8882,11.28231066538699
8883,14.161036168490929
8884,9.727401249058747
8885,14.592737421081532
8886,17.25551769677383
8887,13.541300641854484
8888,20.42966149542503
8889,13.568507048253606
8890,21.888411634640175
8891,15.273742101845851
8892,17.424978932967583
8893,19.86770781814461
8894,16.721819705612713
8895,16.03195611888015
8896,9.125892888860964
8897,14.22326143198179
8898,10.83646950732665
8899,18.00279150271284
8900,15.724311453103486
8901,11.487643302072254
8902,19.967147737470714
8903,20.182849842230343
8904,19.92087496169874
8905,16.962652585365387
8906,14.969486121632961
8907,18.59361870884674
8908,12.122356435464493
8909,12.155607677355025
8910,18.149143611381298
8911,16.351786761281673
8912,18.340385959386218
8913,22.07855697569316
8914,12.43503358501678
8915,14.835529103606762
8916,17.819784239005166
8917,19.472373739951617
8918,11.92058217328995
8919,18.52056233157029
8920,13.342591523254374
8921,19.976335034130297
8922,12.880640613508632
8923,16.797639323463326
8924,10.831138643993157
8925,14.7416940724315
8926,14.730266612655823
8927,19.943405756567284
8928,13.910085126594744
8929,16.53638192881064
8930,9.696488118487023
8931,14.089724215097728
8932,14.35128434484652
8933,17.012411967157764
8934,16.2462757669204
8935,11.672560454678448
8936,17.333589339966185
8937,13.555823914589965
8938,17.484280578871175
8939,16.55927986885651
8940,17.68466249411326
8941,16.38744652735173
8942,14.940689637030994
8943,12.982543561994156
8944,15.517058214265148
8945,19.174201556080114
8946,11.484844805103725
8947,17.862704143097034
8948,17.922063661483953
8949,11.374198611221331
8950,14.684246760435046
8951,22.84102958683276
8952,17.647150633173155
8953,13.72241200328554
8954,18.461014062861327
8955,20.578708303277153
8956,10.609531876382327
8957,15.291941166632856
8958,20.03601296212494
8959,12.429412308480426
8960,16.486413544789688
8961,13.7357752885365
8962,10.807577558708077
8963,19.279749169319313
8964,12.763949668653959
8965,16.351425071277216
8966,18.289120965573797
8967,26.806186260083837
8968,12.993053747312892
8969,13.787564475514257
8970,18.393615805090185
8971,16.266254674721708
8972,16.232648978908184
8973,17.251910909182506
8974,14.078741036688442
8975,17.08870138931027
8976,15.788947828748832
8977,12.641818899239963
8978,15.650785748141118
8979,15.037787441410979
8980,17.684872018100087
8981,15.285952585114964
8982,16.679784127889114
8983,12.746916919147377
8984,19.092561384613056
8985,12.899530030517088
8986,16.62155112577289
8987,12.906086476098121
8988,12.470201264609923
8989,12.745720555639458
8990,11.957828474547735
8991,10.371190619070447
8992,15.912828970694779
8993,17.90877164524448
8994,8.26935307873286
8995,12.195486473786765
8996,15.317810713281581
8997,20.908984071363474
8998,11.029783571982456
8999,14.75680184831563
9000,19.552373309897952
9001,16.25226018486601
9002,17.4406616442377
9003,11.776674700295395
9004,12.8199967220498
9005,12.689607021236
9006,16.05853172011997
9007,20.510449785226122
9008,17.7721359969174
9009,16.984069855694713
9010,14.179935103447018
9011,8.325879748799746
9012,14.101995282874775
9013,18.84277842475309
9014,20.578037915333447
9015,14.949931400739294
9016,14.167577446001262
9017,16.374293401897024
9018,12.18247780676609
9019,18.189108709038873
9020,20.402876720526397
9021,10.275991567330186
9022,15.33030991991322
9023,10.732436227112311
9024,14.893178010336394
9025,17.829477045702113
9026,12.34114687796008
9027,19.406967020100048
9028,13.36808072240053
9029,11.649196216638398
9030,13.54182295613195
9031,11.495113822805731
9032,16.314714858864676
9033,20.76293523733007
9034,14.248221196880936
9035,13.985913769476934
9036,15.557164596296095
9037,13.558312087157567
9038,13.270354368767803
9039,13.019032916546188
9040,20.142230147899145
9041,15.71413892524395
9042,15.357178965996722
9043,15.3948901165999
9044,18.701396509169133
9045,16.320310725377034
9046,14.045052234696838
9047,12.372534737023065
9048,12.296128751230398
9049,16.228364470718724
9050,18.73048483021502
9051,16.043529143615068
9052,16.363648437008845
9053,16.90495880294653
9054,11.773245193823827
9055,18.7597087545924
9056,9.72497965506127
9057,13.832498222835572
9058,13.512137778232276
9059,12.772899168512556
9060,17.68839147203071
9061,17.297690196938664
9062,15.424631948597838
9063,17.86784066898926
9064,16.617705095638833
9065,14.885678842651858
9066,16.09557265746134
9067,12.141999533597115
9068,15.322625392515315
9069,19.680472023914827
9070,12.727991656447028
9071,13.886498716026644
9072,15.655513854718787
9073,15.962900924733706
9074,10.131072614798184
9075,17.016441376788727
9076,16.593179593882905
9077,14.285142020483438
9078,12.538500277361873
9079,16.164017042795177
9080,15.44874136474404
9081,17.457611240286894
9082,19.356935210547327
9083,19.419797836491117
9084,18.926290651753924
9085,14.926157146361737
9086,14.40877689561501
9087,20.4545877743007
9088,14.41377370898125
9089,19.197737694080608
9090,13.33872516605278
9091,17.27249277576302
9092,15.100572694588633
9093,13.737726889853278
9094,9.025336855940122
9095,11.738392810326022
9096,14.025329125712508
9097,10.404897778968959
9098,15.462345687136137
9099,17.373663715800802
9100,18.047283660024483
9101,10.604916439621705
9102,20.942742665356022
9103,12.561333173992915
9104,9.763995788850089
9105,18.43706298025259
9106,11.352053779559656
9107,15.598715599990946
9108,17.14455811072106
9109,14.077004811605551
9110,13.058789772030075
9111,12.485896226473788
9112,13.944327851596679
9113,19.467816780620346
9114,14.482538648387347
9115,23.012500157071287
9116,11.47116443966018
9117,20.504272010471468
9118,14.611424890988214
9119,11.965755384256013
9120,12.461451668131588
9121,10.95520136165814
9122,18.90641317314815
9123,12.305332796759584
9124,14.511896154158308
9125,14.011192129445334
9126,18.641011767296614
9127,11.120147568201784
9128,14.539435640407902
9129,18.90997962958061
9130,20.702395530731465
9131,13.673269466113997
9132,15.583189805233141
9133,13.774599219720253
9134,14.811033138589817
9135,12.666415251767084
9136,18.097319593256167
9137,18.76096950197702
9138,14.001367114728502
9139,14.702842537387298
9140,15.998160278168807
9141,16.45984920964548
9142,16.24983923414249
9143,9.410986491216477
9144,14.057301908290263
9145,12.287124385902214
9146,13.446160720270061
9147,16.253116314219238
9148,19.757385270614193
9149,12.53775051755777
9150,18.297375170197256
9151,18.296301051401493
9152,16.441024466376238
9153,12.893429787319441
9154,14.09390032353721
9155,21.21820658973747
9156,15.465790410130662
9157,20.362954397618132
9158,17.88879015945883
9159,19.037901402862698
9160,19.722542381684427
9161,9.751426708232131
9162,18.404369997799634
9163,12.949181625614381
9164,16.40108475794079
9165,9.094853464559847
9166,13.68575167022968
9167,20.246197513974092
9168,17.168712090119126
9169,15.640643227097963
9170,19.587661418063135
9171,17.922889892163116
9172,14.31841321986157
9173,10.461591750102457
9174,12.045833423258873
9175,17.737467034346487
9176,14.51713854104489
9177,20.109924992466745
9178,20.333921319103887
9179,13.937635200563598
9180,14.140880102604743
9181,12.986797205915927
9182,12.835608829113566
9183,19.24744921476382
9184,17.08943083154679
9185,18.494196526307107
9186,16.862193929026105
9187,15.504661368953965
9188,18.912564092010875
9189,17.60878311048868
9190,18.17760832537663
9191,20.608905016345705
9192,8.689744353788186
9193,12.710592973647415
9194,11.621896943045307
9195,14.136566159556391
9196,17.826822494389408
9197,15.249767268343268
9198,17.27417772417966
9199,17.081591507423735
9200,19.424821621578065
9201,12.434693228978698
9202,17.42173392743818
9203,15.06710521775254
9204,14.609699855175869
9205,16.630585323151347
9206,11.367959809838151
9207,17.70234379108734
9208,16.9537466500489
9209,13.132145054843253
9210,11.63510746482515
9211,15.10974912084548
9212,19.144021296186963
9213,19.024031168346482
9214,9.434475498587622
9215,12.78092374670348
9216,13.384701692840643
9217,9.982247031495914
9218,16.56906956997707
9219,12.802866801571781
9220,15.437207943393094
9221,12.257260027345804
9222,17.57271776235534
9223,13.382670714417461
9224,11.063753058546057
9225,13.633559467104693
9226,12.156517560808876
9227,10.727427898287656
9228,12.911181526583452
9229,13.719461076542986
9230,16.193884946049607
9231,11.942022205445086
9232,16.72597066169818
9233,18.949880428667367
9234,17.05388066617643
9235,17.12819834910551
9236,18.340106214611335
9237,8.451150154483074
9238,18.591013206579284
9239,10.59280193469985
9240,14.98834011894672
9241,11.362722460544093
9242,18.252187913053902
9243,13.32935417429265
9244,12.261086668956018
9245,13.269501992595549
9246,15.123783429133159
9247,14.841031148940925
9248,14.31983793524979
9249,10.92931066275833
9250,9.82610380772243
9251,11.041450263689967
9252,13.314161553067246
9253,12.994122954976973
9254,15.458140947580791
9255,7.8924985742442235
9256,10.70468770833158
9257,15.677714257357218
9258,13.535604225165136
9259,18.639279047548236
9260,13.254515404745554
9261,15.721779984412146
9262,16.516126450380934
9263,14.075065226906291
9264,16.99098762277377
9265,16.59634401694133
9266,17.147292084640057
9267,16.912233641087457
9268,20.867862985909056
9269,14.131905821895204
9270,10.365458131627275
9271,12.539091096655499
9272,14.275008983981492
9273,15.13349362406064
9274,12.981709175060498
9275,15.542097377216187
9276,14.41063847183159
9277,20.273710955654437
9278,14.164467194053199
9279,13.637675089976943
9280,20.026220045581056
9281,19.098896209849045
9282,20.156188045071154
9283,17.602207029699542
9284,15.442562635311933
9285,13.46851712735106
9286,21.44978546654403
9287,16.253048689987068
9288,20.31580727560648
9289,18.97636996953662
9290,17.558908839361965
9291,14.306464142450713
9292,13.910578712666823
9293,8.769215395411099
9294,16.994163417005918
9295,10.65683596251206
9296,21.39202384617994
9297,8.405332587290594
9298,6.125716563514867
9299,16.629892693641963
9300,14.462880040173859
9301,13.494173876904764
9302,15.744850973389493
9303,12.356835520076077
9304,20.855206089000234
9305,16.563784950028257
9306,14.936626045755625
9307,17.810309956937378
9308,12.99032320304692
9309,11.20428594151829
9310,11.632652969807019
9311,12.636365543971372
9312,11.302881197808707
9313,17.29365596214071
9314,14.553327046135838
9315,21.242844514146082
9316,18.535667587271504
9317,13.864245235862544
9318,18.43403526006203
9319,17.69468004435
9320,14.051062655027884
9321,17.696424246223362
9322,13.55586813265616
9323,14.358325971720788
9324,16.800284475484936
9325,15.588528242226996
9326,14.352366911271574
9327,17.949928026146626
9328,14.118994721977776
9329,17.750815043287133
9330,14.129220439739022
9331,11.6668507301971
9332,22.782909379399094
9333,19.06980362958004
9334,10.831870488929676
9335,19.663474352138664
9336,16.467067691684544
9337,14.9336431339435
9338,16.57861479675062
9339,8.165350219412023
9340,11.265182479978414
9341,19.08228357365843
9342,16.435641715404074
9343,18.791096258841936
9344,16.374136921627716
9345,13.441507003937982
9346,14.754970718567726
9347,13.231779203644173
9348,12.932175189894263
9349,15.579122731498096
9350,18.365625846611536
9351,14.814608080580657
9352,14.420249836718764
9353,12.69956496441644
9354,13.996180766235815
9355,18.51199646151501
9356,17.275805353604177
9357,15.485872033766796
9358,13.691029163486405
9359,17.748574934597958
9360,16.306804270533824
9361,18.001624195670342
9362,8.932682054672775
9363,13.176583429815215
9364,16.17386199609013
9365,16.341926432357617
9366,14.2157257898691
9367,16.35111367709559
9368,18.361228166383547
9369,17.138537664561476
9370,15.11098324650484
9371,15.507055694954367
9372,14.678405407251619
9373,17.521815638514717
9374,9.264447784467297
9375,16.18277182926925
9376,16.98414820806322
9377,14.923982505075344
9378,11.08108417900726
9379,14.974340678284236
9380,14.194306723356828
9381,18.704231452722613
9382,11.158324392015476
9383,17.757120711469632
9384,20.032910168884175
9385,13.272952608511861
9386,15.486224217028616
9387,21.94928037641391
9388,18.24533685491116
9389,13.641575088926219
9390,17.91437380978987
9391,12.827598857941911
9392,13.632902150419167
9393,16.661813286009025
9394,16.471317387746407
9395,12.058977167555561
9396,12.003474210293525
9397,9.132166615998514
9398,14.705940173820238
9399,8.127721791515643
9400,14.335280486208395
9401,14.585822588224909
9402,14.833218738805956
9403,19.136673367978247
9404,11.809046282080626
9405,16.697489712503458
9406,13.061737452791156
9407,14.504660176325727
9408,17.160623208863555
9409,13.379688981810567
9410,18.448766878286676
9411,15.307416357127089
9412,17.98430847025387
9413,14.432035135651445
9414,16.249507262595237
9415,18.391049532300805
9416,16.432844425308772
9417,13.53204282200644
9418,15.546082372605134
9419,16.5981148741448
9420,11.637854889068404
9421,19.48100818592145
9422,10.198928791961848
9423,17.117589930541556
9424,13.308716561817182
9425,12.409445550069952
9426,10.848254358497009
9427,12.762253275375205
9428,15.596471237163621
9429,11.845626609844992
9430,12.285602140712534
9431,8.829838288259966
9432,14.80141262816563
9433,15.913873236082567
9434,17.772997651996377
9435,10.493074895806592
9436,19.19112201100207
9437,15.180225962725155
9438,14.167950859050922
9439,20.435610039774048
9440,12.108100705012614
9441,16.58037463111631
9442,15.707550756051742
9443,11.04637518956767
9444,18.321267182365496
9445,16.404436382696453
9446,15.740978563159471
9447,14.159421843154862
9448,17.816831443053363
9449,15.666863762571579
9450,14.827193709400898
9451,17.583017663282913
9452,18.504129081057886
9453,16.889253390667868
9454,14.862401129965816
9455,15.890087696938952
9456,12.547388287088241
9457,14.31480074719375
9458,13.3176340886315
9459,13.584702989054923
9460,16.151327553650912
9461,19.319733293690923
9462,17.133165259045477
9463,18.921366067007305
9464,14.891237948102397
9465,19.236520496222507
9466,20.168144069145225
9467,15.455385665248738
9468,16.00857518676667
9469,7.73821773474014
9470,19.124030112813312
9471,17.019092939289038
9472,13.991853461686782
9473,18.147884103585632
9474,15.722516813433241
9475,14.11062343069221
9476,18.437418444404653
9477,14.743371455281062
9478,16.62863841922516
9479,18.660599328919734
9480,16.005098093605174
9481,14.29312145671851
9482,13.621059369118093
9483,13.923955126146746
9484,5.449376311349811
9485,17.764766311987778
9486,14.574164044011031
9487,10.817382335863385
9488,8.933776863600334
9489,14.858536188932849
9490,14.369399250939614
9491,23.341925815919353
9492,11.108277265827795
9493,14.484137210008772
9494,12.981032033781325
9495,14.89040489133156
9496,13.563819425335124
9497,12.628559302847213
9498,15.859520037824444
9499,14.635106282414554
9500,17.615250696935682
9501,15.896575329454144
9502,14.922379637426149
9503,13.424130085059389
9504,13.98811747859411
9505,13.305899251305044
9506,19.248749273897953
9507,15.039383184951337
9508,15.192533970882195
9509,14.659747176766427
9510,15.965435299409164
9511,12.08756103340448
9512,15.357482070898028
9513,19.452922221950374
9514,19.361760422868787
9515,11.285910722815515
9516,13.086996983981017
9517,13.58938686118095
9518,18.9492925222517
9519,19.148043471168542
9520,17.549838980296418
9521,13.898730652178862
9522,19.945221901794863
9523,24.187660558727448
9524,20.72028835741711
9525,11.414477468101374
9526,12.465741179360016
9527,10.721142549140371
9528,14.029408395004149
9529,14.956078758363109
9530,14.084164270424049
9531,14.726884661493845
9532,18.37323822134226
9533,10.958632848520065
9534,17.111083811250417
9535,21.371903999084203
9536,17.728072196233935
9537,18.579538091643215
9538,14.925672866031919
9539,20.385563976978048
9540,17.31018361773497
9541,14.349025452259255
9542,18.97829862127974
9543,11.837111723580243
9544,16.191637908958842
9545,16.89028675847995
9546,19.113651302369046
9547,14.707024321787202
9548,9.36163006414564
9549,10.554749978183978
9550,16.039254258008228
9551,17.648707141428737
9552,15.743408931712114
9553,11.783430762226795
9554,18.382756661396463
9555,18.57958215969468
9556,18.42201325251334
9557,14.104490351433421
9558,13.019920042851435
9559,17.809802492306883
9560,14.544006990633594
9561,15.841141452438844
9562,22.49911848157374
9563,15.357456886913775
9564,14.359363191109184
9565,14.403835750250531
9566,15.947992767699677
9567,15.014169183446857
9568,16.423164956214258
9569,15.058218611983825
9570,14.793204977807525
9571,15.33724765595279
9572,17.76927073333495
9573,20.95571219437401
9574,14.214791986210209
9575,17.88620158502303
9576,9.669204584788764
9577,14.433131962611942
9578,18.291026025961582
9579,16.00280102420161
9580,17.155399930583613
9581,14.940475852633408
9582,18.632549688642207
9583,17.35838808951269
9584,21.91182153698842
9585,10.976002937941892
9586,14.623646324141124
9587,16.41952334837835
9588,19.279844632952837
9589,10.484764258336766
9590,15.92912659513888
9591,25.70829518443427
9592,12.23832524879289
9593,14.062040225643207
9594,19.87131739665181
9595,16.20380923633368
9596,14.222591991499382
9597,21.879622462766633
9598,20.548015378741074
9599,13.774537871648366
9600,22.234107126808794
9601,22.097347265222687
9602,11.694946166330462
9603,8.41311930143819
9604,14.122963357224243
9605,16.260248205396266
9606,13.385154449330726
9607,16.943330713235536
9608,17.635113634740428
9609,12.228418069731973
9610,17.49143346193594
9611,15.324121409984055
9612,15.37286141469097
9613,9.70099981658942
9614,13.59248585033947
9615,12.804033109131776
9616,15.63383990936731
9617,13.325622997330798
9618,20.003818018852606
9619,13.159617579743959
9620,15.742004626774957
9621,10.902856614141795
9622,16.302888567954312
9623,14.245245611322709
9624,24.456568283677523
9625,14.805429041712946
9626,11.153230095794747
9627,10.795013100741787
9628,17.177389016865764
9629,10.076201998001867
9630,17.308256974530053
9631,17.069298871625616
9632,12.107768854618262
9633,15.146478722854795
9634,18.351333136630036
9635,12.464597828942912
9636,16.183242783877844
9637,10.734132013796804
9638,14.745553380648746
9639,13.959048772382197
9640,13.173151668108053
9641,19.793582976308286
9642,11.080489648136723
9643,13.618259480420356
9644,14.538489830476204
9645,14.064911591845759
9646,16.294876887081088
9647,15.06056115917168
9648,11.10341606625996
9649,17.28702759426608
9650,16.41226960252675
9651,13.40306690015025
9652,20.96751241247955
9653,11.031267740996542
9654,15.142885156409868
9655,13.343763326075
9656,18.662006280035133
9657,11.009463791863991
9658,16.293674776111395
9659,12.224975999307025
9660,16.23255192627639
9661,9.81460995395377
9662,18.891321604603434
9663,7.487213313752733
9664,16.114406737930338
9665,12.774404131647346
9666,10.598734704097483
9667,13.793235595980404
9668,16.51005805893669
9669,18.172789964432404
9670,13.869228538079792
9671,17.74869279099073
9672,10.406757667993944
9673,12.913653626909953
9674,13.818456346792034
9675,10.797015211303965
9676,21.64975366386619
9677,16.22766222873522
9678,14.17775030742447
9679,23.271351023180372
9680,13.8442959743125
9681,16.63926644330281
9682,14.914240530491904
9683,20.200271592734463
9684,19.37413256196677
9685,11.70432495591496
9686,12.759347138090272
9687,9.049753253726315
9688,14.099411592216885
9689,13.149337293803189
9690,7.980267230635722
9691,12.139000933965825
9692,18.696326027094237
9693,14.868956967904815
9694,14.501781818154303
9695,15.479756882268875
9696,12.666078931319923
9697,9.526013303196248
9698,11.343432584661269
9699,15.091261544201469
9700,12.422488703182921
9701,14.986373982112541
9702,13.765977898783854
9703,15.57378334180646
9704,16.674025011173597
9705,18.123182533574358
9706,16.314297895529297
9707,17.049141088647755
9708,15.297024595967319
9709,12.724322853333874
9710,11.498796148817558
9711,15.474315951337188
9712,10.927880515280618
9713,10.79775962474601
9714,19.137565392106723
9715,11.178715444927029
9716,14.569511551519854
9717,11.127449720032079
9718,18.92070612429561
9719,19.058386289715084
9720,17.870174432038674
9721,15.838250816252069
9722,18.149917956530057
9723,19.224967903058165
9724,13.513485644392935
9725,17.93947062545555
9726,15.063132425308174
9727,12.378562620732957
9728,12.970516211557396
9729,19.705791545955474
9730,15.649790037290364
9731,15.721044156610674
9732,19.026136901051704
9733,13.971092182516534
9734,15.349804109364996
9735,20.169953139676213
9736,17.66350305043634
9737,13.773321075901109
9738,13.671512508498537
9739,15.232532812271614
9740,17.478903388033594
9741,12.794778217039704
9742,12.329288938380337
9743,10.596036959616963
9744,15.256029869467607
9745,17.402986872345323
9746,12.013245438447525
9747,12.966733992660554
9748,12.62200067001731
9749,16.411494065495496
9750,16.99329929385018
9751,14.804044020471613
9752,18.652114838240493
9753,12.486324839084784
9754,14.87867967352385
9755,13.068072385193203
9756,14.56099010649876
9757,10.472217801287977
9758,17.588802772842296
9759,15.651857602827528
9760,20.572419295263
9761,15.116617474085945
9762,13.709467281351513
9763,14.852642471875086
9764,19.736347797992458
9765,10.53545360283979
9766,11.309435582896654
9767,14.431482521225698
9768,19.717888399962963
9769,18.66389316038571
9770,16.00216387387556
9771,18.07948302705743
9772,16.09329607679902
9773,17.955446893718488
9774,11.490966654213334
9775,13.165588101313947
9776,15.931563042009243
9777,13.4496534580632
9778,16.630285736565295
9779,17.307338877662335
9780,19.685011284634026
9781,17.222418837817447
9782,19.93016275909143
9783,15.690278499187874
9784,15.28876310047442
9785,18.09055720092512
9786,18.07436274497843
9787,17.721982435346884
9788,16.471379396351356
9789,12.115923318106564
9790,19.711741710381432
9791,14.916730944998001
9792,17.766657897968663
9793,18.173329169015453
9794,14.46340690829071
9795,19.99744725085496
9796,12.720877669823691
9797,15.656228099690969
9798,11.299052823552953
9799,17.654918166765434
9800,20.121766216541435
9801,16.507264613843567
9802,16.930410691624434
9803,9.950678863054092
9804,13.563424099313261
9805,15.39172364101863
9806,11.656439112674306
9807,12.494829466755046
9808,15.757566105636794
9809,12.667431642953561
9810,14.485838834103443
9811,16.119848180208706
9812,18.373484123022493
9813,20.807304658431477
9814,15.175891248847783
9815,22.126180530966113
9816,17.859557893532532
9817,14.950489689962563
9818,14.130485608317597
9819,15.252217934802967
9820,16.281253670158268
9821,15.899910489944139
9822,16.27053290631274
9823,17.390729581830374
9824,19.304874229374136
9825,15.387089134708637
9826,14.149273527522135
9827,13.964407166497974
9828,18.265791149252692
9829,20.10770238672193
9830,10.08792702788055
9831,17.81701696872236
9832,15.582174088671966
9833,15.513890001292106
9834,15.723146262245244
9835,11.226648805865935
9836,18.12433214738892
9837,18.35929741579652
9838,16.712908473157896
9839,19.36444187551791
9840,9.018869855116748
9841,19.780521442306625
9842,15.50020298072225
9843,19.058680085929502
9844,15.508876491939441
9845,15.910851319386735
9846,11.85120812010965
9847,18.144373320923066
9848,13.969933513512077
9849,14.878371850074181
9850,23.85565049458323
9851,11.712078223715817
9852,19.75823098988957
9853,19.56732574171093
9854,12.657778705174453
9855,20.80062725421629
9856,15.969296079994066
9857,10.765765867429598
9858,18.001794465592308
9859,14.1867391939973
9860,18.483089667042826
9861,15.694679694446728
9862,12.948671934380815
9863,18.30457466075655
9864,16.78954002633388
9865,15.972093191446685
9866,16.416005668275723
9867,16.11127581639815
9868,17.844861988388033
9869,15.005122656993612
9870,13.837197409623041
9871,14.82843091472346
9872,17.808762254141843
9873,18.69397176161813
9874,16.68361931748439
9875,20.318234263108515
9876,13.324066973178674
9877,16.560166339779894
9878,15.980472865853923
9879,18.688655802135457
9880,16.11339612681299
9881,16.86300919577951
9882,17.988653090269608
9883,16.11340147230012
9884,8.940283425620262
9885,19.311613157113676
9886,14.70460670830679
9887,15.645019007762185
9888,10.899519456400686
9889,18.78128128565274
9890,22.760092641803535
9891,6.718084462608477
9892,10.638430895893517
9893,18.225096435869254
9894,12.313332518562767
9895,13.211150804241361
9896,15.346174043958891
9897,12.794501316668224
9898,13.4472407078442
9899,16.434824674468576
9900,17.950831690648762
9901,17.375559755369736
9902,17.066289693817055
9903,14.49680329589254
9904,7.986075019464171
9905,18.04553367658012
9906,13.037193345289861
9907,20.433610652137
9908,15.050487030569405
9909,14.86308275464959
9910,12.652843603795365
9911,14.714455926454368
9912,15.854164435950613
9913,19.675307752409292
9914,11.999981654530103
9915,9.948381407447906
9916,10.785816934121854
9917,12.658523539372366
9918,18.579294900832558
9919,22.76932771490764
9920,19.18238312787945
9921,18.00328275907338
9922,14.846851436040154
9923,10.609054542470606
9924,17.002378445383844
9925,17.54548137753521
9926,21.684306074357952
9927,12.612020866073575
9928,16.832727793177845
9929,13.85010764119466
9930,16.082073700818224
9931,16.997484720185856
9932,17.119720163823736
9933,15.658220071931968
9934,11.742183366408282
9935,16.125963436154727
9936,15.688584091202184
9937,11.506561619719339
9938,13.0627395319572
9939,15.04013407812859
9940,17.1901163744285
9941,17.975883037452487
9942,16.46557698349328
9943,8.730450565697174
9944,14.958541354271272
9945,14.247241542480559
9946,9.644268683468994
9947,16.91343500666998
9948,11.038496131885507
9949,18.642917034529532
9950,12.971089597392071
9951,13.923226129429258
9952,16.095156925999362
9953,17.523656668764094
9954,18.480736725411898
9955,16.10556133499938
9956,19.714801793791477
9957,15.495132222072911
9958,16.958547821356685
9959,18.765977815048092
9960,18.038767460599338
9961,8.341481779612351
9962,22.41509864464996
9963,15.81287191764102
9964,14.587796968495836
9965,14.39530027195616
9966,15.701053699107238
9967,14.083706685251872
9968,14.473632667514778
9969,16.663445055914487
9970,19.036791025537507
9971,16.46797216586075
9972,10.532721221571553
9973,18.174451567570806
9974,14.846669513863896
9975,10.241510236361655
9976,11.801298312493351
9977,18.024025770905972
9978,15.664721740683257
9979,14.560355243646027
9980,9.835556177100855
9981,13.338464839306779
9982,15.628595736766613
9983,10.920467320392426
9984,17.001447922836824
9985,16.582402659325766
9986,15.804425937102137
9987,13.042977409400002
9988,13.696325961240726
9989,11.778768080444674
9990,16.283682188951293
9991,16.28433459105278
9992,15.404350003754505
9993,18.08828467492037
9994,14.628978349247566
9995,17.181949255264787
9996,13.626919892630246
9997,16.378035518383545
9998,17.538958405992283
9999,11.372616013332701
10000,19.976637174787477
10001,13.196989248466128
10002,12.416121458283904
10003,14.058245113689232
10004,18.83343785868905
10005,20.172820991102686
10006,11.16082669656034
10007,20.250667481019665
10008,10.059638819566134
10009,16.475161014420582
10010,16.454854502694932
10011,13.790024485571838
10012,21.051718314452685
10013,14.726844078697338
10014,15.165959776876479
10015,13.655429447325242
10016,16.587240330185267
10017,8.07380626849108
10018,16.556886552085302
10019,12.891837983959999
10020,12.613920848573304
10021,14.90633037131179
10022,19.337583905712663
10023,11.370396872473403
10024,16.471115798200575
10025,15.003367022260504
10026,17.24678623255805
10027,14.821897711214657
10028,14.550216224420272
10029,16.6098748352528
10030,13.257737457840701
10031,16.657746355154774
10032,20.87619078610856
10033,18.869376409611018
10034,20.245022958897927
10035,16.74312842439886
10036,15.218377236494161
10037,11.966741464251019
10038,19.68386324557158
10039,15.120938496443788
10040,16.669432479458784
10041,17.18169002390218
10042,18.164102545908637
10043,15.401549743281796
10044,15.538783243762815
10045,17.734822195471523
10046,12.792320854784059
10047,13.259919637319353
10048,18.05802595641923
10049,17.728324483218792
10050,12.874844361417152
10051,11.797295253611935
10052,15.64507390057661
10053,14.601971321655444
10054,11.531717927871458
10055,15.403395884571779
10056,15.400359637273391
10057,21.550971706346107
10058,14.6090658191629
10059,16.35882289402414
10060,19.060063894766284
10061,16.334170415560052
10062,12.79675961676897
10063,14.8900599715254
10064,14.134319138347394
10065,11.060241530641125
10066,19.69027291143357
10067,19.07971567479852
10068,17.583625935760082
10069,13.837905817018395
10070,16.75926928346814
10071,14.590001107962117
10072,15.957224059678568
10073,14.653646014031187
10074,17.781667071985588
10075,14.591317628992252
10076,11.59766968680217
10077,21.058477964156317
10078,17.387574409400468
10079,19.826386510119704
10080,15.78978993516648
10081,14.304411936046987
10082,11.560832410287482
10083,16.936961600174843
10084,16.813707021954322
10085,17.7683649295223
10086,20.76653453803451
10087,12.728163487082686
10088,17.240903604913136
10089,18.47488500435269
10090,14.75482027447572
10091,15.810888970300159
10092,14.225336009819353
10093,7.631581174839086
10094,15.476421774081805
10095,11.002223541139482
10096,16.416091578890647
10097,19.0586252442815
10098,16.66380322308548
10099,22.185049726657617
10100,7.847628017161049
10101,16.342627479456862
10102,20.22583914117049
10103,18.506591521304763
10104,13.235886382189944
10105,15.275078737724842
10106,12.762478076849955
10107,13.335444559544952
10108,15.87498397616374
10109,15.048411635497802
10110,15.384903512245131
10111,12.862103579473063
10112,13.427944142086941
10113,15.219087650984681
10114,14.866201539103391
10115,14.553439357314776
10116,15.162746815255332
10117,16.303768289444648
10118,17.330959764539045
10119,17.28584193882013
10120,13.627562495084332
10121,12.268805420560732
10122,14.611327661563267
10123,19.712566440858552
10124,16.737750581733206
10125,20.692674891682685
10126,15.193638884956473
10127,17.991432866139572
10128,15.712417908460012
10129,20.100878900330738
10130,20.919599519454312
10131,8.5260190167972
10132,13.12873247885112
10133,16.633660840562708
10134,11.439930821388392
10135,14.977990969058778
10136,12.86074141366754
10137,17.678004497579956
10138,14.395425514872048
10139,16.804145915560778
10140,10.442018783534465
10141,14.865690515302651
10142,15.149286432596273
10143,9.85905754967277
10144,18.203815492315037
10145,22.931031783121142
10146,14.14117686946934
10147,20.973791026546223
10148,13.778952920240098
10149,11.211813051433099
10150,21.69748647545301
10151,20.622218668779748
10152,19.06928879017496
10153,11.333658521648239
10154,13.48176674295831
10155,22.945317570645642
10156,16.820223477894924
10157,17.854591704024536
10158,22.599807614493454
10159,16.78864816587291
10160,15.190699037752674
10161,17.214995287543708
10162,10.502321747620638
10163,12.409707442337071
10164,20.054969930341443
10165,19.335386616489494
10166,14.17559012321579
10167,16.587935440063763
10168,15.02607584820123
10169,13.64730510931002
10170,10.886934278151472
10171,15.993730566477435
10172,19.733399563567538
10173,15.402444231880212
10174,14.241601931109134
10175,16.174051160174553
10176,14.825992693135992
10177,11.807092597968934
10178,11.695898981863346
10179,13.043458585710585
10180,14.650209018894005
10181,13.275924181555279
10182,15.18954848205865
10183,15.900781570398497
10184,18.78578593657065
10185,21.721665446236877
10186,13.32484022167731
10187,18.890828721091754
10188,16.494575593566715
10189,11.801555409544697
10190,15.783723592363748
10191,15.265714602371954
10192,20.108816896072973
10193,9.110189839611294
10194,13.08510888551412
10195,14.916948825974522
10196,19.37094722676227
10197,13.12700740523207
10198,14.653054632648342
10199,10.855229850426639
10200,13.779976619640523
10201,15.517436862877524
10202,15.165001646158922
10203,22.005136899620172
10204,15.440462712134781
10205,17.674053362348594
10206,13.98092610384632
10207,13.796761720572132
10208,9.885989115215466
10209,18.01513193140269
10210,22.02945249809455
10211,15.088126697348534
10212,11.438602229875883
10213,13.938454851844982
10214,17.064995913790586
10215,19.68550234867657
10216,9.660171245856535
10217,15.424683468701888
10218,9.44798752314778
10219,14.031276399332564
10220,16.432882211918713
10221,15.575991743251503
10222,12.920535702478888
10223,15.26858817743365
10224,14.97638381310978
10225,13.163126618132072
10226,23.242697886727353
10227,13.88549510282557
10228,15.565794867436384
10229,14.459735899446022
10230,14.669434943066893
10231,12.263538642950147
10232,21.647803116285566
10233,12.273166936672089
10234,16.468464375410537
10235,15.147447949221073
10236,18.388161666897187
10237,16.0129699205262
10238,12.754385668887391
10239,15.531733421743994
10240,19.870546764617803
10241,16.231364027765483
10242,19.201768732333086
10243,15.118037266862002
10244,15.535017093244972
10245,18.530050423480787
10246,12.293801943235021
10247,15.86376376463
10248,19.562211090897513
10249,19.835594537400382
10250,16.65103211873916
10251,19.500447061513967
10252,18.65638301194718
10253,13.791503974227561
10254,16.343826326944672
10255,10.916221601650488
10256,16.569736436707245
10257,18.515171455735004
10258,21.484219509267795
10259,17.476267084783345
10260,17.223484124427465
10261,13.130460265062986
10262,16.91595469749523
10263,15.205747852056101
10264,12.74839925616148
10265,24.357103162250564
10266,22.746131595245686
10267,14.56039515565759
10268,15.513238177081766
10269,12.45798238987359
10270,17.678361728816093
10271,14.082153690073602
10272,19.878258882875443
10273,11.297694730227523
10274,17.210518522464177
10275,13.658200161933523
10276,17.401990884622357
10277,19.728005112881682
10278,14.508725253224888
10279,19.436220740496196
10280,16.259771197684632
10281,12.27092949085298
10282,14.100787141059802
10283,15.376136584235073
10284,15.057732883105587
10285,18.06196277791114
10286,12.160338014323548
10287,17.103706979880727
10288,8.307157947874538
10289,17.692717916853688
10290,14.009824412879173
10291,18.14409369664583
10292,15.383696284629215
10293,15.407537565601338
10294,12.631858153741938
10295,13.303325302484613
10296,13.059645779512692
10297,16.28233719160561
10298,15.575773884511717
10299,10.865764080947873
10300,14.740432482567588
10301,14.609696942735187
10302,17.331927235789042
10303,19.99413034055375
10304,19.337711009525567
10305,16.6785581872864
10306,19.85626606600596
10307,10.620999657844285
10308,17.429898199392362
10309,17.096508717301933
10310,13.378898712362894
10311,17.332618295909555
10312,12.494941749353586
10313,12.549708364828827
10314,12.573142301426548
10315,22.735560100218233
10316,16.725457022157542
10317,14.152188206977765
10318,22.35355666220715
10319,13.54487007653539
10320,13.156106938936007
10321,18.56008586764018
10322,15.121588524528187
10323,19.8193218061298
10324,14.615061150660473
10325,10.162521200566514
10326,15.425914183889494
10327,16.353100691459005
10328,9.78954484969125
10329,16.877028210896846
10330,16.993876048829712
10331,17.04069427483542
10332,15.93387870923741
10333,16.623977164004636
10334,16.089039464035572
10335,18.00625875469541
10336,21.752420555627893
10337,12.818910883786664
10338,18.414641500794488
10339,13.517712390272896
10340,10.208699335198986
10341,10.57364248116805
10342,22.349350407923538
10343,15.804695572051457
10344,16.132297078201024
10345,11.914840009286571
10346,9.737058473178527
10347,13.381928174309996
10348,16.36351811271232
10349,15.619335140559535
10350,10.559020345084104
10351,18.139131984486617
10352,18.5002566285304
10353,15.826004900774707
10354,17.54720770119907
10355,10.157534236770557
10356,12.97331277850563
10357,17.053846745521845
10358,14.121429982824706
10359,18.191946746133173
10360,15.227925991948599
10361,13.891410909670114
10362,18.822783179416867
10363,18.47792284702635
10364,22.925391732592647
10365,16.537765309352014
10366,19.59584975447492
10367,17.879931532081102
10368,16.922510084049105
10369,13.227182029745562
10370,15.112229217601065
10371,11.84283392438641
10372,13.604960217483939
10373,14.545179520987844
10374,14.349190803226893
10375,15.18783233236064
10376,17.550060597393568
10377,15.499084493636573
10378,21.627225941165328
10379,14.684982186463229
10380,20.24893134791734
10381,14.56898329875397
10382,19.30725086658991
10383,18.378571110398806
10384,13.701891481200805
10385,17.129618474870924
10386,13.416612779163643
10387,17.541500389505618
10388,19.337556690794525
10389,13.704456308286199
10390,17.30741665183384
10391,13.75281201044741
10392,12.187279450909914
10393,13.576916959981368
10394,9.959851507243023
10395,11.40356611000869
10396,21.894282562471002
10397,15.350139537174176
10398,20.470420365808753
10399,13.180733724042529
10400,12.217529202434427
10401,13.235281245277958
10402,24.30891218972494
10403,14.32947777375806
10404,21.52654417057601
10405,13.55172695759532
10406,17.433105085362953
10407,10.752988944274573
10408,13.480541084414716
10409,14.896003829714743
10410,22.19276901526056
10411,15.887741887016864
10412,18.09267876272897
10413,19.68017843126162
10414,15.672376558922057
10415,15.75433462640772
10416,11.407042015144796
10417,18.934309684355558
10418,15.399362775388147
10419,11.28135328749693
10420,9.999145453012225
10421,23.693661317875232
10422,18.7225950736592
10423,14.646059318741935
10424,18.88895456140323
10425,14.737962205344088
10426,17.69835880484996
10427,16.97998169604161
10428,12.45356775095939
10429,12.527635002852088
10430,18.329039640133367
10431,18.112180479549572
10432,13.080570919045796
10433,12.429591104376362
10434,17.394737123935055
10435,14.917845112420085
10436,19.663538361296077
10437,11.749042464523486
10438,17.384367914043647
10439,15.293433358321149
10440,14.113293090864943
10441,11.849847931214992
10442,11.843547823703588
10443,13.747633048939512
10444,15.06662408221819
10445,17.998515192792308
10446,18.441307400174797
10447,13.91736788057695
10448,18.51631876607476
10449,17.424511114665282
10450,13.19477098545169
10451,10.460131705782567
10452,19.08518317247309
10453,14.187460861211612
10454,16.64784561112189
10455,8.90656560433428
10456,20.101409030006728
10457,16.982124630350754
10458,16.611429741082308
10459,15.128693199889447
10460,10.167005894590696
10461,15.656268110555642
10462,20.08911206529599
10463,17.560413460946318
10464,12.435471252876887
10465,10.751771132523537
10466,16.442917164935
10467,22.77528601785846
10468,21.565787377463895
10469,14.856030696320303
10470,14.910746774962801
10471,11.1209026527844
10472,16.3610164402321
10473,14.207409232803322
10474,11.240979724751538
10475,16.293771652020236
10476,16.299258927137107
10477,11.764390460738827
10478,9.97626448820849
10479,16.728203447524006
10480,16.67446301610679
10481,12.503276560731468
10482,14.158410995797816
10483,15.31048327051365
10484,16.650213503839737
10485,16.870042914087858
10486,16.78608312823662
10487,10.331021390161299
10488,14.604996633329572
10489,17.706845548274583
10490,11.181247099073637
10491,20.714513160577624
10492,16.84589753222774
10493,11.980667243036418
10494,13.517105384413842
10495,15.749129447190061
10496,13.82867697613741
10497,16.803624792927174
10498,11.705464283480833
10499,17.27981626639002
10500,14.478056430879109
10501,21.099258090375702
10502,10.078339230438237
10503,18.042881939854826
10504,11.867831464130264
10505,18.540249625764837
10506,14.253099050109908
10507,13.777139678172146
10508,17.38453912236212
10509,16.816958944476774
10510,19.375204850988204
10511,17.89436008991278
10512,14.607028994087493
10513,17.098564082262413
10514,17.24420036224126
10515,18.555638192616854
10516,20.063566203277617
10517,11.628710346732724
10518,16.961038755312302
10519,11.413854537663411
10520,17.735699671467206
10521,14.846616819765462
10522,12.006195144859646
10523,14.748467449426931
10524,15.873449201736017
10525,17.825789752087623
10526,13.024873232215732
10527,20.30536889950701
10528,12.989805966672282
10529,7.923976127895386
10530,11.279750999265167
10531,15.45924437025548
10532,12.993792762359933
10533,13.152366841268755
10534,15.347419207853944
10535,11.86064291969413
10536,13.939537872169621
10537,16.173306926423717
10538,18.445690946811663
10539,14.931832956419347
10540,16.443987034603722
10541,14.28330825318633
10542,18.833058992355316
10543,13.97713482910299
10544,16.518814148507065
10545,15.44927559084505
10546,18.246641371285435
10547,14.170930526153189
10548,17.694956701184168
10549,14.049138798487558
10550,16.599779535174754
10551,18.604068094171417
10552,13.034853959936175
10553,14.969099761041951
10554,11.936887869465945
10555,13.74184481235914
10556,10.048939670887307
10557,17.774041424927123
10558,15.716604623494213
10559,17.312363332483137
10560,12.108261485155332
10561,20.427725073401202
10562,18.765412747546492
10563,15.20283992236585
10564,16.851252861185145
10565,17.995748089435445
10566,14.716747934799566
10567,18.42242240606117
10568,18.132828586148918
10569,15.895387373001398
10570,11.969346262082299
10571,16.376376488933357
10572,13.872070846133022
10573,21.78222141887553
10574,23.905818291192272
10575,10.01520153741955
10576,12.188545830935542
10577,17.899601545886355
10578,18.171717791454768
10579,18.83932533405454
10580,16.365235823918397
10581,16.713170388434076
10582,17.969290378238778
10583,19.271381688689992
10584,19.726900821577164
10585,14.500802352181816
10586,13.088895434975313
10587,13.814315895372847
10588,18.422520912715726
10589,19.841129997741827
10590,15.360604326559862
10591,14.935924431049967
10592,10.892150279319475
10593,13.959586374721418
10594,18.1667651296965
10595,13.38465294646091
10596,15.982219201773127
10597,14.173859796101873
10598,9.766287097879406
10599,13.01328942578362
10600,15.995072582762536
10601,15.390079761694773
10602,14.711257124251022
10603,16.861092674188466
10604,19.149475237035574
10605,16.548380129305226
10606,11.922965767336997
10607,11.92716514453875
10608,16.886530596088434
10609,13.349939059358036
10610,8.827331979791362
10611,15.682745914513724
10612,13.404187373601454
10613,15.679971045614995
10614,14.68390091043919
10615,17.061251268393068
10616,17.96612641192052
10617,15.68652387102552
10618,19.55756221863858
10619,18.113963786162607
10620,15.526003941374793
10621,13.561036628730669
10622,12.473108365958169
10623,18.458457334497343
10624,13.237146848721313
10625,12.829016506644345
10626,14.006480473436575
10627,17.478024917976864
10628,16.138384167488212
10629,14.039629019469468
10630,16.28300236267121
10631,18.59532002390304
10632,14.574062613677778
10633,12.127847884745456
10634,18.736998991772687
10635,14.47387339390099
10636,20.365909314190244
10637,17.576530806953972
10638,17.68472931565438
10639,13.482306606689702
10640,18.900257488796022
10641,16.207288891497978
10642,16.623800239226966
10643,9.347852751084158
10644,20.05963744725766
10645,16.113705688795584
10646,16.783326564158276
10647,21.203131408099104
10648,15.776691046124988
10649,14.537327754663531
10650,17.302253731122597
10651,18.727190508075694
10652,13.569238078200351
10653,12.762109690678278
10654,15.620183132523053
10655,8.566582547365456
10656,12.03316014047396
10657,17.44379247952487
10658,12.166481794739575
10659,12.511214752469074
10660,18.6671353121056
10661,18.21328731106563
10662,17.17494253317718
10663,18.34209835814558
10664,18.51706682803207
10665,16.387907623800032
10666,20.4344795321038
10667,15.284333392618654
10668,16.298823109299914
10669,8.758399186558673
10670,13.141807912060642
10671,12.11337656318805
10672,17.649013885644653
10673,12.419769101610438
10674,15.104485587034139
10675,18.718371830047843
10676,11.272986743163685
10677,14.307141911643425
10678,18.538017479545207
10679,19.716504619317597
10680,16.667925718997118
10681,15.979734829993202
10682,19.920234253423942
10683,19.385592933575943
10684,16.31147300906504
10685,20.975091721731594
10686,18.520806647387854
10687,11.676968983096936
10688,12.271749850877242
10689,20.275438236622723
10690,14.394026501552508
10691,12.158644395131232
10692,20.778345110198057
10693,14.168125811382552
10694,13.185869970793057
10695,8.874969441052613
10696,11.164998994300666
10697,17.3525429482939
10698,14.170275499795673
10699,18.424369366106188
10700,13.967497442727986
10701,17.548829881699223
10702,14.018112560294346
10703,16.80051626243884
10704,19.901602974197065
10705,10.966600288733531
10706,20.024309391525115
10707,14.522534252865096
10708,14.834605893326673
10709,11.471968172066472
10710,17.636290303030844
10711,17.309710614044327
10712,18.270702871814535
10713,16.181157466922834
10714,8.26078387975926
10715,19.908816420414944
10716,17.17935528383182
10717,19.41084032125194
10718,9.446178766265032
10719,19.819118221129628
10720,13.660147963228638
10721,14.161103562025067
10722,12.361384094867374
10723,16.535208748966536
10724,17.848347545667693
10725,18.07167531240583
10726,19.243460253227752
10727,17.02561085868828
10728,13.659840625280474
10729,17.120926644538145
10730,18.42565650941594
10731,16.65038179397239
10732,19.888485857979468
10733,22.827076781079807
10734,13.487451249065009
10735,15.717983388427209
10736,16.244917802331514
10737,12.368457735087471
10738,16.600442785454838
10739,17.7814289736737
10740,13.489120600383867
10741,11.554259197338562
10742,17.978497227594367
10743,19.516926884066315
10744,22.61156538296655
10745,17.855046855763597
10746,11.535721748025832
10747,10.092550099035671
10748,19.893143191005507
10749,12.421827605702005
10750,20.687334909839475
10751,12.702737919816846
10752,19.430053396147656
10753,21.941315783738727
10754,9.963960096774182
10755,15.29048841409464
10756,14.681569948309381
10757,20.68855038479747
10758,14.020056328940445
10759,9.835313475771379
10760,10.649917251648715
10761,10.726250594134955
10762,11.975924047861767
10763,17.905735455595444
10764,12.780025891198381
10765,20.17676257242325
10766,15.700195253232959
10767,14.716967771844237
10768,14.538952172958624
10769,15.29861603874084
10770,15.57229050264333
10771,14.497994225319655
10772,12.180762046770646
10773,11.147055399175423
10774,14.769620357229751
10775,17.42611768770493
10776,16.34179318947506
10777,16.852501887819567
10778,15.064523620030862
10779,12.360573544809075
10780,19.013996300183997
10781,9.759922405888062
10782,13.233068473667988
10783,15.37184144168089
10784,19.23904175835369
10785,9.701633605163199
10786,17.79536454110147
10787,14.74797814399403
10788,16.048091019215416
10789,13.764714028535629
10790,19.967744110502913
10791,21.365226236072523
10792,17.110039552580986
10793,16.686340671428518
10794,12.797500138951156
10795,13.565687687184846
10796,11.603596112633806
10797,17.742025875919328
10798,11.909859948254047
10799,17.119137118498127
10800,16.59122851379188
10801,10.650619244891331
10802,15.219733241516504
10803,17.88700725787115
10804,7.254471452170224
10805,17.297838508049757
10806,17.11851179744002
10807,21.009553817210588
10808,9.432197913797374
10809,8.844745558250306
10810,19.416239932544396
10811,17.96655426673529
10812,10.64288881462432
10813,15.936604528703588
10814,16.25122368924238
10815,13.701380733470485
10816,17.24350564049861
10817,14.53371126013786
10818,13.115586189448502
10819,18.548373370923223
10820,13.486894121447843
10821,14.610606641104045
10822,13.666833696127139
10823,11.872767441501745
10824,11.074913178502635
10825,16.565870603929376
10826,19.02263276597165
10827,14.28651848664873
10828,20.828860005779426
10829,12.535731811171074
10830,12.187569347133135
10831,15.26775379969397
10832,19.928721376262512
10833,11.60052609108227
10834,15.03271380215334
10835,20.452867419734694
10836,13.435713588756446
10837,22.228207937479745
10838,21.56851133280941
10839,14.039111367378796
10840,13.430441094663282
10841,15.210693762819943
10842,10.687777322382919
10843,18.00180775094709
10844,19.445616396601707
10845,18.928824687598535
10846,15.134062539456673
10847,15.039792998542358
10848,14.027939595162415
10849,15.205065009822144
10850,16.09862148490387
10851,10.338377028309885
10852,11.354750142453087
10853,18.026086070459392
10854,16.905206747560445
10855,12.900367575651947
10856,16.87775212182413
10857,9.025486108056654
10858,16.310419023854934
10859,19.448936957133256
10860,17.969570709871363
10861,20.529627926377774
10862,17.48827714005011
10863,22.177752250225026
10864,16.179290679286673
10865,18.29565018939295
10866,17.421285752556617
10867,16.851993379028183
10868,15.449864600982979
10869,11.77408687745889
10870,16.839957768229816
10871,8.818622229322171
10872,14.553256859627563
10873,12.889645429250082
10874,16.358301501037886
10875,13.551473123027018
10876,17.387247356196966
10877,21.042568003530135
10878,21.077350262062325
10879,20.931143642479125
10880,14.412124138296603
10881,21.83499113158409
10882,16.251537627452286
10883,8.970513907459946
10884,13.817462040018507
10885,17.149693194895264
10886,11.060502389540297
10887,17.256054398335053
10888,14.999839703244472
10889,20.41219248290539
10890,13.98885604965778
10891,12.318457886383428
10892,15.230079699920728
10893,16.238559942479363
10894,16.213262940458858
10895,16.48275806711081
10896,13.337355842043634
10897,16.924947930304434
10898,13.88559560547331
10899,14.624443831603056
10900,12.182295802912563
10901,21.645088061801978
10902,17.47582036761081
10903,16.830839871881928
10904,14.000818780840259
10905,14.713440500306945
10906,14.08436943538237
10907,19.236886695662328
10908,20.25590651084475
10909,13.478628048735601
10910,12.116349787525657
10911,13.666323867740342
10912,10.022291700979661
10913,22.15554377055484
10914,18.554697799895532
10915,17.77739304773345
10916,13.654646243614438
10917,18.720622122147162
10918,12.468718256532293
10919,19.1683781186101
10920,12.986756050762175
10921,11.364728038950958
10922,17.24764572967109
10923,13.78344873226437
10924,14.582125187605962
10925,12.958234441289445
10926,12.682338114643894
10927,22.842773495662037
10928,13.38111138800391
10929,13.11695783776239
10930,10.253396064884805
10931,19.859763243583902
10932,15.911849823772043
10933,14.441823594811359
10934,16.53499439542067
10935,17.810307770356705
10936,14.951013478269555
10937,13.412229702506604
10938,17.051554046414935
10939,10.793875954363845
10940,11.659254675621892
10941,14.147410832541302
10942,16.32582083311047
10943,17.468041294965904
10944,19.02797342469492
10945,14.858365862837886
10946,17.797187904496816
10947,14.930676270213706
10948,12.24517926248756
10949,12.865570736865958
10950,16.4395053083604
10951,18.69350739231031
10952,20.06060031114386
10953,17.0242346264481
10954,12.278991153146492
10955,11.210749010730014
10956,20.219279460075498
10957,14.075776699119622
10958,17.29873744142951
10959,14.780387738010951
10960,18.555122658771445
10961,19.5580885625308
10962,10.143456491242315
10963,13.055437380277054
10964,12.099862041903462
10965,18.024029740952166
10966,15.798304790698332
10967,18.025742864376536
10968,12.793436984296534
10969,18.062193439289658
10970,18.232621502972535
10971,17.234430760091826
10972,16.986870790837237
10973,10.153317395481082
10974,16.729073174535117
10975,9.279831399210673
10976,17.12309261875975
10977,13.016540917311893
10978,18.127299851205088
10979,19.19406544415048
10980,12.25960023048945
10981,11.178299421795101
10982,16.202018473479814
10983,10.999794440402619
10984,9.50112609650841
10985,13.243282011812665
10986,19.809671580458797
10987,11.483019674191674
10988,11.559046090580319
10989,8.214866822161817
10990,14.28422030348381
10991,14.319261033000343
10992,16.538519151700818
10993,11.714083349428503
10994,20.16768063025904
10995,14.906773474946245
10996,13.303882185140736
10997,15.430603476231894
10998,17.293486423530013
10999,14.620514661004039
11000,13.043887870009527
11001,13.134684242956197
11002,21.677101888684888
11003,19.06243107181268
11004,10.892108890222659
11005,12.792216486689279
11006,11.270017035932462
11007,16.67944137398099
11008,13.453266177205503
11009,13.861696732819619
11010,15.378582190359793
11011,15.957112499398535
11012,12.7161868890085
11013,17.1158278745941
11014,13.776406721646405
11015,12.824370783713206
11016,13.473135129473313
11017,20.998838067401604
11018,16.00710817670624
11019,19.416039483194787
11020,12.62525201878169
11021,20.325943846612454
11022,23.276974222649493
11023,21.907292568782214
11024,20.26820031853478
11025,8.982586076600086
11026,16.338677320914222
11027,19.235205738588107
11028,14.259711308487772
11029,11.891563603169072
11030,14.390184114558277
11031,16.54639917461587
11032,13.766292763318742
11033,13.564440793559843
11034,13.068685819551781
11035,17.939861799624552
11036,18.475624046056872
11037,11.978825491982782
11038,16.66714451686817
11039,13.203146776602914
11040,8.084413634121507
11041,17.586001670798282
11042,14.683921498325667
11043,19.702388573400956
11044,17.58917381324109
11045,16.290587206773218
11046,16.5741563397678
11047,15.976923854172838
11048,17.582112789810612
11049,15.259633963379452
11050,13.86910613002625
11051,12.778091892009567
11052,13.434834512231586
11053,16.209074308606787
11054,17.277366262539424
11055,8.094824307636497
11056,15.787791427034655
11057,12.988765928401879
11058,17.76636620470904
11059,14.555164107649553
11060,15.11185995356433
11061,12.055923424931645
11062,14.418905204325846
11063,17.636817084477276
11064,10.806475306112313
11065,12.52615755801115
11066,13.888361567201265
11067,17.76710752800359
11068,12.093384606506241
11069,20.119499806401038
11070,7.5328980264134
11071,8.587953871069054
11072,17.00248788348387
11073,9.628979758560448
11074,10.363085627247052
11075,15.657135898934165
11076,19.448677539022846
11077,17.153898034467087
11078,11.675203334095485
11079,17.170299134084228
11080,5.1260513460244965
11081,13.644374284086496
11082,18.01594010117566
11083,18.04327613601449
11084,14.356982027065696
11085,12.78896809920338
11086,17.55881501080604
11087,16.066880208556128
11088,10.395012301716694
11089,17.841680400716996
11090,11.40904923349277
11091,13.506558163749569
11092,17.8737241131902
11093,14.511820089778544
11094,17.66893004889325
11095,11.052679323364519
11096,18.356190303480343
11097,18.742714013694297
11098,9.021447059321385
11099,15.364400130820655
11100,16.17699710353082
11101,16.847617719225134
11102,9.086689383226787
11103,17.662826892398908
11104,20.271355409957785
11105,16.919527835187864
11106,13.196586655254723
11107,15.656839364670915
11108,14.017619032163303
11109,11.57005100246532
11110,12.239110021450939
11111,13.098640787145323
11112,13.145805477087723
11113,14.266079718428324
11114,15.625745850856074
11115,16.034298388125976
11116,17.09009233286453
11117,18.984996616506304
11118,14.869977622368015
11119,18.076050939702082
11120,15.574297330955568
11121,12.731743177336096
11122,11.965935779334538
11123,11.588062281418345
11124,15.278680044112765
11125,15.57855823586074
11126,17.536025060394028
11127,11.266308847710558
11128,14.740859700125341
11129,14.554828243907428
11130,10.282357767396034
11131,15.696729465726868
11132,20.274824155673297
11133,16.75109610636197
11134,16.64468312436543
11135,13.782736364860392
11136,9.37848064654494
11137,16.97113276511676
11138,13.102074391833469
11139,19.488994372053497
11140,13.661151955257193
11141,11.155610902145977
11142,11.201678638313613
11143,16.09681794717387
11144,16.10341712883261
11145,20.43079485964722
11146,19.783670606940447
11147,16.316737626554048
11148,14.394376191741838
11149,9.375024550204518
11150,16.88923035648671
11151,16.58312779445765
11152,18.85414647224161
11153,18.658891030759047
11154,14.25794708388999
11155,17.777918366190672
11156,13.045082929794415
11157,22.777602741093784
11158,12.982616461561928
11159,14.287416541424562
11160,12.002180393460197
11161,17.32779347337156
11162,20.806518170938727
11163,13.679095788272924
11164,13.762796308023525
11165,17.63649580780669
11166,13.79788833412809
11167,14.096948639880791
11168,12.97384132110334
11169,9.573437898934241
11170,9.31940153957363
11171,16.25700803017649
11172,18.357452909162273
11173,15.328367497770865
11174,15.663347860745679
11175,16.554890915712473
11176,11.292688491361965
11177,11.700818900436317
11178,19.113721257855904
11179,13.740612396906322
11180,17.71019608019968
11181,15.417972811640867
11182,19.26656296829993
11183,16.96806534645465
11184,16.90471675404539
11185,21.728438912948988
11186,9.802398559677266
11187,14.920644054216206
11188,16.950038576580177
11189,18.96568832708057
11190,15.671000577841575
11191,18.479404621234615
11192,17.823327437297948
11193,17.08771780902292
11194,18.068950255287845
11195,16.5979368840315
11196,16.196651189761813
11197,14.409228204204721
11198,10.356339114238503
11199,19.18807777068322
11200,17.733697794609856
11201,12.787634204667587
11202,16.949998125811852
11203,16.427191025960546
11204,17.320654175268967
11205,14.400609883324009
11206,21.870159849821704
11207,20.724861697248024
11208,16.585113972221034
11209,12.410533657041196
11210,18.344837254156523
11211,14.804730779863826
11212,13.207607177625032
11213,15.320247832911475
11214,19.071010032484615
11215,12.228141089476772
11216,10.436376080614327
11217,17.842181782749186
11218,20.92727795859973
11219,11.263996610654404
11220,19.630003304117956
11221,13.602118244646153
11222,14.129743735024473
11223,16.261953810967352
11224,15.948596697660829
11225,16.759580208687954
11226,10.202185150307642
11227,16.831959383469247
11228,13.379058916754266
11229,11.285157697900553
11230,10.73880482160465
11231,13.65394461188005
11232,18.338306310682857
11233,16.254261874311037
11234,13.989932770426496
11235,16.068012882955514
11236,14.43289333480007
11237,16.090817807761148
11238,12.14554370961277
11239,13.779259693993309
11240,16.872389584218105
11241,12.747597746162278
11242,14.153171081573133
11243,18.18756142967404
11244,19.362914997523166
11245,10.762008752644752
11246,17.496026201032628
11247,9.624282484005825
11248,14.232870700417216
11249,13.386804779384452
11250,11.894226538874866
11251,11.558655558744569
11252,13.745814162285786
11253,12.392648436200794
11254,13.5635945539821
11255,17.9151600199087
11256,17.791951010737346
11257,11.908675882457366
11258,18.52627089017471
11259,18.14597733497078
11260,23.029272946248227
11261,17.68283921093876
11262,13.994821670029907
11263,18.053502089760673
11264,16.768455823679933
11265,16.133734487489686
11266,19.05877478208345
11267,12.968579314134388
11268,17.34227375080509
11269,19.89830331197936
11270,13.861151451692283
11271,8.80347974648917
11272,11.656697412677921
11273,13.279120711476942
11274,21.345928200546837
11275,18.4809576277446
11276,21.61116900882062
11277,18.360455108389917
11278,15.406700822214669
11279,11.293136399289724
11280,13.776965321097181
11281,13.002519210586215
11282,17.43818543691507
11283,15.131562596461606
11284,13.759725740886335
11285,15.893593204666491
11286,13.102798319478865
11287,13.172664771005788
11288,16.979587018618993
11289,16.876472843705773
11290,13.30221287722733
11291,16.74829958665513
11292,13.523484775319915
11293,13.966391234345418
11294,18.867220355701498
11295,16.573435271493334
11296,15.056666355343495
11297,9.962921348648969
11298,9.626228778989125
11299,15.996511633109765
11300,9.201281018979879
11301,12.137354162442332
11302,16.014081850226336
11303,10.462091258226362
11304,15.537561907105388
11305,19.16248103235052
11306,18.281326779222763
11307,18.64931331466623
11308,14.785708116081283
11309,14.785327522968593
11310,18.856999258442904
11311,12.995322156891621
11312,13.313429314195556
11313,21.285819047513527
11314,14.70791574416099
11315,10.77905943705451
11316,17.856150034930383
11317,14.908788403828225
11318,17.204987391065437
11319,11.996606267721333
11320,12.306247338928053
11321,12.220066806878407
11322,16.451522914527885
11323,9.00071865522115
11324,19.167633524836255
11325,15.126078194301666
11326,12.753909125497533
11327,18.927632226872586
11328,19.589162371631215
11329,13.557094059840624
11330,19.19966683868818
11331,13.554911717764368
11332,16.781894874154435
11333,22.709457286931364
11334,9.574671246764462
11335,18.409726747776343
11336,14.374242628788307
11337,13.39061999983958
11338,11.119000175981363
11339,14.982284807915706
11340,15.18094743040658
11341,15.538538369565764
11342,15.561513179119334
11343,11.835725829690295
11344,15.938699350671566
11345,14.478510399158306
11346,12.48561688786356
11347,13.158647264536302
11348,9.43976785187459
11349,16.68721118228329
11350,14.465464542460577
11351,19.775003038303737
11352,13.579788505772882
11353,9.013796167745548
11354,11.819639892629027
11355,14.028877860870574
11356,18.317271949931488
11357,14.454945648651762
11358,18.530549561729373
11359,6.885132676589155
11360,17.408801500128497
11361,14.037338386891374
11362,12.552887791925404
11363,16.092434254156924
11364,21.6768787628927
11365,17.847781550958775
11366,14.458467715583529
11367,18.340159583123466
11368,16.60255875973615
11369,11.289135142412563
11370,17.19650692217417
11371,15.59222808051401
11372,13.947244112069168
11373,10.573343276466323
11374,15.155246255126698
11375,17.208154943069157
11376,17.859443640690596
11377,13.772432745816706
11378,14.277776607214399
11379,17.35596898330799
11380,11.667599619136457
11381,13.123770728040473
11382,12.843866480440498
11383,13.97129354858646
11384,13.820117724963838
11385,18.315982668242764
11386,12.464140646139004
11387,12.42186779925332
11388,13.391499680858491
11389,8.474409398908858
11390,12.865906895003905
11391,15.238115480663055
11392,20.192483928701186
11393,17.743963618292028
11394,15.860711777535213
11395,18.86314348734312
11396,10.338964690493363
11397,8.998849524893512
11398,11.500775399247761
11399,14.528348444104225
11400,17.042385991271747
11401,18.892711598282098
11402,17.81450030955382
11403,18.044748424078282
11404,22.06459899961589
11405,14.129105650028233
11406,17.473014076068285
11407,11.548093391682684
11408,16.03015110376601
11409,11.51456784070972
11410,18.227445204820853
11411,17.097503170129105
11412,12.550506306031853
11413,11.963032563985797
11414,13.065124593004633
11415,14.386961751208236
11416,14.946755042307545
11417,19.32359202668652
11418,17.07803842981494
11419,13.117203284570454
11420,15.019054060809966
11421,13.090408583624006
11422,15.334239820845738
11423,22.059115104321968
11424,13.90943565888098
11425,15.649781098993323
11426,17.127777611685698
11427,13.118904276933103
11428,20.69063378398121
11429,11.7752366577637
11430,15.489063338878138
11431,19.45510598029903
11432,19.333865990275022
11433,14.767961531080413
11434,16.970546479976296
11435,16.820501724372388
11436,21.86290884064619
11437,12.270213217384665
11438,16.79039946972038
11439,14.998193446078602
11440,15.859403663111364
11441,14.955847114656837
11442,15.035762443366812
11443,20.552384853503234
11444,6.708775245457197
11445,16.03051880610738
11446,14.328731781677408
11447,17.866860911508592
11448,10.36909030413739
11449,21.58942350798727
11450,13.219363119459574
11451,16.12450555379825
11452,13.808957058065968
11453,17.09846535226585
11454,19.57703771404702
11455,14.050130729202865
11456,9.549640543433659
11457,14.127794775113609
11458,18.887234548461315
11459,12.908657543761539
11460,18.695128160678777
11461,12.782360083453481
11462,17.730105100317534
11463,14.396978832896863
11464,15.863186243768647
11465,13.246968467565404
11466,17.29347062895783
11467,14.674877899762084
11468,16.713001007050757
11469,21.41273056696132
11470,17.727006122017663
11471,17.560253518012825
11472,15.385055072656126
11473,16.780298344478528
11474,14.742538905602848
11475,14.950853623421182
11476,14.880686468104878
11477,12.39379901593798
11478,9.672283348162365
11479,11.48325155755533
11480,10.376515098571016
11481,14.534313931684627
11482,16.38287766620069
11483,14.331336059462046
11484,19.664127305851466
11485,14.576641111220672
11486,13.031829972932051
11487,16.61972977027378
11488,14.777447999799573
11489,17.214680885925993
11490,12.378253905469473
11491,14.565126466956617
11492,9.875635770280208
11493,21.53549532499772
11494,15.31735455985907
11495,15.118337928262633
11496,20.693953003071986
11497,18.014753961817085
11498,17.759770262152074
11499,19.91088643211873
11500,15.670569539828167
11501,10.891760249115492
11502,11.917168436271748
11503,12.309245703971255
11504,16.085649913421253
11505,18.93345975316779
11506,16.324822305078786
11507,14.25425574456116
11508,10.566630966277572
11509,10.41929981329478
11510,14.913924259453232
11511,14.105954063422177
11512,19.052801333335772
11513,17.686593788071757
11514,15.680815055391294
11515,8.622660992874394
11516,18.80858667499229
11517,18.284853148622645
11518,21.480697564592024
11519,14.096633567670345
11520,14.718404008703052
11521,16.495938883433954
11522,14.59437400662154
11523,17.734563844194913
11524,12.824094556037686
11525,15.54491768193703
11526,12.464083765046244
11527,12.183502431668142
11528,13.914359067495743
11529,8.181440526302579
11530,16.788530088687864
11531,14.108799630225368
11532,18.324034448880667
11533,14.641506201954325
11534,12.656360346632347
11535,11.198769300893218
11536,15.022911629387345
11537,16.34874602216493
11538,21.860926145497018
11539,12.239337116368672
11540,18.11028100554374
11541,19.8436189772226
11542,12.628154703593687
11543,14.886017483829448
11544,19.31488375399755
11545,15.099968645303347
11546,15.892423189319391
11547,10.405709032284298
11548,22.0962160591438
11549,11.115905227098395
11550,18.11429348731054
11551,13.853270528468755
11552,14.514115728274033
11553,15.710419149243055
11554,14.24028350313534
11555,8.152722058345452
11556,15.033207983014167
11557,16.40292910472536
11558,13.43698987206983
11559,17.089527887202394
11560,13.243084012744783
11561,13.556483208946688
11562,15.95239329092487
11563,13.094322663761982
11564,18.341463987860763
11565,15.027158244954485
11566,23.01568539642576
11567,19.233476178237023
11568,18.285813568128102
11569,8.801267025524979
11570,20.40843299257207
11571,9.369200265420206
11572,17.39919535303269
11573,12.217015195261173
11574,19.64754470829874
11575,12.555375539260645
11576,15.480957976916438
11577,10.253066704589097
11578,17.061627670805215
11579,15.84866381036786
11580,17.185411377436303
11581,16.783829493982143
11582,14.041465314842476
11583,12.015003584355888
11584,15.764659582229603
11585,11.52242798329075
11586,12.284787270946214
11587,11.828092257466313
11588,13.457807403940425
11589,19.22091982935488
11590,17.74882804461155
11591,16.092280889183616
11592,19.652162619700174
11593,22.609468113965203
11594,12.913349474692897
11595,19.366483793610197
11596,12.741952914809975
11597,20.791902875524926
11598,19.72521162553329
11599,14.399268590710715
11600,14.872902194204332
11601,16.389965627367356
11602,12.353368891371757
11603,11.442868948353322
11604,14.666559025802215
11605,17.18143761237527
11606,14.342439165027606
11607,12.658501624233375
11608,17.321708638590113
11609,12.417629736757108
11610,16.505079762956672
11611,16.200089743032283
11612,12.696105753613644
11613,19.797982621742033
11614,15.26545868974617
11615,17.648683944563274
11616,15.810670183353952
11617,14.117870907627703
11618,18.759680834692727
11619,17.944007244544725
11620,16.857686192066033
11621,14.12197387768882
11622,14.240476759193145
11623,18.23787131091594
11624,15.617716921595282
11625,13.197027089773297
11626,16.001100899679123
11627,19.723858014354708
11628,7.3418423954038445
11629,11.242421240351533
11630,19.98221828316163
11631,13.265152002348994
11632,16.75851392469168
11633,11.71858674182542
11634,13.048136616097436
11635,16.829878185306026
11636,13.606044022756507
11637,19.452680768486193
11638,13.60276200598907
11639,16.877363706657366
11640,11.264104352683662
11641,9.215120382585507
11642,16.077968870661383
11643,14.158823351254881
11644,13.299201575982954
11645,17.09299699275276
11646,17.534773255974933
11647,9.24890024308085
11648,12.880518589526968
11649,11.988403786192471
11650,12.493924514513596
11651,16.126636947681998
11652,23.519968672323976
11653,12.483226444462833
11654,11.669093190101103
11655,14.97846886467316
11656,18.29699667789717
11657,13.177242027878767
11658,18.55452334149888
11659,16.875539790267382
11660,18.92438954206076
11661,16.6018757357568
11662,18.950586430807462
11663,13.8631902438035
11664,14.581805494809077
11665,10.748005535466362
11666,17.86227437462167
11667,14.339262878962678
11668,11.358760764290604
11669,13.15363078224556
11670,17.7887544249672
11671,18.115224870583567
11672,17.685570978532894
11673,11.533675646832037
11674,16.323918369427307
11675,17.961280428118272
11676,9.715876816409752
11677,9.881695273549266
11678,20.511919792852627
11679,13.487847447051145
11680,16.907994384677163
11681,17.587507255949234
11682,15.940423190683479
11683,9.15954243693437
11684,17.238931045710117
11685,21.681046397295432
11686,8.432833267159864
11687,15.143892083911396
11688,15.945890223115613
11689,13.026721927697643
11690,20.862312203690628
11691,14.033446973353975
11692,13.401528139608741
11693,13.565175246623092
11694,14.408590546820735
11695,16.93424728094695
11696,6.685652890518094
11697,15.37467032047654
11698,18.66375031341643
11699,12.921045368746707
11700,17.32457541474485
11701,14.859793275612962
11702,10.971441462007295
11703,13.778606595479198
11704,14.83211870557714
11705,17.1018733042516
11706,18.11978141744588
11707,16.611445264358952
11708,17.37304282153082
11709,21.00029034462911
11710,14.061068177591885
11711,13.534083946347144
11712,14.354005872771438
11713,10.668924012454898
11714,12.602566540205302
11715,13.709716276582423
11716,19.242229328484097
11717,17.75317623575276
11718,22.87939686582659
11719,18.13113727000781
11720,18.235357285686437
11721,12.566863369871815
11722,12.736725804429664
11723,13.328466342826758
11724,16.876431802613443
11725,18.44182251246248
11726,14.185635220190948
11727,14.850842227362909
11728,18.044879050301194
11729,14.60281941713193
11730,19.02455825599218
11731,18.762028819004616
11732,11.48362844388473
11733,16.663311191946377
11734,15.40010876166893
11735,16.564797165846695
11736,7.97666251063985
11737,16.74652033805822
11738,16.309281840824635
11739,19.028434954307052
11740,9.92330960903854
11741,18.038815884351855
11742,14.364236946148488
11743,14.15642430680792
11744,20.103256974886087
11745,20.625925172761743
11746,18.130020368031307
11747,21.10946324655833
11748,16.628081633969497
11749,18.962872968158706
11750,16.059465099604562
11751,17.01529457544734
11752,18.51122204645519
11753,10.678407128237122
11754,17.823028427953933
11755,15.155823776224087
11756,19.743835206463906
11757,18.66983063140433
11758,12.08697499103385
11759,16.698029112496634
11760,14.933968873975104
11761,14.812960046456285
11762,14.216486794314232
11763,13.780802047420712
11764,19.120909257437923
11765,14.731024492224138
11766,15.571678661753133
11767,12.372325997388504
11768,10.303651085525683
11769,11.24923450969055
11770,18.770070905092805
11771,16.49538755466861
11772,16.31051469933972
11773,16.125739940587216
11774,13.173141585532475
11775,13.017496425851432
11776,17.28334032746654
11777,17.065134769791303
11778,19.898906928280233
11779,8.45205781103121
11780,16.31573756536214
11781,15.977623517373994
11782,13.466158732791028
11783,18.71039773011165
11784,12.703354264108153
11785,17.734297081069816
11786,16.510135005224303
11787,15.02229651462018
11788,16.786316660372577
11789,15.504186611409914
11790,17.855319187918834
11791,17.319446863120934
11792,22.7188780410269
11793,13.461131938014592
11794,22.50044876903885
11795,13.861486991257681
11796,18.985985278418433
11797,17.051443766464104
11798,11.091773164980209
11799,8.555423582938332
11800,12.378301408743749
11801,8.939948445628033
11802,18.29437483230607
11803,15.289218837062872
11804,15.551394721095175
11805,15.615415784646377
11806,12.005885725016633
11807,21.15497587634433
11808,12.720376010810455
11809,13.794683050243236
11810,17.01271666152411
11811,18.922055235271355
11812,8.82470592079897
11813,12.754113238362434
11814,16.25507636469709
11815,15.365289778291265
11816,15.60157924814197
11817,12.381912263816997
11818,16.373428072991437
11819,16.02209163990068
11820,12.79571168423342
11821,17.63166608446885
11822,10.249138766051555
11823,18.300077780650465
11824,14.874380441123389
11825,11.976830746672368
11826,18.949385151600673
11827,13.433794145342407
11828,20.06802537089616
11829,18.814453038071047
11830,18.977371190083378
11831,17.301906555092714
11832,17.708901682237602
11833,16.3016101110425
11834,16.164347808548143
11835,11.64782504342378
11836,15.409544471265622
11837,18.111307724838856
11838,19.94089621637364
11839,15.663655876403709
11840,11.398731032535057
11841,17.87603784893852
11842,14.145820366117109
11843,14.204117840839723
11844,16.526721092414657
11845,14.997372941106429
11846,18.893091201142422
11847,16.182187735599644
11848,17.272521106739486
11849,9.34893460858196
11850,17.883754124990904
11851,15.472621209266588
11852,15.6706083969884
11853,19.522514604969587
11854,19.924653989601214
11855,13.94576028850824
11856,16.4058508703634
11857,14.226837414560205
11858,17.10869064798747
11859,11.341151319515035
11860,20.191976860358764
11861,11.510105494069903
11862,10.378816790542464
11863,12.070561042850372
11864,16.2151065383038
11865,17.35396832277566
11866,11.982571132193776
11867,9.579721053185104
11868,16.15980203621236
11869,15.633383442740875
11870,14.325610958506225
11871,12.228188339282516
11872,20.12634666687697
11873,16.086023710676663
11874,16.05095583440338
11875,7.026383500379868
11876,11.44174112429824
11877,12.371330244636818
11878,7.607240976638451
11879,13.655223304377609
11880,15.577325882311978
11881,14.454848082586217
11882,13.090717009452762
11883,17.357381758826268
11884,12.636079544155471
11885,17.148357903213867
11886,22.26480196981889
11887,21.559581938619193
11888,13.692625025225857
11889,18.097450851198463
11890,19.796538767660852
11891,18.753894131154603
11892,16.570681120843055
11893,14.380145663956965
11894,16.819842975642164
11895,21.350045479723857
11896,20.698419277202152
11897,9.622059429097796
11898,15.119165817098438
11899,21.657969119535306
11900,14.696158138848523
11901,14.438942765315407
11902,18.566173646614608
11903,12.344962725250824
11904,18.56415583325649
11905,13.522825712482927
11906,18.358850343699146
11907,18.04944240249428
11908,15.387880713542785
11909,17.73143237847643
11910,12.152157270784324
11911,20.417499176035154
11912,18.759278339494116
11913,16.36761619909684
11914,12.941027446157154
11915,10.32637449740442
11916,18.670713105421726
11917,13.148330988376456
11918,12.4855578937515
11919,12.048447320095145
11920,12.15354025378099
11921,14.597490802490787
11922,16.609804011540596
11923,16.0037774877059
11924,12.955945099081525
11925,20.301938050134574
11926,15.982650612008774
11927,12.076911328216884
11928,14.20913284865073
11929,15.609564193523175
11930,16.66289177245104
11931,10.408715890634461
11932,19.496086180253414
11933,13.97164895856298
11934,14.730542450199243
11935,13.832902635365977
11936,19.249010032876924
11937,16.16370884787237
11938,11.454419926469718
11939,14.549161702234272
11940,17.831134773984314
11941,10.014545291526318
11942,21.113847970661425
11943,16.768219601609925
11944,13.689605872717987
11945,15.162483753570655
11946,11.883834957860934
11947,15.568881456885789
11948,15.347531734259997
11949,19.911791614372024
11950,16.543315765099827
11951,17.810487838178865
11952,13.99310360664039
11953,7.178513896002123
11954,16.442985363325615
11955,13.439914463169107
11956,16.94286409120532
11957,14.10592791279806
11958,11.12416504614012
11959,14.60750858763889
11960,13.331333141223546
11961,20.8383379845159
11962,12.581688195809424
11963,16.90311179947098
11964,16.005152074038595
11965,6.3775516151065546
11966,12.29940033815746
11967,14.006995064790274
11968,17.698680050958544
11969,14.201455153150896
11970,9.291688482909658
11971,10.111521449622927
11972,21.08198771576337
11973,10.659124378425542
11974,13.213550508620273
11975,18.566842376908795
11976,14.322905510737224
11977,14.907427979441104
11978,13.572478152969675
11979,21.930416743926294
11980,17.44222616789689
11981,20.407003178161172
11982,17.316145369880257
11983,15.951589946229344
11984,18.10668028912704
11985,17.816234629186873
11986,16.7453661167863
11987,18.517856135542676
11988,16.993370521755736
11989,12.589057995959323
11990,13.178359662811772
11991,13.076598744662272
11992,17.38964190819045
11993,15.42350536252016
11994,8.707552375356562
11995,11.406402424887016
11996,11.59090659740806
11997,21.750282459627797
11998,13.986770768065913
11999,15.101696213361553
12000,17.446742226521504
12001,17.99512560667612
12002,15.230387674475738
12003,19.02683920844219
12004,11.373492845026556
12005,11.819661920843473
12006,10.390603680800236
12007,16.213017695585712
12008,12.786176820103869
12009,13.655514152634277
12010,16.176967063133816
12011,16.04816145257166
12012,19.316751645338115
12013,18.864927880917204
12014,12.724130613543428
12015,18.45388914332058
12016,15.342561497528214
12017,18.330711897155734
12018,16.67227270801447
12019,15.897819842950584
12020,16.314782070534303
12021,12.52659709532555
12022,7.508993292411752
12023,12.657016649670368
12024,14.230859141210905
12025,18.547296566534747
12026,12.758558554000004
12027,19.335836268403916
12028,9.646445892548417
12029,13.377718284945574
12030,11.72450379841101
12031,14.762126935641191
12032,16.351229314825677
12033,14.450239650043242
12034,7.2839263925062365
12035,11.904793289563834
12036,20.28555211677393
12037,16.366167118010992
12038,14.969325423619791
12039,19.524628881638225
12040,15.603850067585226
12041,14.982997813533926
12042,11.767013183214726
12043,16.498448834013743
12044,19.667600532977172
12045,16.53903280748064
12046,12.135065942305285
12047,15.89604809275133
12048,17.68192014841314
12049,14.913560490270957
12050,14.737207020595724
12051,20.067285826280163
12052,18.9471560447909
12053,17.463232120412744
12054,17.43704817111182
12055,18.410557155950208
12056,18.46108038101924
12057,18.009687053242775
12058,13.448320350930002
12059,23.48740517626871
12060,18.138156147496012
12061,14.679993243416435
12062,16.480531009718728
12063,8.863209184402058
12064,16.277131472383527
12065,16.354610033668227
12066,17.995218232135823
12067,10.281063958807064
12068,17.02076850944721
12069,12.0036487763794
12070,21.00154354852564
12071,15.68482807237883
12072,18.42133908355637
12073,16.610218102183
12074,17.39556632795899
12075,19.29729522730409
12076,8.826821748647186
12077,18.909802321676796
12078,14.877152605868304
12079,15.475204421754082
12080,14.517723327776753
12081,14.467792155131773
12082,15.207784518313511
12083,8.854781732039513
12084,15.72099403281085
12085,15.655577310563517
12086,17.662883451002582
12087,19.69715972644066
12088,14.143396935770816
12089,17.137313995411287
12090,11.936091133793859
12091,20.17416253218768
12092,15.772318442921428
12093,19.868526233754018
12094,14.391468141884891
12095,13.92951365519529
12096,12.96326528075032
12097,15.452022717449506
12098,14.870481273891588
12099,14.749016424521802
12100,13.482456452388075
12101,18.802218888687886
12102,10.172236845750913
12103,17.282048115785635
12104,14.492795480973571
12105,12.666219428954772
12106,17.109656883798024
12107,15.825394716556975
12108,10.33005677501048
12109,17.162260749263034
12110,15.130451093731434
12111,20.306979816211282
12112,14.3311017360686
12113,12.96140695075092
12114,14.095949287079495
12115,17.31821333047547
12116,22.138190742150865
12117,20.59788067169656
12118,22.265444648192734
12119,18.956164545997662
12120,14.169100255068718
12121,18.149197701875167
12122,8.819687638398893
12123,20.709822329776554
12124,18.604081515294446
12125,18.46158691817653
12126,12.79745629686225
12127,16.51944543877186
12128,11.44117865667304
12129,12.56443470368811
12130,14.698901598212874
12131,15.306800460477122
12132,19.357184288440113
12133,20.471822849318844
12134,15.069524639723305
12135,10.332559725844472
12136,13.752246553483172
12137,16.036881816650666
12138,17.546956037819967
12139,19.86952139767371
12140,11.233483240997305
12141,17.40473302895679
12142,8.650333643557072
12143,11.079033134769332
12144,15.91273129525351
12145,17.15848614905099
12146,15.178937834799216
12147,12.930145706280669
12148,14.3625841834328
12149,16.80775132473987
12150,8.763957909219092
12151,18.863058320636917
12152,12.678828087215964
12153,10.738635777804634
12154,15.450905443876655
12155,16.76218407186865
12156,15.603249939783204
12157,15.255424405153708
12158,16.771495005383123
12159,14.214861532507745
12160,17.281011932125804
12161,11.381902772863281
12162,12.387065782290016
12163,18.415845101973872
12164,12.968918671330478
12165,17.22608032568503
12166,20.466772639092376
12167,18.62003482976548
12168,14.68485516538057
12169,17.864727179497667
12170,16.56342630806234
12171,10.88711889179441
12172,16.45406302701437
12173,14.785529377088563
12174,14.18627432113691
12175,15.307628202940577
12176,12.838631650170628
12177,11.367458848606724
12178,16.72188578385224
12179,14.089571106457809
12180,12.907411072768543
12181,11.643437411869547
12182,11.209448430768678
12183,14.245017654578454
12184,14.456324362505782
12185,13.918213918847563
12186,12.361220506557581
12187,20.43879744986596
12188,12.94247184911345
12189,14.372756974834202
12190,16.48871743817936
12191,19.559816278879534
12192,12.445531197514864
12193,21.118143818670493
12194,10.854322352537437
12195,13.233659368682087
12196,17.48173154963411
12197,13.07028907854015
12198,14.034707800770207
12199,21.595659119900215
12200,11.862582782372405
12201,17.48236508766473
12202,14.99328017060213
12203,13.850409753593036
12204,7.8588264974791775
12205,10.474343314931147
12206,12.654811094805385
12207,18.22951032723458
12208,13.781062006156239
12209,17.872138605667118
12210,14.905945044543666
12211,21.194652870294682
12212,14.324901429022553
12213,10.917291098390013
12214,21.30328728206964
12215,19.159900877483466
12216,19.37452678174491
12217,15.857946400850583
12218,12.989452198815151
12219,20.623756542632613
12220,17.37987601656925
12221,16.863085344820732
12222,10.381405370440834
12223,9.824668115412369
12224,15.967129060648416
12225,17.490047331462687
12226,14.269809039411161
12227,15.44883874507758
12228,12.657850950160334
12229,13.419091031736423
12230,15.84041166996993
12231,19.51308697541584
12232,16.061167265490425
12233,10.942181519122336
12234,18.569454698513752
12235,12.893020932958638
12236,14.877899540762936
12237,16.404002629137036
12238,15.922141687374598
12239,15.42014289972797
12240,14.727069746042613
12241,14.892332200247104
12242,9.5859614671835
12243,14.005557442885632
12244,16.3532318292133
12245,15.849461854237212
12246,15.39132622521915
12247,14.854305593087291
12248,14.435466997653743
12249,16.331327465966368
12250,9.697453936674297
12251,19.986481831000987
12252,13.715991618097977
12253,14.613547010023717
12254,12.122310932987673
12255,13.062159900321209
12256,14.249750283908378
12257,18.46715022605609
12258,14.658614629442534
12259,18.967677585199414
12260,14.287594192854367
12261,13.286243988009762
12262,10.76334191199371
12263,14.004753055125938
12264,20.637086430365407
12265,17.276713154403694
12266,13.58154963282453
12267,17.693524490606944
12268,11.545006461517753
12269,9.005581341428712
12270,21.174566411284967
12271,12.887522879714647
12272,14.618296133106728
12273,18.18077494285708
12274,14.489775927414007
12275,14.301356949502898
12276,19.488710742423116
12277,21.997800245150906
12278,15.796160556334227
12279,13.74919831626064
12280,15.13144823729034
12281,15.031911772860964
12282,13.25694801383737
12283,10.783711212862546
12284,15.330782012739656
12285,18.598810747988527
12286,15.381072756019135
12287,18.82222811990767
12288,14.319822105771266
12289,16.587564511506013
12290,12.216522351333914
12291,10.968829252761118
12292,17.127139271844584
12293,17.69944917349665
12294,14.794979373004667
12295,17.931250139931308
12296,14.872078074341228
12297,13.800963140785301
12298,15.643852928435559
12299,16.952049138112216
12300,17.47261995279871
12301,21.55330702342566
12302,17.63870596748145
12303,13.830023162001002
12304,12.265415238356416
12305,16.5704554416646
12306,11.6296010947176
12307,15.166471773153765
12308,18.46526575972072
12309,14.35977312021857
12310,18.443530116792417
12311,18.399576965842016
12312,22.644993064989006
12313,13.068206847013226
12314,19.154874159944914
12315,15.32242207863751
12316,13.405885809390503
12317,17.57051497328945
12318,13.254890970358247
12319,19.246555843977283
12320,19.345969266142905
12321,14.201456636358099
12322,22.401565916878646
12323,17.861416446898296
12324,17.603792062781142
12325,9.459160394872821
12326,14.923965639963347
12327,13.61872237102888
12328,15.032802859938311
12329,18.812813994369975
12330,15.547417200581027
12331,14.433963203114319
12332,21.093349363518072
12333,15.628302321853322
12334,22.717964818324983
12335,15.317967131270773
12336,15.056867446872417
12337,15.848446760570976
12338,18.07921844728332
12339,16.163945506609465
12340,22.77287458424286
12341,7.175079535638066
12342,17.519322285482673
12343,10.679579304781662
12344,17.73339141113898
12345,15.674329724651345
12346,13.784387544938127
12347,15.803287952544776
12348,15.84015373053771
12349,12.094772459236275
12350,9.280023105851276
12351,14.136004078531641
12352,11.639489398369673
12353,15.492307401056188
12354,16.30843652704167
12355,17.35080365621819
12356,22.40682031376582
12357,12.730983696366977
12358,18.349862253898955
12359,14.470122088077042
12360,11.862916515108829
12361,16.823263639790817
12362,11.741516745584526
12363,13.152050233365667
12364,17.786082634332804
12365,12.050317950942475
12366,11.045491777734648
12367,14.926387294827533
12368,16.71139738716648
12369,11.21638750245846
12370,22.461676950816244
12371,21.243833647131318
12372,12.807586739929203
12373,18.83950376703931
12374,13.940944912927906
12375,15.58403977515442
12376,12.368221323634488
12377,13.465585564086743
12378,15.641215685354215
12379,11.540957449462072
12380,14.56763114115984
12381,8.337323173554473
12382,17.78916216984064
12383,13.777077157361177
12384,13.374142197493075
12385,20.433987926050882
12386,10.24410435279782
12387,17.543125450053594
12388,8.626684514588097
12389,14.53564532053563
12390,11.91252862509592
12391,10.617780068097066
12392,13.046082784111277
12393,19.119017129957463
12394,13.86078984282807
12395,8.741311879250912
12396,14.15738921719976
12397,12.256243940559793
12398,15.076180086628861
12399,17.873250558415045
12400,17.184266667915185
12401,15.907235687302974
12402,20.58087958964163
12403,18.493570519261862
12404,15.915829276628683
12405,15.431105009809032
12406,12.010844401403117
12407,14.28240596822452
12408,14.656144411175891
12409,17.242489011200202
12410,16.298652721729546
12411,15.826434736710121
12412,9.777109296445754
12413,19.352074828324827
12414,15.72014117566718
12415,14.854771376462136
12416,10.651420838497895
12417,21.212600141050793
12418,13.641018716568844
12419,13.192679596690231
12420,9.520604116407448
12421,17.577620370896852
12422,19.027764757040856
12423,13.685638605554463
12424,16.87976476250887
12425,11.368487427359991
12426,11.033562595788457
12427,7.945330063059753
12428,12.284170013031517
12429,15.124489844384991
12430,17.80902919978213
12431,19.526897678144667
12432,10.859063059752698
12433,15.022395218933925
12434,15.808251713111838
12435,18.570877958476327
12436,13.937853810558854
12437,11.289656312241126
12438,16.034237404849762
12439,17.230430499918253
12440,10.888419758552335
12441,9.558766766501073
12442,13.819152807402707
12443,13.046786380587765
12444,16.23170041700413
12445,15.294588323189934
12446,15.334078313643323
12447,15.251045642871945
12448,19.911833565869422
12449,14.150189504490106
12450,14.244690226504133
12451,14.650345208385346
12452,17.385354232675695
12453,15.408974222803755
12454,16.01060538802981
12455,13.823631629896102
12456,16.279677049389857
12457,19.460169283704452
12458,10.86221431141546
12459,19.060244371267835
12460,17.84333437582303
12461,12.960785670877966
12462,18.429995406507516
12463,12.20736852979131
12464,12.267357948647003
12465,18.83040651305171
12466,21.23620600381029
12467,12.086989545632525
12468,13.668718920919922
12469,17.17192270970923
12470,16.844694567392466
12471,18.89330697379755
12472,17.266996349003513
12473,15.602163435475253
12474,11.935418924869262
12475,11.554080048914637
12476,9.777442238053114
12477,16.224347487876116
12478,14.343834764041567
12479,10.23214884948463
12480,14.985328818595898
12481,16.16898747660829
12482,19.089948756784196
12483,16.193307641386713
12484,10.404568565854431
12485,17.441181534915422
12486,16.319478160077214
12487,17.56180110261176
12488,10.733407320860962
12489,8.108105796001023
12490,11.021605848637977
12491,21.09984084368009
12492,18.11397245378843
12493,14.152055875517473
12494,20.040463481131066
12495,18.292903644871267
12496,19.051756205227765
12497,18.370141047275993
12498,10.102565686089875
12499,10.920777351082345
12500,11.686960382121002
12501,10.702416654448959
12502,16.0330906023807
12503,15.225488325294812
12504,11.435803958247202
12505,9.109811781382815
12506,10.930195693942334
12507,9.603044074670429
12508,11.959630665959143
12509,16.11807925499684
12510,20.38249828846248
12511,15.031761353768589
12512,21.687469385941668
12513,17.558578210797293
12514,15.834078730252616
12515,15.660872855833981
12516,10.610987135190214
12517,15.068535394575154
12518,11.180874055562981
12519,12.673234917253401
12520,14.10596934541602
12521,13.29406999106001
12522,8.729919802271933
12523,8.77276414361366
12524,13.748280481413467
12525,12.467660784397022
12526,14.757100710775621
12527,15.078048784716536
12528,14.178906506858214
12529,22.41969072038347
12530,15.742837228120504
12531,14.378027875936153
12532,14.047547809869517
12533,11.149894022465709
12534,14.078552895706313
12535,16.732322941900566
12536,14.992525817364081
12537,20.518019372869855
12538,19.01141813247758
12539,16.59126354352038
12540,19.952720160107084
12541,9.598992299533112
12542,11.506945042735493
12543,11.008138888106538
12544,21.866253797084447
12545,13.506483801975968
12546,10.19476614265735
12547,20.36193092701137
12548,16.63690742447873
12549,17.06376938372714
12550,12.666421158404805
12551,16.90835558060625
12552,10.156103274418275
12553,13.887723712050759
12554,10.895224268985618
12555,15.652173154844935
12556,19.86270416912363
12557,16.969076117545566
12558,15.324501746209728
12559,15.519265868665922
12560,17.852360867746764
12561,11.907449018676427
12562,16.809356796871775
12563,15.94224151819752
12564,12.77465640914903
12565,10.924735232067192
12566,16.32091167681017
12567,12.132227376732684
12568,11.477928366934254
12569,11.780049530917767
12570,17.568955791845266
12571,15.981373404082294
12572,12.015186151982089
12573,13.886114934021176
12574,9.270726439812258
12575,13.54175414920544
12576,13.247354506189371
12577,16.498158563073748
12578,17.662044651873153
12579,19.478810860065664
12580,15.403562508397808
12581,17.376825518599166
12582,15.308281499824943
12583,18.813214339746935
12584,12.25622012620368
12585,16.504041534823024
12586,10.993517857775364
12587,19.97643727470513
12588,14.178161702900766
12589,14.294588773766474
12590,16.345759910275213
12591,17.312610031183624
12592,10.254076793397614
12593,12.837724697384344
12594,16.528843357448178
12595,19.1960694722297
12596,9.007623184954843
12597,14.745150493974911
12598,13.184185094985036
12599,11.647247861826651
12600,20.59780671078722
12601,12.323386317087301
12602,17.567938689051008
12603,18.43947120956065
12604,22.787608123361643
12605,17.091255306476803
12606,20.362619718152086
12607,12.730125141882207
12608,21.09957927831728
12609,12.50087640138706
12610,20.067853365980813
12611,20.569915171066604
12612,19.140942044503777
12613,10.047108305847301
12614,17.034487273011063
12615,19.45408432029887
12616,9.694641593438266
12617,21.187306870192085
12618,15.788989672141394
12619,21.351727618882897
12620,12.487519877994599
12621,17.424796496125897
12622,16.473582372462904
12623,18.31558752295666
12624,7.25900992162785
12625,13.890458271752026
12626,18.426800532955202
12627,16.147626137659376
12628,15.754186840132103
12629,16.677379302500995
12630,12.614703685711323
12631,12.607268131041376
12632,12.673151007047476
12633,17.758546124120485
12634,14.068638678782573
12635,12.815548899990569
12636,10.862577261101976
12637,19.125132290057383
12638,20.33449587263508
12639,12.527622146635258
12640,8.202619459916102
12641,12.075411731342825
12642,14.268367001069539
12643,18.893830338572897
12644,19.78838830069745
12645,12.00207028802669
12646,11.467098897984165
12647,13.821380345790741
12648,15.816094553598383
12649,22.01450536737202
12650,19.542610647272475
12651,15.390609381687208
12652,13.615703035163403
12653,11.858427191874497
12654,15.879426991845925
12655,12.770578005970554
12656,15.226143753262468
12657,14.006542358144019
12658,16.132849057509514
12659,14.070381292968772
12660,12.169667244506337
12661,14.586068140092955
12662,10.222047328338835
12663,12.442602709534231
12664,23.122728091735876
12665,20.10175066713591
12666,12.56177032781748
12667,16.649501380402413
12668,13.963628555155227
12669,11.468642940056519
12670,14.905427312463999
12671,14.711946075892264
12672,14.61215175578545
12673,14.970607898871673
12674,12.226231848661616
12675,13.61450047010559
12676,18.58545720552294
12677,14.66289629028494
12678,14.532138517066192
12679,18.43192075232432
12680,15.788250872187389
12681,16.384520639028256
12682,18.521109311509598
12683,14.312251731190624
12684,14.775643594476472
12685,17.661602320658083
12686,12.957830950623357
12687,17.707437294832637
12688,14.66505540024155
12689,16.64280503285659
12690,17.815054043532673
12691,14.588652730038321
12692,12.13136548720812
12693,11.439521539956516
12694,15.780763154965529
12695,13.743678734770242
12696,11.413308141053257
12697,11.973516665548484
12698,12.899250489253294
12699,18.149978487448156
12700,14.597622426226026
12701,7.6616898457691756
12702,12.48255326744404
12703,18.216704203809442
12704,14.67633141307158
12705,12.610719952661137
12706,16.61494421469895
12707,17.576036942239558
12708,11.094789523233086
12709,14.01564076875205
12710,15.404286702144173
12711,19.830520102017985
12712,15.43534314837145
12713,17.16494370504377
12714,17.149386292692636
12715,13.834504489775798
12716,14.056085196697403
12717,14.036174980373868
12718,15.141222456921817
12719,18.061289298640787
12720,10.135060464674636
12721,15.82480969439762
12722,8.835036776481527
12723,18.08098566148702
12724,16.103205731069902
12725,17.528791193163766
12726,8.976781928018596
12727,13.284586847528455
12728,13.25738788058997
12729,13.107494884077767
12730,15.246465862210217
12731,12.139336488359026
12732,17.172454854871773
12733,12.972033264574371
12734,13.744953608397909
12735,13.929120828705042
12736,12.748728959907815
12737,14.875118720903487
12738,14.96926182061801
12739,18.635546325622187
12740,16.206510516530102
12741,16.69812687397014
12742,19.461064185170503
12743,16.65006815576262
12744,20.811116638180593
12745,16.76820430245134
12746,16.79282751242122
12747,14.856946421750845
12748,15.826468279893142
12749,18.88524473066065
12750,20.38385511685451
12751,17.269755214748333
12752,13.931144318340163
12753,14.939260196394125
12754,19.982272326412456
12755,16.02485665132027
12756,17.958020599879674
12757,15.30977647372192
12758,10.621999398577088
12759,14.26809187916434
12760,15.241749017131063
12761,12.004748873628909
12762,17.01650476522625
12763,15.940040847369573
12764,18.562353840397186
12765,15.707463922735805
12766,20.07769616984213
12767,13.57124439489226
12768,11.751588365590832
12769,19.945929537883206
12770,19.756958744855385
12771,12.486785950176717
12772,17.400782450081472
12773,16.06292483038053
12774,14.658075629904447
12775,13.265731257572611
12776,16.062759091658368
12777,12.076171468475849
12778,11.491796134572123
12779,12.026065318901118
12780,16.353352731838015
12781,15.83055437574091
12782,10.876178399683269
12783,18.85633263806368
12784,19.46256552895637
12785,18.216899263547024
12786,18.11229271944775
12787,18.23211041155276
12788,13.22515726471102
12789,14.03253360457067
12790,17.156096708771027
12791,15.613763883768973
12792,11.179330523736521
12793,14.77734613099332
12794,19.08806812646973
12795,13.489942007183638
12796,17.890900456390067
12797,12.38667697780067
12798,15.2481177739463
12799,14.369043328889909
12800,10.526531229743727
12801,9.604047718566147
12802,14.88030646085523
12803,17.744312987761667
12804,12.605635183959647
12805,11.21045075273413
12806,14.615202109571552
12807,12.562545185965448
12808,12.731816711442427
12809,20.84502443673651
12810,20.67770896566697
12811,18.921792603793495
12812,11.619052471620899
12813,13.601181455778114
12814,17.56686933926744
12815,13.849991870323612
12816,15.328040694206308
12817,11.319207775597434
12818,11.297353723958064
12819,15.883709039236294
12820,18.439979591116874
12821,17.383335812630705
12822,11.99569358032476
12823,12.485089079507347
12824,15.289407609761154
12825,14.997712381653939
12826,11.791457075867887
12827,14.66075163254646
12828,14.669387363252426
12829,11.945362409333816
12830,12.811584336479694
12831,12.586436966724019
12832,14.811575418195792
12833,22.32988504899252
12834,15.904643295733427
12835,13.993824681665794
12836,15.191552459318716
12837,17.463690352209856
12838,12.856220101638648
12839,20.171048639144704
12840,13.916557353815799
12841,12.366474933566632
12842,12.320347882084778
12843,18.748017574517217
12844,12.365720376523331
12845,22.61747642240124
12846,17.144955394569106
12847,22.423664891767945
12848,10.285794458782474
12849,9.83766910543289
12850,16.573944360164965
12851,17.546551232092067
12852,18.052745701885446
12853,17.792493950360125
12854,13.082481988934228
12855,18.147985814051644
12856,18.214307792155957
12857,17.34135988148045
12858,17.258540392008435
12859,20.75547271818192
12860,18.322638593578073
12861,16.097073378389258
12862,12.798669722779312
12863,15.279984938520254
12864,11.268307943921103
12865,14.376722607241778
12866,18.025078531659016
12867,17.556680668725246
12868,17.242181287658237
12869,15.20158382455631
12870,12.154782478450976
12871,13.661355968029309
12872,11.115267030818462
12873,10.522701379956388
12874,16.561078726056223
12875,16.822603633521474
12876,14.431689302839098
12877,13.856956663031857
12878,13.108982885612395
12879,17.757441347252193
12880,10.92622380216278
12881,20.29403266952565
12882,19.42936385422035
12883,13.38251376947943
12884,16.75860719618255
12885,19.702967970501486
12886,22.844162541432066
12887,12.302832197265904
12888,13.590789200633974
12889,11.238663613467251
12890,15.749431830764689
12891,21.816814277733396
12892,14.980827435829447
12893,14.795239116486714
12894,13.593755950671019
12895,17.31150010700019
12896,11.629989104583737
12897,12.622829074156368
12898,13.387357403681102
12899,14.398290029081496
12900,12.568595228335818
12901,12.707599021550429
12902,13.191729515100924
12903,8.039028304409843
12904,21.617503717303386
12905,16.382903699323084
12906,15.334014032646827
12907,13.730164513000805
12908,17.642906048290662
12909,15.574176644418932
12910,17.362285307364054
12911,16.19820749279735
12912,15.155615585715244
12913,20.333096452585853
12914,14.409618296904542
12915,15.071803425137878
12916,16.558644228925427
12917,22.16119553364039
12918,10.936529361450468
12919,20.107401901708197
12920,18.705556727053153
12921,15.873786148688293
12922,14.982969387811082
12923,12.610598906129523
12924,11.013533684452153
12925,20.27102740773317
12926,10.072197824385519
12927,11.339573778060412
12928,18.849793379640403
12929,12.142429917006961
12930,14.968282239614679
12931,11.673658053269026
12932,12.287078704224463
12933,8.948719626245975
12934,19.395066181404484
12935,9.617770067323047
12936,14.546338169921054
12937,16.611185441671903
12938,16.46133263856961
12939,17.50915751853711
12940,14.542736738568916
12941,15.013705850613285
12942,20.07379716438539
12943,8.69291677733293
12944,20.064059286653013
12945,14.160648365339933
12946,17.34818538561995
12947,13.386434394085759
12948,16.446375993634973
12949,10.956332525081962
12950,9.669553672782689
12951,16.296344336845088
12952,16.632097534360533
12953,14.386193596652847
12954,14.426844496909078
12955,11.354832046914616
12956,14.228825720186727
12957,15.597705098061313
12958,15.353062522267026
12959,17.31159899570681
12960,11.72842989350698
12961,16.778305718144637
12962,15.493958972084183
12963,11.199750863937332
12964,15.594856987439307
12965,12.968173716705397
12966,15.949539210746947
12967,14.359519395945355
12968,11.725586526977564
12969,15.61146953512662
12970,13.717634305461834
12971,11.7816365550536
12972,11.389744421836703
12973,19.478655261762317
12974,15.892230358971426
12975,14.44751768336217
12976,13.307418533410468
12977,17.26807187223856
12978,18.93226397924419
12979,18.04245578426364
12980,10.479476134088495
12981,10.376341896063149
12982,19.56697789947677
12983,13.70367515520135
12984,7.657115805469882
12985,12.738765033256369
12986,12.057391222610985
12987,14.390412667458289
12988,16.968455442349118
12989,15.652217013810942
12990,17.555957082136004
12991,15.232969802803558
12992,14.59454626839392
12993,13.23480610405687
12994,10.767572021750048
12995,19.723385359519614
12996,16.15226362166127
12997,18.573353302284936
12998,11.682933881615714
12999,20.88146279842044
13000,18.485159145556672
13001,19.92873668414035
13002,12.919334933585462
13003,15.581139956231954
13004,16.437073794545647
13005,17.406465848162192
13006,18.279851094772486
13007,20.003500052669366
13008,11.305607147003656
13009,20.120406547843594
13010,17.187169267629024
13011,15.791733598966324
13012,14.532069811024753
13013,13.654256595576072
13014,14.139590859640805
13015,13.60585159169989
13016,10.348850687503353
13017,12.365193454618293
13018,20.70548989201857
13019,13.858358542790622
13020,16.49263365105348
13021,15.080128011313523
13022,14.710285025743289
13023,11.07907878609968
13024,14.251411302032151
13025,13.622863207151603
13026,15.592182752091853
13027,14.18344328008037
13028,13.083389473225179
13029,20.684868582547715
13030,12.148652146482153
13031,5.519579790707027
13032,11.121587305554645
13033,15.36341656615856
13034,16.9559099991469
13035,16.12227502503599
13036,14.807814579088458
13037,14.885888002912534
13038,19.236849254470528
13039,9.960129047588339
13040,15.006803120229666
13041,17.74390853448168
13042,12.9786705040102
13043,13.79796046144583
13044,18.948533911080403
13045,19.037608780476624
13046,20.718370258998817
13047,21.057632310085246
13048,14.45935753057911
13049,14.15371430386811
13050,16.5217490090381
13051,19.488271184979304
13052,17.261896681924068
13053,19.43386328316918
13054,17.20081845108681
13055,10.544749541393122
13056,14.461822892739935
13057,14.233132602425815
13058,14.771441036942033
13059,9.746911659859496
13060,16.672969168420437
13061,14.36086338434384
13062,14.23775535142614
13063,13.640195910124998
13064,15.092744605191008
13065,19.396635913930876
13066,10.539014482924982
13067,17.136304796865208
13068,18.126745265346475
13069,16.990663028463658
13070,6.455194223546895
13071,13.355338393874552
13072,18.27519681559742
13073,16.311487141436153
13074,13.309278073217508
13075,15.789446379355486
13076,13.850155033421087
13077,18.37581569415908
13078,21.53684358917094
13079,13.604782124019449
13080,17.286666039275694
13081,16.87389562489151
13082,19.643332810102397
13083,14.190151932273517
13084,11.164982649180102
13085,20.43602891658539
13086,13.827590060994789
13087,17.78354121494019
13088,16.620441739977103
13089,12.067353067129133
13090,17.578050330009543
13091,13.672369025366539
13092,13.86478567048057
13093,13.5594232482387
13094,16.46227905987577
13095,14.538771660349813
13096,16.670538600358604
13097,15.963336900070008
13098,18.58680878604822
13099,18.782959947158375
13100,17.405814470027575
13101,14.480091911778834
13102,21.630532840465104
13103,17.35895617653135
13104,10.640226543942353
13105,18.112409286507585
13106,18.919215829211915
13107,16.97007318624072
13108,13.31409424124613
13109,16.12263178775145
13110,17.378958806595815
13111,16.351716597381383
13112,9.725684079283766
13113,16.662046208736733
13114,15.962127072275727
13115,13.96061430398476
13116,16.773329072820815
13117,12.252712653477268
13118,16.908720246445696
13119,12.438876432746184
13120,15.38852571532755
13121,16.004176822533015
13122,12.511211328390333
13123,14.490616623658935
13124,9.926466443723019
13125,11.3485809849996
13126,21.044885943193034
13127,20.279826349611483
13128,10.294659983428794
13129,12.98299305945792
13130,8.748788263212864
13131,20.88089683814373
13132,15.668291817794904
13133,17.705976437023914
13134,16.810765831646187
13135,14.479609311238358
13136,13.515552315859454
13137,8.43667644157802
13138,13.83997760430961
13139,17.859386036824887
13140,13.800849576521495
13141,15.470408929742415
13142,19.528849256809064
13143,13.181909447878144
13144,19.243937088380314
13145,18.51258671889874
13146,14.56294292064153
13147,14.897809136695082
13148,14.012075517647748
13149,18.109874408387242
13150,14.069379423309396
13151,19.258861908820307
13152,10.584026596377255
13153,11.83363978634799
13154,17.28210030984748
13155,16.64520948098961
13156,16.13345479582899
13157,15.412831900193135
13158,10.045459100017826
13159,17.414287844307257
13160,14.128460497304653
13161,14.2011864233138
13162,12.390470404518872
13163,14.288385306773126
13164,14.190579552639495
13165,14.961593187845267
13166,14.948623249676972
13167,16.882660896362967
13168,13.911273268959668
13169,16.338817942219453
13170,10.709824763806449
13171,13.92364291875154
13172,19.370833278596095
13173,12.70829444480378
13174,17.78415322046811
13175,17.03258047067515
13176,12.649887360533478
13177,18.123814628065844
13178,13.640700009063018
13179,14.009065764032094
13180,12.981980287891005
13181,17.44599557648815
13182,10.584629934728163
13183,15.347168822278816
13184,15.270092196361631
13185,14.387685849526644
13186,13.47593132809188
13187,13.844630684314984
13188,13.95841394558136
13189,13.135168594849603
13190,15.769879078471575
13191,19.889776095968767
13192,9.34637381055473
13193,17.108053074766254
13194,15.373835893350051
13195,13.616041340290044
13196,17.210010128146646
13197,10.172303062849982
13198,15.809788661895576
13199,17.792414454270023
13200,13.360113689412316
13201,19.782713580225096
13202,18.31547769826184
13203,14.262514134328873
13204,18.705426371133317
13205,12.044783936114484
13206,14.175660587720298
13207,17.166613861811967
13208,16.457613219365893
13209,13.566779560750183
13210,14.539014175876504
13211,12.783911411449532
13212,16.04378064689599
13213,19.862578253938267
13214,9.600612271438882
13215,15.295525531560905
13216,11.968055120899896
13217,16.492146006354638
13218,16.717491871391687
13219,19.973762330119023
13220,15.741538688987204
13221,17.53860277590857
13222,11.121474651885851
13223,17.189062514002508
13224,20.354629367174187
13225,18.881667146365356
13226,14.557566218849518
13227,16.847345609937097
13228,13.61244947990142
13229,14.6383283450799
13230,12.047546048598342
13231,15.278809561408163
13232,14.595511893612215
13233,18.467245727881526
13234,17.51757407258235
13235,23.31522822664873
13236,10.917088580811216
13237,16.3890461726885
13238,20.194083604894303
13239,17.749729395831487
13240,14.013140778796423
13241,13.451755693899734
13242,14.447458154730773
13243,18.93248004371335
13244,21.350648920080324
13245,15.133996919729654
13246,9.599470397926902
13247,15.69345207821011
13248,9.655283490581148
13249,16.647326839561536
13250,11.935053243456649
13251,14.55815317431004
13252,10.096662429948427
13253,14.058183089756131
13254,14.14658474428824
13255,13.739139579898369
13256,15.829596177632505
13257,11.230063611514678
13258,13.783726258947947
13259,13.381342073859424
13260,18.92322512791178
13261,17.2296404261091
13262,10.89554262210023
13263,19.09988702151807
13264,12.232551810955078
13265,14.663975165303206
13266,17.448388957909156
13267,8.951335206376514
13268,18.811900959578683
13269,13.724577918023458
13270,15.18648645594316
13271,15.015326548721069
13272,17.25406130190952
13273,17.231992285253227
13274,14.800870813512429
13275,10.455262267715362
13276,14.723641052080875
13277,13.672440856689828
13278,15.579351811696348
13279,11.913092686927579
13280,17.969513706485724
13281,14.122019513698845
13282,12.300419470820778
13283,16.80782040020186
13284,13.755412474477986
13285,13.645359423086246
13286,11.411870096564222
13287,10.545065416901004
13288,17.995994483483226
13289,11.095587060224133
13290,9.49710537253127
13291,14.062574487997649
13292,17.17871241622261
13293,14.302878746011316
13294,22.746910896821387
13295,10.526314810428213
13296,12.127644228381351
13297,16.63425406321002
13298,14.763039166331795
13299,6.90908079133005
13300,17.77232537160922
13301,10.40568283680078
13302,17.242835911302183
13303,9.098500450446192
13304,14.195647042260864
13305,15.879537738253186
13306,14.440063509878811
13307,18.289345397158158
13308,15.828734919529472
13309,13.932505022870034
13310,14.795701855255857
13311,14.063963205374296
13312,18.74443812826398
13313,8.602886934005099
13314,17.267000609319865
13315,19.53508823223438
13316,16.57401274075262
13317,18.0640774809727
13318,18.653846430136177
13319,10.51958491868432
13320,13.0116432354546
13321,12.70118462736219
13322,18.264473778733347
13323,13.246178273972008
13324,11.280844978050444
13325,13.60490708184561
13326,18.18878676563749
13327,15.875806464446582
13328,18.193294163243127
13329,16.014437356620085
13330,18.13074307139022
13331,15.105083259920807
13332,16.85078598295153
13333,15.420747335423368
13334,8.192498930876338
13335,10.540138235960143
13336,13.98371904757021
13337,14.313428545032203
13338,17.309266558116487
13339,18.818249767092517
13340,16.091871438229884
13341,18.09669905994761
13342,15.56681422622876
13343,12.351867029806616
13344,10.098342776908313
13345,14.030709852963245
13346,11.390960186257672
13347,17.957042730920136
13348,14.308606669168663
13349,14.810633679325107
13350,13.517482366878802
13351,14.692357282656403
13352,15.535084570884262
13353,19.4585909168306
13354,14.713363768464534
13355,17.29531801595974
13356,16.285087624307632
13357,15.022642488611819
13358,18.971086484689977
13359,22.01741793701058
13360,17.972431180120985
13361,15.009626542755798
13362,13.603661974279824
13363,17.637081389872954
13364,14.277994340907503
13365,15.355331578379346
13366,17.557019749560304
13367,15.222954479821025
13368,20.328158471373158
13369,16.068667524662494
13370,13.55902777033992
13371,14.877286012765207
13372,16.54078681238952
13373,19.025401616027136
13374,11.049822941287802
13375,15.113926237315408
13376,13.584731949832975
13377,18.321619509965743
13378,20.45106386850534
13379,11.32528422632241
13380,20.2495207523897
13381,12.401946131913451
13382,16.61896872159069
13383,18.18852763792608
13384,14.831819356613405
13385,17.197989826113975
13386,21.61961282163249
13387,14.13339984452272
13388,13.608452763978075
13389,15.920015256782786
13390,17.53781255971061
13391,16.860357131920196
13392,18.040817901595926
13393,12.316638693590352
13394,17.070208043702817
13395,13.10608337167961
13396,14.42667386267726
13397,20.049455515612976
13398,15.496641686769546
13399,14.631983263814698
13400,16.91621146850193
13401,15.228203527482421
13402,16.85389966912434
13403,10.402941557848848
13404,13.919426889941942
13405,19.986075292975723
13406,19.49889925993753
13407,18.341392275859576
13408,15.397688194770366
13409,15.859775958828552
13410,19.487254545528746
13411,15.496522445239256
13412,13.058494319775305
13413,14.140885643176716
13414,16.022147552656346
13415,12.592377613543313
13416,11.877311293867901
13417,14.324893085278925
13418,13.908216874571236
13419,15.228813969668966
13420,16.012385272406412
13421,12.731295080087104
13422,19.660524544073425
13423,21.114395680580348
13424,19.239836539956094
13425,15.422016787471314
13426,16.12238114192556
13427,15.666083144474635
13428,16.08694468434305
13429,18.855242878795533
13430,9.636768468103597
13431,14.732637188539446
13432,16.08270227031052
13433,14.4569750662801
13434,17.001752043318593
13435,16.93811560230956
13436,16.564523123238438
13437,15.361938006062413
13438,16.485718521383784
13439,17.49821383498208
13440,13.171641880654782
13441,16.435308160158858
13442,15.733833308373693
13443,16.500948370126864
13444,19.2923504126901
13445,21.11992765178081
13446,16.398147634323514
13447,11.261873106194887
13448,16.769248177696532
13449,10.98079246384842
13450,16.31456016039442
13451,15.062856069768348
13452,10.435194270854158
13453,11.114944667083071
13454,16.375863111347257
13455,9.837181960262855
13456,18.22515206071153
13457,20.015675614438273
13458,12.64880599256029
13459,14.906844048562908
13460,14.33180282606162
13461,9.312689785027642
13462,12.166818309229855
13463,20.07577297972602
13464,9.899534924456649
13465,17.985170949261335
13466,14.005639319037861
13467,14.83070679220726
13468,18.70494015648201
13469,18.857542672674484
13470,10.157750749203563
13471,10.87520598952256
13472,19.155286483512967
13473,13.176251035651594
13474,14.346881222930655
13475,19.42055089675924
13476,18.962840746047025
13477,17.034993585586133
13478,16.79558846910559
13479,14.794447033612531
13480,20.28603721101862
13481,18.34682335722947
13482,19.415023572947607
13483,13.487717081462922
13484,11.712567114448776
13485,15.667196585860772
13486,19.787033929836458
13487,19.896245440140547
13488,11.91690623156394
13489,17.096365924432767
13490,20.044271336961636
13491,12.349242643899318
13492,16.18325011847667
13493,14.728449122802846
13494,20.83195869778662
13495,17.779388265791752
13496,14.87301489983827
13497,14.637761774520825
13498,11.065991450300801
13499,13.117857637628603
13500,11.587045826916654
13501,14.162114658689507
13502,16.745960338691717
13503,17.2263836647255
13504,21.523322203111427
13505,12.65004008115379
13506,19.05866244038594
13507,17.805665089871113
13508,16.94674086645967
13509,12.14612384282443
13510,18.967396591349328
13511,17.552755935869083
13512,15.050340288722483
13513,11.187740586364477
13514,13.596721775045218
13515,18.50155541894424
13516,16.491793124682875
13517,13.699702052758422
13518,17.277726870457336
13519,19.68902896264678
13520,17.283474133742953
13521,9.924618354106979
13522,17.967189531217176
13523,15.785666465851444
13524,15.901871481171103
13525,9.465537241125018
13526,12.416719739494347
13527,17.494428653253028
13528,14.710931692450472
13529,13.779458697989167
13530,16.766823930173057
13531,19.386817726228195
13532,16.330973365971246
13533,14.196280562195328
13534,13.95148407966931
13535,9.187555699394402
13536,19.845302279048227
13537,13.885471762495833
13538,19.19428525435493
13539,13.923710753896946
13540,13.4028537213214
13541,18.363881846964002
13542,13.649969916045464
13543,14.632172537367511
13544,18.195813079101185
13545,10.617614588511767
13546,16.44268723807751
13547,18.73476833499483
13548,18.869663189921305
13549,14.911129942382669
13550,16.42549993683498
13551,20.84518373149943
13552,16.901132970964028
13553,17.88105028353056
13554,13.549140355726939
13555,19.422191704455596
13556,21.500524511124304
13557,14.5549919709034
13558,17.38996389656939
13559,12.466573371549554
13560,16.00385182673307
13561,18.545352394565406
13562,17.852905915890723
13563,11.86387436257624
13564,15.157152789666885
13565,11.602995823709987
13566,18.437193134416137
13567,15.906826235256036
13568,15.636709625633085
13569,16.35566317379407
13570,16.649736732997017
13571,15.447064193482332
13572,11.448015016195532
13573,13.795310936465965
13574,17.05424227397982
13575,20.438380392803595
13576,15.45641083991943
13577,13.849040389020404
13578,18.503591596043233
13579,16.70338962937686
13580,10.788372696883302
13581,18.050338245262463
13582,13.57559264427041
13583,14.809173376530541
13584,18.720253965337097
13585,15.748599474972862
13586,13.819464059176093
13587,14.480953393526963
13588,12.397930025110368
13589,13.28163572185374
13590,19.555579282809227
13591,13.217544279946338
13592,17.372977315391324
13593,13.220589977074438
13594,16.820387886261113
13595,14.372774554743353
13596,15.78128113242564
13597,16.500938737873547
13598,13.55653812234329
13599,13.524738431151967
13600,13.090621952188659
13601,18.377524719591502
13602,11.409885707532165
13603,15.317760172538042
13604,15.719671977053771
13605,15.722947011047642
13606,12.511144624467992
13607,18.968527342060185
13608,7.522587293162322
13609,13.21303578311605
13610,14.564184454302945
13611,16.191298342885112
13612,17.46810438584792
13613,12.965821480338043
13614,14.648914493305067
13615,15.580732545549573
13616,15.36255855842488
13617,16.75313004111053
13618,13.836480054324552
13619,17.761925251990206
13620,7.458097356214183
13621,15.284841929773679
13622,13.419192210633751
13623,12.261365944917923
13624,16.734655861636647
13625,12.185265031990504
13626,15.544636927734745
13627,11.936891790419725
13628,20.539954629701803
13629,16.969348118179955
13630,18.971313979188583
13631,10.09747855158491
13632,10.565882853530963
13633,11.99275467445198
13634,13.385374321754345
13635,18.5139735818684
13636,17.551465959863933
13637,18.556673584117494
13638,15.278644199888923
13639,15.70471781812773
13640,21.830243062007153
13641,12.013678064079969
13642,15.068777957769449
13643,16.15107137823223
13644,21.40176385895191
13645,16.100150949840266
13646,17.37456454809825
13647,13.115613082076948
13648,16.36730623812251
13649,15.455996959557858
13650,18.61275755160808
13651,12.967680311128653
13652,13.561272781447416
13653,15.475485458170688
13654,19.374324682443657
13655,17.073719437318605
13656,18.151417312869434
13657,16.136611166187482
13658,18.747591408568667
13659,3.5275143663673028
13660,11.873680316329695
13661,17.544813364921286
13662,21.308143883519982
13663,21.330793458862644
13664,20.842247390740226
13665,15.49800507185699
13666,13.157097227879326
13667,13.374360651782839
13668,13.770258716362063
13669,14.777149454920657
13670,11.271609751865167
13671,16.1533601604265
13672,13.022391417794935
13673,14.8431227518131
13674,11.82081452570576
13675,12.792113082784184
13676,17.907555024222418
13677,23.695356405652774
13678,16.16449311239119
13679,13.208743343689136
13680,16.302113610799058
13681,16.655627185656503
13682,16.242084123986018
13683,16.430802943229082
13684,17.087982281643576
13685,19.64629385540637
13686,18.351722665417103
13687,13.34201994608534
13688,18.2811923842722
13689,7.2004879575526175
13690,10.876764094867317
13691,11.846106088944635
13692,14.683748318836457
13693,10.713897568097615
13694,21.72239915593866
13695,22.02526410015576
13696,14.671324773453696
13697,19.592015837983734
13698,14.143075210743518
13699,13.637915742703536
13700,15.450810812986221
13701,14.433266683138248
13702,12.845949093548267
13703,12.728563380818132
13704,13.978128637971416
13705,16.785256870329135
13706,8.127589363251499
13707,15.099234986082248
13708,24.61820765315651
13709,13.023043065328823
13710,9.344808966219723
13711,17.612918603952778
13712,13.030087228900976
13713,14.596486105289816
13714,7.7197963827231515
13715,9.4664171211053
13716,16.601064554538603
13717,17.113805512077835
13718,12.331828891727344
13719,9.634171805795583
13720,19.54396206235895
13721,14.067458586721274
13722,12.941718740759647
13723,20.132205345513704
13724,16.43847875178334
13725,13.920086791986263
13726,7.386299749606897
13727,16.451545171954738
13728,19.071832812909356
13729,13.119012215110248
13730,13.101744345609237
13731,16.601579341629446
13732,10.266372510275716
13733,13.594837436828907
13734,19.617182267135703
13735,11.432849651220746
13736,19.97491134106953
13737,14.535842308218331
13738,17.993033931234066
13739,18.51536918939867
13740,10.347063692903141
13741,10.017315626636783
13742,13.159565968412174
13743,7.555273403506391
13744,12.158332977013778
13745,12.45400597106065
13746,17.080383563281632
13747,18.795353539906127
13748,17.1723096120937
13749,15.218587088608244
13750,15.335706803170542
13751,11.520022325594667
13752,14.132048364982705
13753,11.230668522801452
13754,14.441877992404082
13755,11.232152989101984
13756,9.031290886722314
13757,19.750600724033312
13758,19.749502488832732
13759,14.527106008989936
13760,12.313475613410294
13761,10.85563320798668
13762,14.908494891348424
13763,16.684476190942057
13764,12.052237991720844
13765,11.913302345588889
13766,21.22874001526251
13767,15.509530243704374
13768,10.4941028586217
13769,14.980505763450521
13770,13.339426097124415
13771,12.700797579207562
13772,10.054779197567193
13773,13.873016986803522
13774,15.864999135881416
13775,13.329948146798422
13776,17.84903949493178
13777,14.792960965901809
13778,10.682975204703773
13779,14.708548282718887
13780,14.756791180259166
13781,17.283744749872096
13782,16.913076460288092
13783,20.243303083859665
13784,16.79869846171318
13785,12.764263801162038
13786,14.495911224052897
13787,16.801315967639987
13788,13.565690170215401
13789,12.353780960005164
13790,17.40784177066846
13791,11.830640383702555
13792,12.672541919647772
13793,11.312763299229385
13794,14.394452124584564
13795,13.069280082383656
13796,12.632527098546234
13797,13.054389410392575
13798,21.206372199174197
13799,10.732082970872122
13800,14.065164752445877
13801,17.200790082967252
13802,15.12399015086878
13803,20.62650224206078
13804,18.570192424500846
13805,9.048272412992732
13806,17.16415584248653
13807,16.255453300192677
13808,14.892357578670495
13809,14.033642409939915
13810,21.37432437427738
13811,12.599729059906087
13812,16.179447346481517
13813,8.170075562170371
13814,11.126383654450143
13815,19.734224695075376
13816,13.220946413339803
13817,8.398458116752003
13818,11.938914964198098
13819,11.368495453781069
13820,17.125833187780696
13821,13.198259313474534
13822,15.441189011284187
13823,11.084723167932975
13824,16.44809992566453
13825,12.581041680880112
13826,14.72342780722988
13827,15.382727792840594
13828,16.037139565461796
13829,16.61774224264637
13830,18.407698682293823
13831,14.836954134417848
13832,13.556642217713032
13833,15.575617767901395
13834,15.305047004009253
13835,15.124636818770506
13836,15.033883732710136
13837,15.825745483839572
13838,17.191996738426383
13839,18.77805104331761
13840,18.67310132234751
13841,18.50082204332358
13842,18.502107699273303
13843,15.391258999324428
13844,10.371046666178579
13845,15.367488511715955
13846,9.47439092639213
13847,16.663641775946964
13848,16.132247780293245
13849,18.298611233547646
13850,14.221489689766539
13851,18.736464784541358
13852,15.080042044474396
13853,17.331990648032527
13854,17.383535403499213
13855,7.203022871766585
13856,13.411914680191487
13857,13.756090471468847
13858,19.468145438007035
13859,13.945150835734992
13860,14.220544173211849
13861,15.289350560025056
13862,13.977934867956604
13863,13.872752368031923
13864,17.605498586785263
13865,23.04606747034625
13866,13.539562113918706
13867,14.701118895769593
13868,16.662005266387155
13869,13.926548580410056
13870,19.87966290610438
13871,14.976459026942992
13872,17.63877602055432
13873,18.304446680101986
13874,18.228976765281526
13875,16.856475870146053
13876,13.335544000045331
13877,12.555604639581944
13878,15.724677963884382
13879,10.28918562114506
13880,15.81694594758397
13881,13.20599880720975
13882,11.493439316880654
13883,13.333244289386169
13884,20.742553837433654
13885,18.01357709588176
13886,19.948348556396017
13887,14.741574848852762
13888,10.576212453923723
13889,19.262996445800674
13890,12.150760302645422
13891,12.930590425957718
13892,13.74508727917933
13893,16.519784327059284
13894,14.459125228481232
13895,14.970894307203142
13896,12.650429627588125
13897,18.610987629073403
13898,12.703687032803094
13899,16.159897778448165
13900,16.267109637185964
13901,18.52804337333308
13902,15.04787487975926
13903,15.800136451750467
13904,17.245892607611456
13905,14.616401178299634
13906,11.89566393591705
13907,17.117003869747165
13908,18.07024660310299
13909,12.192789839534651
13910,14.05752472195345
13911,17.076240053353857
13912,14.332994429162522
13913,16.036893045010274
13914,18.65915947716712
13915,13.164663704182047
13916,16.853411168713617
13917,16.140010359898575
13918,9.177903803851647
13919,17.100208472743017
13920,12.461172114691829
13921,19.466517119730977
13922,15.036395397416765
13923,12.208528801110857
13924,14.192745830732392
13925,12.178348689702851
13926,13.641566215692444
13927,14.981841176861195
13928,15.436898423589405
13929,19.544564412951633
13930,15.86510692512797
13931,17.11348094183478
13932,15.238826059155187
13933,13.510861809602106
13934,16.749181785587535
13935,14.057533159361274
13936,11.959269786434128
13937,14.327000182298804
13938,18.968604327155646
13939,13.004664211670317
13940,15.174513288390141
13941,15.962978032687861
13942,15.824431981727177
13943,11.448486941799024
13944,17.64602549319384
13945,15.660215703263935
13946,17.208946051897115
13947,11.442687946809665
13948,17.021730765651437
13949,20.096624715983953
13950,14.74515483797239
13951,14.993917473599625
13952,13.638626659413612
13953,17.630484920909225
13954,13.436017037616843
13955,15.545578261980456
13956,12.599833101858083
13957,12.52276187982743
13958,19.44506002750025
13959,10.70380121274722
13960,11.53161759281993
13961,15.067595455382214
13962,13.579635858714823
13963,12.898719847264076
13964,12.152716289316794
13965,14.708342907995517
13966,12.440181290143773
13967,14.650644409793506
13968,15.829677087829257
13969,15.85527675295915
13970,14.663267463454659
13971,15.485831430615791
13972,16.361053722009302
13973,15.19085825670481
13974,12.424841204647674
13975,19.16443513403499
13976,11.778287808153882
13977,13.473557518945992
13978,17.365562034008246
13979,14.735476320633955
13980,15.439656599537274
13981,12.880089644508235
13982,15.288860944354434
13983,16.04201977737497
13984,17.11478693345861
13985,15.248488563432016
13986,16.54814338800048
13987,14.607694160241543
13988,18.058521481988507
13989,12.977473225577551
13990,13.205669597297277
13991,15.600360708771126
13992,15.725944618305352
13993,12.020729464059706
13994,19.683260292660826
13995,11.088496260649201
13996,20.093909257436174
13997,9.45781233724724
13998,18.10637021301271
13999,17.747845013160063
14000,14.036155530085127
14001,16.099127576733885
14002,17.276478179442677
14003,17.447355998437846
14004,16.264463238773764
14005,18.955359069064
14006,20.97943343522256
14007,15.336888711633204
14008,12.90036191997774
14009,17.511513266544593
14010,16.988538873511402
14011,8.385285418005004
14012,9.983340251424172
14013,13.421137962981879
14014,20.194428278100244
14015,16.53366626199117
14016,16.93891363485821
14017,8.397559523427256
14018,14.40942791441104
14019,12.252513823094024
14020,15.58210066100532
14021,10.756836988039407
14022,12.506865723525596
14023,17.57589358582803
14024,19.303351385339397
14025,20.31385371569936
14026,18.496508375631084
14027,13.942234331461913
14028,15.243192774231398
14029,17.315098956518867
14030,17.37389906593223
14031,20.506475706151313
14032,15.031504788266481
14033,17.35081165979054
14034,16.00488122251956
14035,13.669530384443902
14036,12.968912351192472
14037,8.541159913817523
14038,12.816712949658456
14039,17.84027125153158
14040,22.68099935001337
14041,14.583041813045293
14042,14.917007877033516
14043,13.215552790089802
14044,18.24608618758777
14045,7.9472145171806
14046,19.012482302210973
14047,12.741533574709809
14048,13.575298834797685
14049,11.769753331380546
14050,16.3120127015695
14051,16.806091111854375
14052,16.38227469095616
14053,19.1679599124663
14054,17.339691541004132
14055,14.253573463573291
14056,15.352560541773785
14057,11.668282337692979
14058,16.97986964503506
14059,16.964925309635845
14060,8.627083470864902
14061,17.286568387741177
14062,16.404169700232227
14063,13.909108592329087
14064,14.25054291930864
14065,18.585890025370603
14066,18.805894616233438
14067,12.893340015982838
14068,17.38915090352441
14069,15.236908065206158
14070,18.209195779124983
14071,11.990019910024873
14072,13.930841236390584
14073,15.550286667192598
14074,16.33076235181909
14075,17.070760431159208
14076,15.5434582221325
14077,13.27100433872269
14078,13.951629589919262
14079,13.468130841162612
14080,11.262358868094665
14081,18.864169397405707
14082,14.300955927644077
14083,12.08478969919108
14084,11.637897592797149
14085,20.077431673026606
14086,12.991280573265875
14087,10.193715824475973
14088,9.931993934839731
14089,19.461281089176705
14090,14.468159131502894
14091,19.009780529844413
14092,14.821960118905192
14093,13.893202999739996
14094,14.015717888867947
14095,14.577167103649934
14096,16.978925998595223
14097,16.79353023084095
14098,13.943926954755803
14099,14.811057683440374
14100,17.943886541519596
14101,12.74224466843506
14102,14.195539882264312
14103,12.479712988452814
14104,21.203019341924193
14105,12.485606064821464
14106,18.738125620179808
14107,16.942102400108446
14108,19.49982031264093
14109,15.065212931966524
14110,15.00379152880118
14111,15.204925335183223
14112,14.65104405354069
14113,14.13195648052819
14114,13.686801742765239
14115,13.695275449827944
14116,11.326668717046944
14117,14.300109870005741
14118,17.08940992685394
14119,10.132433042936874
14120,16.324126813281463
14121,15.726373632609437
14122,12.485851192474366
14123,14.905278954290614
14124,15.81461410792261
14125,14.822899340060596
14126,12.646840096149376
14127,16.90229891246497
14128,9.86879195000897
14129,10.774654588990474
14130,13.566623945881553
14131,17.04529282696568
14132,14.475574216263922
14133,17.658926302933843
14134,15.404553029728008
14135,13.348981006015478
14136,13.598784178532524
14137,18.31447495942235
14138,16.57652547337116
14139,17.295371467116734
14140,17.06067165222528
14141,17.534245801558438
14142,15.670503066909507
14143,13.33560099346277
14144,15.038696366269507
14145,18.231486441112974
14146,13.612586178014812
14147,14.88127174782646
14148,15.570520176430207
14149,9.143498055072065
14150,14.79347177813709
14151,12.625496682368532
14152,16.204765614169823
14153,13.303467878448988
14154,13.239128143134357
14155,16.317540313767346
14156,19.62540244886366
14157,19.228384052201264
14158,17.999892760397838
14159,15.593233812392548
14160,12.677531415341239
14161,14.834746328785808
14162,11.483160117735823
14163,12.507059243966433
14164,18.24959076937183
14165,19.823879685984885
14166,22.95741489417052
14167,10.159452338950366
14168,11.375413390590067
14169,20.4572688084055
14170,18.927521548632047
14171,15.23745733716124
14172,16.635560121307005
14173,19.757008078586416
14174,21.547512197168672
14175,18.272547317683852
14176,15.059583267489554
14177,16.035097355058493
14178,13.867341424533178
14179,23.00533325167924
14180,14.727424848546114
14181,11.448661210883872
14182,15.400308628991125
14183,16.366237319240064
14184,12.371221244365636
14185,14.362194841349435
14186,16.944341210524346
14187,13.519566027615381
14188,13.467713505642344
14189,14.692966037400234
14190,15.754241778762395
14191,20.319728455234447
14192,13.470541388591759
14193,16.970424192572487
14194,21.478507410835107
14195,18.85353645773958
14196,17.2801402143775
14197,13.523261222481075
14198,12.977239438909503
14199,16.14467352069672
14200,16.257270143299063
14201,13.732646152523916
14202,16.383022032602046
14203,19.231299935015066
14204,14.295851915402574
14205,16.489158064957135
14206,12.86663268709716
14207,15.209475688158168
14208,17.255443836927927
14209,17.760054767164462
14210,13.909570767160481
14211,10.9574533861328
14212,17.425032884977036
14213,17.619783889330705
14214,20.467839177552094
14215,14.957314820336643
14216,13.729876528295792
14217,14.672181366171214
14218,21.00820969700873
14219,12.565538406351507
14220,10.444528594664657
14221,18.054007463615328
14222,16.151943699167635
14223,12.017716339310848
14224,20.02630137681262
14225,10.737790954255434
14226,17.93040589602625
14227,18.010957757663906
14228,18.73363927422192
14229,17.653849687283863
14230,14.471628214410405
14231,13.508215373633483
14232,16.462349693692243
14233,15.773479368787655
14234,22.21172504624019
14235,9.402298162150178
14236,11.277123079632272
14237,13.058660610376828
14238,8.114588491557274
14239,21.16687802030676
14240,15.485201483630748
14241,20.00935876014032
14242,9.805371380589282
14243,15.594747113309339
14244,13.653370777960756
14245,11.618465453901045
14246,16.835582715086865
14247,13.95136182162773
14248,12.986672953998692
14249,14.795662355804751
14250,20.962659507308068
14251,14.83270628286067
14252,19.967683440868193
14253,13.624456097148588
14254,12.250803516061156
14255,16.516131541757733
14256,15.152375403824369
14257,18.123623142008416
14258,17.179205806413858
14259,8.906130632164377
14260,15.941912998048833
14261,17.190523878413824
14262,16.779626975959456
14263,18.996290157229957
14264,14.742781925754166
14265,16.663908391733464
14266,13.359371252759232
14267,11.09600847832295
14268,22.98385724631827
14269,14.765686289800499
14270,15.54675837972391
14271,12.797096877954036
14272,21.304466204664266
14273,13.697763618640415
14274,12.120744489775626
14275,13.110878488696777
14276,14.482152679063834
14277,11.288509310411717
14278,13.981137733668575
14279,12.16797570663239
14280,19.327564623180507
14281,14.164619829148938
14282,14.020539695742341
14283,12.251857348183673
14284,17.278756961031654
14285,19.47084515056796
14286,11.900718815406194
14287,19.146167432137673
14288,13.41406014883301
14289,10.424616227001483
14290,19.365118668084513
14291,16.444415140272206
14292,16.156623745639976
14293,9.66233096515011
14294,17.04784286298053
14295,12.54169122777093
14296,16.405696437899064
14297,10.541235415325641
14298,16.550087628637318
14299,13.663284772099308
14300,17.888837031380884
14301,21.078134060834017
14302,19.497152128228002
14303,18.185052582345044
14304,12.513255937142295
14305,14.53157471769997
14306,14.57187763348537
14307,17.274319706847855
14308,17.15156557353451
14309,18.416536501183014
14310,13.557251570720508
14311,13.67672416870367
14312,15.831874105632666
14313,15.763560450328306
14314,13.883982272293999
14315,15.535491602899606
14316,16.731528452119118
14317,12.716274366379789
14318,13.839602177818012
14319,19.3676511494442
14320,19.01351185930657
14321,14.577542558518086
14322,18.55729125876122
14323,14.176787798712551
14324,14.801514920271437
14325,9.150897095244217
14326,11.901312854030657
14327,11.753353901216965
14328,14.768213762835009
14329,17.090661958466914
14330,22.731373128424366
14331,22.352671225770436
14332,15.680044300114728
14333,10.860211294018864
14334,19.479663183481485
14335,10.134525358690752
14336,16.396317345715715
14337,15.01506421599127
14338,10.594920160358148
14339,12.302444445939337
14340,14.109505488470079
14341,13.317387066808712
14342,18.401843040277296
14343,16.603852663005892
14344,17.899821250622683
14345,10.49333372721311
14346,19.40838758547724
14347,21.716383973556063
14348,10.782285057004671
14349,14.7942364224363
14350,17.061874913940485
14351,19.41715397256887
14352,19.05862785900078
14353,19.955358985514437
14354,16.215805041173073
14355,14.703070775493014
14356,12.970883357906947
14357,16.161273536275257
14358,10.710675956125714
14359,16.159453998766317
14360,16.059521574296536
14361,16.62101004989357
14362,16.626889148154326
14363,12.834358938014038
14364,13.460448668276033
14365,17.384266332419177
14366,12.35155449816766
14367,20.809822631189498
14368,21.80605039420925
14369,15.636943032467634
14370,7.95430477396587
14371,15.16771635813479
14372,13.489820298490512
14373,18.526448584381065
14374,15.942371088762611
14375,14.636920732402123
14376,10.477481980221427
14377,22.09435449081178
14378,19.071887412432275
14379,10.986009158743931
14380,15.567784380342939
14381,16.089466333424
14382,15.210285221195864
14383,16.36081237605306
14384,15.198166655228997
14385,15.95947196308333
14386,16.85044370078928
14387,16.94829487056635
14388,21.5017041943806
14389,19.5674523036352
14390,17.44204996482077
14391,16.930705453706345
14392,10.455864136048836
14393,22.1099792778604
14394,11.30758778099279
14395,17.11201465146599
14396,19.917893133989665
14397,15.672175437872033
14398,16.93131664033793
14399,18.368323578060266
14400,11.665077659503197
14401,19.528388930180622
14402,16.064806609108757
14403,15.916941107181959
14404,14.15079940747676
14405,15.155316669631327
14406,13.011385195501724
14407,14.403450301695976
14408,18.531609789581765
14409,14.639721347397657
14410,16.287275665599076
14411,16.794502826476474
14412,15.157436728231279
14413,15.908919876409465
14414,15.722499463568173
14415,21.570040533873865
14416,13.084367292762751
14417,19.03075514779582
14418,19.562400461162987
14419,15.771635827169614
14420,16.665473447290157
14421,13.445774858009027
14422,17.44808229414244
14423,14.971591025224598
14424,13.389515592428927
14425,12.906370573402612
14426,12.261953152405624
14427,16.705953842225615
14428,18.26344975908672
14429,9.529813367580402
14430,9.329325874311907
14431,12.184902200354252
14432,10.80729661741271
14433,17.451863155889093
14434,13.19816044232226
14435,18.439647995126837
14436,16.016915119093046
14437,15.034215081318969
14438,18.749596777966985
14439,12.909864752935206
14440,13.66792112362112
14441,14.320419554866557
14442,7.933818034112756
14443,14.37896722644471
14444,21.24191960234726
14445,12.323582297386952
14446,14.621001748101705
14447,21.554568235501065
14448,18.545334000388966
14449,15.069904373437517
14450,16.832326919375603
14451,13.295498575590496
14452,16.6073876732959
14453,18.643785096059386
14454,12.282959503440168
14455,13.03659092943283
14456,14.968820060547518
14457,12.512432529434964
14458,15.545829128546336
14459,14.783157574412154
14460,12.287119385855293
14461,14.160295254762284
14462,16.203291530120083
14463,12.439206922373948
14464,21.92356177164542
14465,8.315287307133003
14466,9.479012183013436
14467,11.997001608726228
14468,18.76115643777333
14469,21.64126095145364
14470,18.168992446620837
14471,14.679337469184587
14472,22.148296249719483
14473,15.50134003752303
14474,18.082663043888132
14475,14.790266947793372
14476,15.75956532776361
14477,17.406208931867436
14478,17.648570502543713
14479,10.713251448435567
14480,15.47299001966325
14481,14.146107619528706
14482,14.578660552656975
14483,16.350521818234068
14484,9.334611676201007
14485,13.32218904788307
14486,21.248943829220252
14487,9.524679111869837
14488,12.56863972301004
14489,17.420181455006468
14490,15.629059979476605
14491,12.715425705858596
14492,10.408473442670099
14493,19.60877721969903
14494,16.465495885482827
14495,14.929264060553475
14496,11.241744726450053
14497,16.477139479037007
14498,17.689870506804027
14499,14.570240004261631
14500,18.72147606548334
14501,19.005942892423384
14502,18.311936271465548
14503,17.18695366903301
14504,13.856099948655263
14505,11.717827309590772
14506,14.44508001878743
14507,12.958824244893687
14508,18.05552117234298
14509,21.38963598259434
14510,13.347620911195246
14511,19.77298012899091
14512,17.23093612403587
14513,13.12874957342679
14514,20.485113162052635
14515,21.598484374261293
14516,15.907086460955902
14517,13.875817553648844
14518,14.11620855554667
14519,14.911885375847785
14520,11.779145138191446
14521,17.21334161740692
14522,8.637436744256732
14523,13.71297771718971
14524,15.331512387406603
14525,17.252116089713248
14526,15.04463948100516
14527,20.15219146115118
14528,16.233252160232915
14529,11.866708857075862
14530,9.539303109366426
14531,16.018289919547712
14532,10.823082227181366
14533,17.815789668906017
14534,10.234687785676359
14535,17.264818035020358
14536,15.971335308994771
14537,15.369566237182182
14538,15.693326913334847
14539,15.316115645462869
14540,13.69237182979034
14541,15.120710686950645
14542,10.318292541766034
14543,15.820167962734022
14544,15.63188672421273
14545,18.116673304432766
14546,18.110421743427683
14547,16.584069542086734
14548,15.409512440429902
14549,14.334331697995317
14550,16.84364171071809
14551,12.151547599398203
14552,14.480119500785513
14553,21.204708966528457
14554,16.49941689244808
14555,19.332253579319115
14556,17.045712236324825
14557,17.12336646300504
14558,13.739573623816383
14559,19.479596495499862
14560,12.94326272293768
14561,13.603079656663688
14562,18.380185755089634
14563,13.113516384800969
14564,16.134778054684542
14565,14.217069587187925
14566,18.04858817826043
14567,12.06900164632378
14568,13.069238922563196
14569,9.76457240577675
14570,16.74264765166353
14571,12.877308136957938
14572,11.765339022143252
14573,15.184904423505152
14574,12.746975553255186
14575,10.327243815193889
14576,19.717660117899314
14577,20.081958728362977
14578,20.141182227129143
14579,18.326564211308646
14580,14.758472235952897
14581,17.0887729540599
14582,12.555703427479095
14583,14.82581490787028
14584,10.845747315394702
14585,17.70541817575225
14586,13.137801104709325
14587,17.693253297096597
14588,11.598418110398736
14589,13.744172718621055
14590,12.788443389248844
14591,10.827560543268495
14592,12.812489621106359
14593,18.83689633087974
14594,18.56256806622107
14595,18.67665077098119
14596,16.389944787870604
14597,14.510845012572169
14598,11.621311027460703
14599,14.7723828662409
14600,13.094289241966013
14601,18.565567607030466
14602,12.597563344363444
14603,17.631383259491418
14604,13.718551838391136
14605,11.17144780363115
14606,12.930326762371436
14607,17.365310896478434
14608,14.107914091878751
14609,16.15478450806582
14610,16.57178157736477
14611,13.17790729358125
14612,14.17249693967349
14613,18.844228494374256
14614,13.396169446489086
14615,12.895318928334701
14616,14.901124654801306
14617,18.441898068452478
14618,20.197413555180603
14619,10.751355902985111
14620,14.19319442624609
14621,16.491592651526876
14622,16.885487233994795
14623,13.805437297665451
14624,15.126713724267383
14625,16.971465341169097
14626,13.30281631014407
14627,18.39460795041821
14628,17.444568813531777
14629,18.32982613398628
14630,12.221959494604135
14631,15.483148227652569
14632,14.620374027665063
14633,12.757666609682575
14634,18.10010283149428
14635,16.805381159610754
14636,17.017633260267257
14637,21.380707830663923
14638,8.55184092749181
14639,13.73956205619684
14640,7.840644290851218
14641,19.502120986723515
14642,16.068285777537746
14643,15.819771800895099
14644,10.37610598982829
14645,17.213179519286907
14646,21.40414641559169
14647,20.164378850865496
14648,13.645767455645501
14649,14.415155973376107
14650,15.742849130825176
14651,11.923302514228123
14652,12.240906448089689
14653,9.28227964916639
14654,12.550494035442327
14655,15.53325126126572
14656,18.90365990151371
14657,16.292434989343533
14658,16.26900515892719
14659,11.550527371586483
14660,12.752993313029641
14661,18.252188500664
14662,18.078922297343098
14663,18.993082536240006
14664,17.65413530178557
14665,9.031418614429901
14666,13.183607278989998
14667,13.255154003451024
14668,16.737054273462135
14669,15.868230125950797
14670,12.297941104999165
14671,17.42299896118918
14672,10.22926700857053
14673,22.83520603243743
14674,18.750129915198485
14675,7.963328233418352
14676,12.837904347300656
14677,15.2354817473199
14678,13.298864142844227
14679,17.710356085276086
14680,15.22695293431997
14681,18.02996172717629
14682,15.71843487205933
14683,19.652748662286378
14684,15.729280215972967
14685,16.907718389217173
14686,14.071242865296156
14687,18.538907367944677
14688,13.154276365920248
14689,18.487194345593934
14690,8.649727310283907
14691,18.086116398341876
14692,15.724337712137508
14693,16.171217783302307
14694,12.299438365111929
14695,16.314869128840158
14696,10.633947151364996
14697,14.762677034852778
14698,12.402081514245967
14699,22.050631614065786
14700,10.85799312583183
14701,13.21854684157239
14702,14.838201585184287
14703,19.304479256902713
14704,21.93438179958536
14705,20.604180309898148
14706,19.058437942271702
14707,18.264170754273547
14708,19.483729046668458
14709,12.420081984725252
14710,18.53649695593801
14711,17.194797735726066
14712,14.544538839964394
14713,17.715640235988452
14714,13.257344357713745
14715,21.256752187817817
14716,16.00323357568138
14717,14.723571461016752
14718,18.287586547557385
14719,13.1464249168389
14720,14.829895563908666
14721,14.19707916259071
14722,14.593841201885466
14723,9.109696253348616
14724,12.692931286468728
14725,16.74667117356561
14726,19.47656295623788
14727,11.806900099956707
14728,17.686540567814674
14729,13.710355281562894
14730,14.549812141525054
14731,10.985492188515767
14732,11.614797190566478
14733,17.698622256720853
14734,14.154416930101892
14735,12.946848748265955
14736,14.719175940822263
14737,16.84191464784731
14738,17.43858346107967
14739,13.609167050299629
14740,21.171836382487847
14741,20.35381784609001
14742,13.909824489489418
14743,17.00627273829213
14744,18.095494537564285
14745,17.229067009219335
14746,11.869210754425898
14747,17.222399152142064
14748,17.910188600274967
14749,12.988398858718789
14750,13.162602430452093
14751,20.906413165790113
14752,20.69810683557654
14753,9.642193108317255
14754,14.089458827410326
14755,11.279333744047577
14756,12.30172783027594
14757,15.357714519545985
14758,13.090524820133464
14759,19.521789420032732
14760,11.79611464202039
14761,19.686297990883524
14762,13.783232385669038
14763,19.066757454826533
14764,17.175884935453855
14765,17.525142847961426
14766,15.251687213793216
14767,12.569129158963236
14768,16.787006527646746
14769,11.824190198860153
14770,14.353316534048679
14771,12.645624564139498
14772,16.490760455084
14773,19.199283480912097
14774,20.8612093637933
14775,14.419694356512293
14776,15.641521093557778
14777,11.424905385497524
14778,16.776729868101352
14779,14.228526816857528
14780,17.39277181076323
14781,16.852149785355387
14782,17.1989610163325
14783,14.530376666827285
14784,18.213850619092465
14785,19.090127571814126
14786,11.23022155188028
14787,16.61244538544159
14788,16.687360214054618
14789,18.125385847737938
14790,21.486352758110534
14791,17.770311666409338
14792,19.073114399667517
14793,9.089236224916242
14794,10.393180051473802
14795,15.565290182750891
14796,19.155999512827286
14797,14.75950678055852
14798,7.850381193347612
14799,17.841695621079538
14800,19.87485918096486
14801,17.825445081370916
14802,10.046003573469235
14803,19.065679910831427
14804,17.664230985536406
14805,13.115432421175775
14806,16.3318416083168
14807,17.275138326992366
14808,11.103775211738242
14809,14.629384274639637
14810,15.632143976545315
14811,17.91418852546351
14812,14.353546128540254
14813,11.870097993119451
14814,14.62919059225139
14815,13.853219177383803
14816,13.657349459246069
14817,15.900897872153614
14818,16.46921905452236
14819,13.8473779543659
14820,10.568498248646886
14821,20.791789743045186
14822,17.958309238517906
14823,17.82128966080768
14824,20.028449420747474
14825,20.671852089069063
14826,15.674118214535717
14827,17.480640009632157
14828,15.643618859939592
14829,14.123494738069956
14830,13.051971591725463
14831,11.480989145338006
14832,15.003691475786262
14833,13.90068847357765
14834,14.746153296176843
14835,11.881181848963067
14836,11.980035775306886
14837,17.08137370701109
14838,12.845088589926506
14839,15.207910820680326
14840,14.11286690371173
14841,18.07602710793356
14842,19.84472422991792
14843,18.64870820654131
14844,15.974349676074315
14845,20.080853709788688
14846,15.588178763025955
14847,14.683478874004175
14848,16.5317360014421
14849,22.590256391997023
14850,14.068369440670113
14851,19.534890462768374
14852,18.126097803986063
14853,6.570400032820881
14854,21.46265864459411
14855,19.15774744828605
14856,18.976789139743403
14857,14.80088122834457
14858,10.760095939027977
14859,19.329845396458772
14860,20.04440103444255
14861,13.020555248746717
14862,15.073891329761283
14863,15.297095060934211
14864,14.723851471963007
14865,14.977077687948594
14866,15.55114104901106
14867,16.467949140115003
14868,18.641790728462105
14869,12.139185759759059
14870,15.028694553405316
14871,11.323393951929152
14872,16.32243545124757
14873,15.339559526536293
14874,9.680467101128627
14875,18.650854469510456
14876,13.189595919338053
14877,14.540937921200483
14878,12.168791874005153
14879,17.79820059312147
14880,17.992909587441115
14881,14.212495027659491
14882,19.594675943969875
14883,16.474189455003778
14884,12.432005640929638
14885,16.092897547152518
14886,14.49017285873006
14887,15.899643407854084
14888,10.7854112932512
14889,13.04725394946763
14890,9.082284829349721
14891,17.496755620108587
14892,17.806791736470025
14893,16.460134790789965
14894,18.97811349475496
14895,20.57006530218427
14896,17.70990222893536
14897,14.164684592654721
14898,21.706833490981353
14899,13.319205042607406
14900,13.606746538020627
14901,16.650766293972683
14902,17.09611150950828
14903,19.302501773602728
14904,12.869954416846415
14905,14.50245641949008
14906,12.154901684187777
14907,21.437513564136935
14908,10.857631282456715
14909,13.521655496431306
14910,13.846312694514562
14911,19.590524625555023
14912,16.51348677715775
14913,12.831143486656872
14914,10.146983837992835
14915,18.6985044748231
14916,17.793563522765147
14917,11.806280388187625
14918,14.171036005543147
14919,10.386507619574022
14920,14.095295408994142
14921,18.893752527551378
14922,16.876426063285084
14923,16.85240348000248
14924,17.00073948325443
14925,21.660324201146885
14926,11.47467796406001
14927,16.614273542421753
14928,17.217651455674538
14929,13.096622004707603
14930,14.920660178546985
14931,12.211509330283489
14932,15.09739874409432
14933,17.59689089259202
14934,14.98119382931282
14935,13.4272757656232
14936,14.178157042983177
14937,13.544043142220028
14938,16.601973576594816
14939,12.016782188086012
14940,19.09218697606299
14941,13.86699857071965
14942,20.40664788104361
14943,13.844392725243516
14944,17.323606380362367
14945,16.509769605010852
14946,16.240361567566776
14947,14.67493550791403
14948,19.481043791884396
14949,17.491973838409535
14950,14.54985115186935
14951,12.190997408487558
14952,17.985274302745502
14953,10.934184016710315
14954,14.652754266211804
14955,8.490954747905242
14956,11.62306110731685
14957,23.530051024867987
14958,9.29669049396371
14959,18.48823889271503
14960,13.674699000643523
14961,17.24107667051246
14962,16.18427470313685
14963,8.79815847491891
14964,15.429046151935683
14965,9.379964030673808
14966,15.957139347526997
14967,13.447826306106485
14968,17.813107070953496
14969,11.259412084138267
14970,14.911479852676308
14971,20.326374573233245
14972,12.704649947281329
14973,11.494540347457095
14974,17.262686629642396
14975,18.506459202907376
14976,17.782703621265195
14977,9.758328965936643
14978,12.517783889062574
14979,14.518348276318429
14980,16.373896636520264
14981,15.825374060003869
14982,16.893580320451406
14983,18.583729852401127
14984,15.111759760138925
14985,8.4393131727303
14986,16.618596793673774
14987,17.992568906646703
14988,17.87368045599056
14989,16.614715548410057
14990,20.769859856039766
14991,16.2741234457933
14992,14.83481181161518
14993,13.350064552224861
14994,17.382651683528625
14995,20.530184928647536
14996,13.113761606802118
14997,16.15419381727541
14998,16.19350062210658
14999,12.919936691327509
15000,15.281547640279218
15001,16.698776008553537
15002,14.343749868471138
15003,13.479795456025515
15004,19.732506558388174
15005,16.718908149728527
15006,13.97178048384885
15007,15.297664526744182
15008,15.889475867739701
15009,17.92215200101941
15010,20.24935094668936
15011,18.1936026835768
15012,16.306562948767553
15013,11.6709571069192
15014,7.85378088480717
15015,13.553288848053763
15016,18.651818001235167
15017,9.41239179131319
15018,13.41939995892456
15019,16.021661622695877
15020,14.62085106450411
15021,17.783228935154348
15022,6.878817458109417
15023,12.99991082563797
15024,13.0598383094418
15025,10.886687612957623
15026,13.359569735496388
15027,19.41208400001493
15028,20.579486869361567
15029,13.153524575057428
15030,11.663248791252332
15031,13.116327264547197
15032,9.333158452425351
15033,13.463183091457664
15034,10.819123611308097
15035,11.476209924892332
15036,15.504986570661444
15037,10.48596372252221
15038,16.95597784934584
15039,20.970020409617995
15040,12.88543002579332
15041,15.689021019266072
15042,14.294084466487888
15043,12.353642946718042
15044,16.066571453216056
15045,13.342451830109482
15046,18.765014309767587
15047,11.656186502511796
15048,12.23572070589287
15049,10.47703515096891
15050,16.984813588521526
15051,12.22348465747038
15052,14.457196498108493
15053,13.144323499378693
15054,12.88124631394579
15055,16.826483958488758
15056,17.832117936478515
15057,14.924951005080638
15058,19.959212586866585
15059,17.217972197115333
15060,19.41947415804276
15061,18.23444338779475
15062,10.228938012285976
15063,12.714638937599368
15064,16.668570494384774
15065,15.206040174062043
15066,20.677177901989904
15067,16.188253611494357
15068,17.61995096027102
15069,13.99650896805375
15070,15.42001458277044
15071,16.633188247520653
15072,11.870146120866501
15073,17.324422341978423
15074,13.940938206658616
15075,17.47975729640649
15076,15.135950710956328
15077,15.637807408774183
15078,19.697669693329004
15079,14.200119562480223
15080,15.31831133752524
15081,16.232457602294197
15082,17.15061757011704
15083,14.067091913671733
15084,15.784702373859059
15085,14.840713325534573
15086,12.685627560750504
15087,11.977360837728957
15088,12.658082018435405
15089,21.512091539537032
15090,19.45058277900145
15091,5.630589893506542
15092,9.237061775062205
15093,15.733481230316226
15094,9.44144066796045
15095,15.934521323389045
15096,19.333290840380045
15097,12.139029144470808
15098,18.354298549650835
15099,12.148179810117774
15100,18.20957231695657
15101,13.273732638124294
15102,17.742347085025372
15103,13.66556243870315
15104,13.558613369526737
15105,13.594250610937676
15106,9.003802020095996
15107,11.130350364399174
15108,18.442584177878494
15109,15.816614586094717
15110,15.585964261041923
15111,17.93072060410826
15112,17.67443861147745
15113,16.035422831372827
15114,18.006178965578556
15115,14.929837590914365
15116,12.502586604258584
15117,18.531014879192057
15118,11.799334562837274
15119,15.066702356988937
15120,10.834687256438983
15121,16.523943117864555
15122,14.119011740447096
15123,9.546052159067086
15124,15.61972995192346
15125,16.374682747259218
15126,16.54433274727395
15127,17.967082964750087
15128,12.840812024876076
15129,18.434771679667872
15130,12.411994766795857
15131,14.367193397281968
15132,17.939734066515584
15133,13.028474881641582
15134,19.17303804266916
15135,13.873902810976126
15136,14.97327780157918
15137,16.208346223760014
15138,16.776891224909587
15139,12.991418685339248
15140,16.900698278537647
15141,11.576675033376706
15142,9.127116888078525
15143,14.708551612815292
15144,17.495618130263416
15145,15.907404648803347
15146,16.468631195292893
15147,20.189317287837273
15148,16.391272314111298
15149,22.02159794147847
15150,17.529676899033422
15151,17.809247263706183
15152,15.83439236638307
15153,17.824124476824796
15154,10.218102015039179
15155,19.40125441781137
15156,18.734863774508586
15157,13.77868241886193
15158,15.50861402401929
15159,16.04641715871898
15160,11.229450272788847
15161,17.978678951413134
15162,11.155443446737234
15163,16.032926133088097
15164,11.948050234076725
15165,11.23214607447919
15166,23.096841379426184
15167,18.38225646483449
15168,14.890669180714236
15169,18.587319552313033
15170,14.955867890285548
15171,20.897558653659775
15172,15.214589035209913
15173,7.966736045058639
15174,8.042117751235484
15175,16.530212231565535
15176,15.582142354902041
15177,15.176250767872208
15178,12.810893230542625
15179,15.60407722124281
15180,6.675798860457736
15181,18.96548152762349
15182,14.220234828912911
15183,18.287090773453155
15184,18.607489080474956
15185,13.455306978549928
15186,9.023928506052382
15187,14.09168552302219
15188,9.927761793916678
15189,13.370358534636734
15190,16.075896627040567
15191,16.09989711927602
15192,17.155394279512038
15193,15.899482983081159
15194,20.184419430350744
15195,12.15933068876988
15196,9.973637145314976
15197,11.923514185063205
15198,12.00265458473454
15199,6.894098276419035
15200,9.174540409802555
15201,10.054907974465234
15202,18.452322789929894
15203,18.785281627273804
15204,12.482682567243236
15205,12.531092522890246
15206,17.902828321828128
15207,16.590032200022115
15208,14.96723284721034
15209,18.353299875114637
15210,14.891045039047995
15211,20.35138889387776
15212,15.145201729659762
15213,20.949093434803196
15214,15.964853714778174
15215,16.98042510386638
15216,12.83632173274125
15217,18.55488087046287
15218,10.825706593757383
15219,13.130635840984581
15220,6.190041643380649
15221,10.987932725256954
15222,18.8244737029484
15223,17.36314168660976
15224,20.269636969311115
15225,15.978673843630672
15226,15.821143495045868
15227,11.492564224698858
15228,14.64254250806893
15229,13.589271192473078
15230,18.14487493914733
15231,14.938750544289494
15232,12.814945165959271
15233,17.278657630049796
15234,19.087248828367514
15235,19.108528904742926
15236,16.292589254489123
15237,16.900477690784193
15238,7.988255364851035
15239,16.129113419222644
15240,15.048660041892026
15241,16.043274486006805
15242,24.800026288453907
15243,13.431953435983438
15244,20.51303867559092
15245,14.42591072210514
15246,17.623654187364817
15247,20.37309223870693
15248,20.728414430422518
15249,15.519992810755227
15250,15.222710332374836
15251,16.054555438842833
15252,16.98359019996641
15253,17.225984728472696
15254,17.69485534390026
15255,12.927270882229784
15256,15.718229537435013
15257,18.778300524731577
15258,16.2910444036255
15259,16.987000618916035
15260,14.004922175813778
15261,16.483196850022132
15262,18.77761119980186
15263,16.252627903659608
15264,14.425881028932697
15265,16.262743532053257
15266,13.394505718821723
15267,20.542860866394953
15268,12.673695238185157
15269,13.919528443244415
15270,18.41239387131771
15271,18.573343451363645
15272,18.08755636936317
15273,19.308262543171782
15274,19.762845413487334
15275,9.580154735428533
15276,17.531508027502742
15277,13.936701230758192
15278,20.477352078545216
15279,13.632301815323045
15280,15.947541079006784
15281,18.995707458938057
15282,18.614760821291547
15283,13.480125731379545
15284,17.17448527792095
15285,20.16851447621135
15286,12.89398677105865
15287,13.799012519422016
15288,17.545434455813123
15289,13.297616981385422
15290,20.193789913227278
15291,14.90806520973635
15292,19.958488306744353
15293,13.626770923729062
15294,22.008021046805567
15295,18.54288105210157
15296,13.309119543905727
15297,13.818324349532999
15298,13.188002704167712
15299,14.631361336338434
15300,15.419810746047446
15301,11.899641859969812
15302,22.980564259130414
15303,16.618282832933097
15304,11.922641712176596
15305,21.468497498835678
15306,13.277372638382372
15307,16.797075360084314
15308,12.432424873480016
15309,14.843283464075247
15310,16.120230187501704
15311,13.55942127728408
15312,14.899861090435373
15313,11.305392575120063
15314,18.19579989717881
15315,17.245205864005996
15316,19.459758148003377
15317,12.121684696912032
15318,20.14209038651812
15319,18.969749534941382
15320,18.673282122577252
15321,15.149090410768382
15322,13.607162649190775
15323,18.98639294367453
15324,13.231376845471859
15325,21.860254250781427
15326,9.776294921460094
15327,14.589586954464279
15328,9.361808627940402
15329,11.814032149990776
15330,8.636669510296308
15331,22.74021582767762
15332,13.26238115717693
15333,13.215577131334028
15334,15.780409719534296
15335,10.48937195682885
15336,18.11864493723572
15337,12.08813462315917
15338,12.515582245575487
15339,21.602591153846525
15340,14.938860505974597
15341,12.007474435916865
15342,16.570795608848524
15343,15.207377944612661
15344,16.681768671025306
15345,10.293140651094816
15346,9.193121695758194
15347,20.156293046966443
15348,13.314380300156003
15349,13.667774516735081
15350,14.89847099360348
15351,16.629629924794283
15352,11.701319781342042
15353,15.602993780241073
15354,14.417407492214869
15355,8.81656645916199
15356,15.038441572624249
15357,18.798157613400484
15358,20.398074970678607
15359,10.119331951222016
15360,12.768329715559378
15361,19.095082361894413
15362,15.029580174606764
15363,12.588040446309481
15364,10.670605218738583
15365,18.253252744425758
15366,18.749935094166226
15367,18.52194614651796
15368,16.200820368645566
15369,18.23213150937619
15370,13.936572242707017
15371,16.491215795728092
15372,16.969287410490857
15373,15.128560922998638
15374,15.494118099904147
15375,17.473410709308116
15376,23.363001362054945
15377,9.255027526214775
15378,18.002756407659877
15379,15.4371364159999
15380,14.931016201061528
15381,17.010513560604675
15382,15.185584619974072
15383,10.423526859053105
15384,14.555740706961116
15385,13.676022611406463
15386,18.54961017430616
15387,13.982975744025854
15388,17.501070424176937
15389,16.03476450100465
15390,14.59092723382675
15391,15.410249056070624
15392,20.39671042072746
15393,13.04454245779369
15394,13.531688810829163
15395,14.769399078907995
15396,18.365934697676508
15397,16.57743527125806
15398,14.553725291467144
15399,14.500029383790668
15400,11.54477994904337
15401,14.334518303090478
15402,14.719513105703287
15403,13.694747878493589
15404,12.170967715751635
15405,19.86909407565963
15406,14.16585210596356
15407,15.506729956894445
15408,15.06764583227854
15409,15.80797997046636
15410,13.98795735210859
15411,11.761709955045905
15412,17.030352520875155
15413,15.299909214408299
15414,18.926722592675674
15415,16.100504425445322
15416,18.77926086079669
15417,10.836965561310103
15418,14.156125932951007
15419,15.895550335320008
15420,20.1057448903252
15421,19.891883975627245
15422,10.986353753615063
15423,19.24238125193518
15424,13.844483038159712
15425,14.648693914699141
15426,19.69267475654361
15427,11.1285855173759
15428,17.457933639210133
15429,18.028715583226187
15430,19.00425974346511
15431,18.003972454308055
15432,12.02131323802335
15433,14.659857415047489
15434,19.3438939593779
15435,18.673520107678158
15436,17.6915938695776
15437,10.273502921833169
15438,12.840177728424422
15439,18.46581461877367
15440,17.732796933567073
15441,14.170467335015097
15442,18.29588456011667
15443,15.427099562935542
15444,19.63692807887157
15445,14.146057844802911
15446,19.082415960312375
15447,12.546946649669103
15448,19.502173566190177
15449,16.20567765675135
15450,11.49895336566095
15451,15.572565548282167
15452,13.768216120881874
15453,14.732440702178538
15454,13.428676733378694
15455,13.992404553379735
15456,16.17429053398927
15457,7.986492422879448
15458,15.111875013478947
15459,16.621117773604844
15460,12.40019401618236
15461,17.437117440333463
15462,18.195244709182976
15463,17.4292102330582
15464,17.129765787329138
15465,18.1164912312808
15466,15.287439058446566
15467,7.277658854321055
15468,14.767341281522324
15469,9.513162566552744
15470,17.89716704926304
15471,22.611838146518707
15472,13.568560159493337
15473,10.149930828154389
15474,18.658728566580503
15475,14.02940029113042
15476,17.026583165333037
15477,13.631513695502864
15478,15.475707123195074
15479,14.034481487036464
15480,17.781035823001886
15481,12.681971354337877
15482,15.742780682275814
15483,20.89300752600832
15484,18.152607568495526
15485,17.23281153087862
15486,12.031725766133073
15487,18.37448104515727
15488,11.96961615363897
15489,15.708482752155373
15490,9.735038836833905
15491,8.287433939346183
15492,13.135294130571259
15493,12.847654117922797
15494,21.72340453362608
15495,19.722417180855444
15496,20.412736881173068
15497,13.658939574358111
15498,20.44608024140411
15499,21.89897581698521
15500,13.196894185793688
15501,16.47340138322927
15502,17.166743847556027
15503,12.433481997741417
15504,16.67192069889463
15505,14.832707422600617
15506,11.474022761427602
15507,11.211722329197555
15508,9.436338587451166
15509,9.472205473937295
15510,14.890835075803208
15511,15.143727172638675
15512,13.401542438863672
15513,10.016323219235002
15514,13.03878136753433
15515,16.931833833640273
15516,15.116241755504356
15517,17.853347723837793
15518,9.824990891138174
15519,16.684923760316213
15520,18.818208265573457
15521,16.190965082298746
15522,13.913303401864665
15523,21.54413788378936
15524,14.80689938745927
15525,16.67112960182937
15526,17.425274537266823
15527,14.274178371348606
15528,13.096689862637072
15529,11.76420252740159
15530,10.886346264924985
15531,13.814673656523686
15532,24.883600893201308
15533,19.141486253721677
15534,18.892120561960386
15535,16.030918354413267
15536,13.375244595253651
15537,17.085121314618732
15538,19.239304160326874
15539,15.146640242210353
15540,16.769381872080515
15541,20.36896228279757
15542,15.565445464291342
15543,16.83759386451209
15544,15.108835594598885
15545,12.636221910220188
15546,14.389942212931413
15547,12.800062964919313
15548,17.882702216251197
15549,13.026511471398091
15550,16.45516331112457
15551,12.671657910926056
15552,17.241143468376762
15553,20.480792375235783
15554,9.776557690754531
15555,14.955531947205785
15556,13.150516956711401
15557,10.053367760437132
15558,16.496886424561843
15559,14.563201441746953
15560,10.043785108795152
15561,16.407837494482756
15562,24.918519053495793
15563,16.802656677665464
15564,16.582988843289456
15565,16.33201001692175
15566,13.676790187716778
15567,21.704735998017277
15568,12.94949577072907
15569,15.55669017940658
15570,9.334597431381098
15571,16.199846268141155
15572,11.659511607373757
15573,17.66123966783708
15574,13.71715147471259
15575,14.30580900756042
15576,16.259309813368077
15577,17.031021113788128
15578,12.032449229195466
15579,13.494784074583247
15580,11.302553003158117
15581,16.428838617035048
15582,16.427515082546353
15583,17.761106553773423
15584,19.125009694964785
15585,17.65561619730473
15586,19.28410752219289
15587,12.48001769619083
15588,18.15500931419414
15589,14.203436466563032
15590,18.651481731431236
15591,19.660364795107053
15592,14.932130768834234
15593,15.5168889826716
15594,12.813958380290037
15595,11.753963694091645
15596,9.807474047802298
15597,15.133670311606293
15598,20.966769171065884
15599,17.433487813385927
15600,21.03446812065848
15601,14.906504739260068
15602,13.727647565117742
15603,18.168852611524503
15604,13.205427661950786
15605,16.489772758322502
15606,18.452469513584717
15607,16.97882303505954
15608,11.438814158503536
15609,16.581665489049083
15610,13.37534500272882
15611,15.664110531882628
15612,13.096880212552584
15613,13.898579298835324
15614,17.1018976181185
15615,15.548062762173183
15616,15.230322755843584
15617,13.379402901510616
15618,14.086248752872233
15619,16.659933558337105
15620,16.48567746287115
15621,14.187432907347677
15622,14.211951146379707
15623,13.39966371627598
15624,15.846901404978547
15625,13.03131954202966
15626,16.409600617671067
15627,10.393650509656506
15628,13.011156543309601
15629,18.456350018934586
15630,10.736251557879507
15631,15.932494170982062
15632,16.446031598490357
15633,15.993725308783981
15634,15.572807739520837
15635,17.029796563322638
15636,22.844261623684684
15637,14.933173531209455
15638,20.77157282870563
15639,13.884418581257785
15640,13.26092674863059
15641,19.187749504359974
15642,15.0823314716065
15643,16.460761735792698
15644,16.246730973856288
15645,10.899547934503138
15646,19.473018749704472
15647,13.409580148329807
15648,20.717121841722033
15649,14.865549957312002
15650,19.88398602794429
15651,11.393405268428172
15652,14.852614428381745
15653,16.094960056949592
15654,15.685287276208834
15655,10.253428597080983
15656,19.051313509670965
15657,16.506426912526123
15658,11.98897378798813
15659,17.353356972640242
15660,16.05638046976654
15661,10.427546061878292
15662,16.20889200316875
15663,16.345198152924276
15664,11.752851031714172
15665,14.564647502088782
15666,16.61693298398755
15667,18.266181653180954
15668,14.25318546042028
15669,11.32142869191291
15670,11.82318882412827
15671,11.07601312496866
15672,15.31947988444954
15673,19.24421145835386
15674,15.30423966543872
15675,18.607239047363137
15676,13.229164499925577
15677,16.273886354444116
15678,14.169098208178553
15679,16.29383157958019
15680,9.660896989766563
15681,17.40141954769841
15682,10.992085179283936
15683,8.67594106365361
15684,15.339672707936739
15685,13.343555015094825
15686,13.896355563874689
15687,15.25104011098521
15688,13.800826724707797
15689,16.506394025060228
15690,17.194555442661454
15691,13.456276789379068
15692,18.93080927244184
15693,11.580870513829964
15694,11.500104374355816
15695,16.3720555151939
15696,10.770231760950443
15697,12.15051531004046
15698,12.613747365432475
15699,17.995373626192542
15700,15.169381580169034
15701,13.3357987281408
15702,12.034499946952753
15703,11.91101350000552
15704,11.793709879625656
15705,16.960398530014977
15706,13.73481200383456
15707,13.083237252691692
15708,15.71623196319202
15709,10.442721728467408
15710,15.097404011752175
15711,14.066812775257851
15712,11.849091917362422
15713,13.88122612298984
15714,9.888634304369106
15715,16.943065740829734
15716,9.72835638521249
15717,13.713570392226979
15718,18.174355323592017
15719,17.759658837144883
15720,12.750644731385604
15721,9.792394833205503
15722,15.246123244938813
15723,17.435478350928527
15724,11.952519822551903
15725,14.668557773982672
15726,13.341589849378405
15727,10.40388170328665
15728,19.904154449331276
15729,11.3731708362414
15730,13.69061908578374
15731,16.98352478248892
15732,11.2996865961566
15733,9.873799647999785
15734,17.179986179150152
15735,17.18900785138478
15736,22.324104127397412
15737,19.990732346593752
15738,17.00398539654897
15739,17.204299732632485
15740,12.487621197047496
15741,11.742461716348885
15742,14.935384567662384
15743,16.757041442074765
15744,14.268667325614782
15745,15.774227963721017
15746,19.69494813514188
15747,14.533490010998085
15748,15.09649828355071
15749,9.348686934090416
15750,14.562632939852321
15751,16.399904802761622
15752,13.177545608572057
15753,14.493364998752366
15754,12.451367279137752
15755,15.658162836832402
15756,15.035721606047886
15757,19.520116336198683
15758,16.796210223659603
15759,13.517643190441692
15760,16.513698080711915
15761,10.180009077499928
15762,13.355695471900622
15763,12.663438566078064
15764,20.36833993624655
15765,10.217325348937013
15766,16.28139209942067
15767,14.16731619503822
15768,12.94418122008408
15769,15.16922655076472
15770,19.818135077250375
15771,17.180652060990166
15772,18.018446596441525
15773,14.051997029040091
15774,15.974432174692712
15775,12.105291016746515
15776,16.85985465038634
15777,11.242582257611927
15778,13.418797357202001
15779,19.374526150718786
15780,17.657265404590717
15781,11.855439322645747
15782,14.396994312048527
15783,13.419497331024662
15784,15.373474780511682
15785,15.769691839165482
15786,19.09141308085556
15787,15.488365007225312
15788,17.505874558775446
15789,16.25163624532853
15790,17.946610416658228
15791,16.347223740828618
15792,14.839994093623815
15793,17.81381020693472
15794,13.18827214339511
15795,15.94612120498645
15796,13.889165952170869
15797,13.820770274959642
15798,17.77315283874835
15799,17.778860976735896
15800,15.628235959845771
15801,13.399028397700715
15802,11.035391379014287
15803,14.650829961226764
15804,11.469163328351772
15805,15.43709419383279
15806,18.893866594500533
15807,9.603060976598945
15808,16.28137925996129
15809,21.14329601191308
15810,19.644270182865156
15811,15.855547798822391
15812,16.379195732690672
15813,13.509834770875637
15814,16.680030676664472
15815,18.009466833654585
15816,13.17930864473865
15817,13.791136629159961
15818,15.625287764528837
15819,9.552610390882135
15820,15.484453183489123
15821,14.352537274954127
15822,18.110952710236326
15823,11.58450237571032
15824,19.885541202920507
15825,17.75880371870655
15826,18.89684813356472
15827,14.232893882360042
15828,11.323170623312027
15829,11.460770082542918
15830,8.450705348382087
15831,14.43997824636387
15832,19.438324730449757
15833,15.337173144520351
15834,16.449877528839476
15835,18.562094786480454
15836,14.76071540319506
15837,10.268949716669262
15838,17.777720949801967
15839,15.528024637381371
15840,14.327837483586945
15841,13.121435719515796
15842,18.29469518402426
15843,15.919628102456016
15844,20.268572666132307
15845,15.03225613868591
15846,15.882141545768665
15847,16.0945843193557
15848,15.151217130282463
15849,15.6509707813795
15850,20.058880516480045
15851,12.640029165978891
15852,12.561606110141398
15853,12.068756366919471
15854,12.046462106911054
15855,11.660034400816615
15856,12.60195182510524
15857,14.808651787938432
15858,21.297562454004062
15859,15.942716820107359
15860,14.30315012361758
15861,14.25630188344757
15862,16.227810571034862
15863,16.91127837965241
15864,18.619531357852374
15865,13.536951021664713
15866,13.635752562771003
15867,22.064690190538734
15868,14.484483337545463
15869,14.222249535716799
15870,9.86373979687276
15871,12.8172335304375
15872,10.513515619574754
15873,14.29566287272268
15874,17.662539004964188
15875,13.955423247186221
15876,22.342607995928034
15877,11.871856936537613
15878,14.276785646756982
15879,19.340037136676774
15880,16.287932835630254
15881,16.849953284928016
15882,14.90617932054458
15883,16.001173743076823
15884,9.4060785258952
15885,13.570754591392474
15886,17.964880396762005
15887,12.053761367149916
15888,13.416613540563336
15889,19.646115680367846
15890,14.087116791164082
15891,15.52328806301645
15892,11.466412617477783
15893,21.5549646525364
15894,13.295134559408826
15895,18.759993500682615
15896,13.342160115906772
15897,21.363916306350262
15898,19.700799523857434
15899,13.031018736808466
15900,14.661980383900948
15901,19.2962694833626
15902,13.319732711635684
15903,16.88670764698897
15904,21.485803295060773
15905,17.98812757412542
15906,16.24425930743166
15907,11.779975421280616
15908,14.300941290534766
15909,16.66660711729511
15910,11.260613273571376
15911,13.755790669709098
15912,14.471363272921614
15913,15.460610413407068
15914,16.733625928056714
15915,18.31703868510866
15916,8.745818545024743
15917,18.671330457952582
15918,11.538631810258469
15919,9.268755315180385
15920,15.527549434691538
15921,16.933097377135546
15922,19.13721271044617
15923,18.0480623885011
15924,18.85258269603933
15925,15.584242854740049
15926,9.807623386293876
15927,13.008215471095752
15928,15.592264800164534
15929,17.097451724588097
15930,14.909404252462501
15931,9.468750431882208
15932,18.497485805663096
15933,15.435178150452119
15934,19.964508860773183
15935,15.358262742204644
15936,15.907274732749858
15937,18.131311405041338
15938,12.243886677388886
15939,14.163788552380632
15940,16.82820314926329
15941,9.639881320296118
15942,15.69448228097025
15943,9.245899223204402
15944,15.955113634459316
15945,11.153047858693359
15946,12.490280231187098
15947,15.63445928249173
15948,9.897549583745706
15949,13.770951381034788
15950,11.285050760628799
15951,10.684579371500245
15952,15.793975837975431
15953,14.852934176115268
15954,10.20690518959973
15955,19.742830763044243
15956,12.336305861952217
15957,17.267709723724074
15958,17.889174990011316
15959,15.194011860744668
15960,13.074961673529861
15961,15.40299321985967
15962,17.802124440048626
15963,17.24289416736486
15964,15.268254638676854
15965,20.029600520401935
15966,9.693578614236905
15967,16.453946621591783
15968,21.56364820319095
15969,17.37449208320036
15970,10.557458925137986
15971,16.74070964789117
15972,21.474706735557746
15973,16.324197499418165
15974,14.059546605971672
15975,17.7089732491995
15976,17.76934608229215
15977,13.120955790003615
15978,12.127783359849644
15979,14.271225611591946
15980,15.291363069893396
15981,13.844739147860967
15982,15.785973290996075
15983,12.157299042345464
15984,11.58250424733166
15985,15.10905965867245
15986,15.455162904270853
15987,19.854915920737863
15988,18.095561870907964
15989,13.740105858642856
15990,13.071458626874955
15991,11.577157768527156
15992,14.331484435016412
15993,12.639039959635223
15994,19.14673341154501
15995,13.295649824366555
15996,20.104334016321822
15997,11.221260168763676
15998,11.810930885995639
15999,14.754705741528618
16000,15.548355781329503
16001,10.116419889491521
16002,18.101791775827177
16003,13.980052656800384
16004,14.660243073949063
16005,12.57200008819231
16006,15.04302108056407
16007,11.113939389431831
16008,8.819613793918396
16009,14.807981558666638
16010,16.109514852629562
16011,18.921268160366473
16012,16.488688611851593
16013,14.595098209705101
16014,16.431621744663925
16015,18.607139636215706
16016,15.015601289446026
16017,16.32856744490772
16018,13.75548015604115
16019,18.582310820546684
16020,18.780703820204963
16021,17.06261897740756
16022,14.86241110033071
16023,15.288423009390504
16024,13.487384519147344
16025,12.67548208892975
16026,17.04211811012525
16027,18.949495378557405
16028,12.970472758592317
16029,11.491404723420898
16030,19.096502487261755
16031,10.06957975829471
16032,11.837528560008577
16033,17.184578885084385
16034,14.773230617366131
16035,8.380372264312461
16036,14.547476369315312
16037,11.65438173380074
16038,18.06717650306585
16039,15.509692968639701
16040,16.19848107783078
16041,16.76747663252544
16042,17.961231171970155
16043,20.843984923053483
16044,15.279771637842577
16045,14.880962386435732
16046,11.388613283691505
16047,21.54689720810272
16048,14.63960251529323
16049,13.939923938986794
16050,14.336556466769899
16051,17.650185337125972
16052,18.818377763947225
16053,17.648167970877697
16054,16.297664871990026
16055,16.373589402548834
16056,13.390410625073553
16057,10.81434571869231
16058,12.119958692357665
16059,16.78108283335105
16060,12.274506365817038
16061,17.01167552552334
16062,19.834747195418792
16063,15.871957731470653
16064,17.832840009255026
16065,20.488046259913524
16066,11.875393453725934
16067,10.831039572161234
16068,17.78405228947843
16069,16.418824600875816
16070,15.136048376339955
16071,8.98679891662938
16072,19.880598423816025
16073,23.283058473202885
16074,12.687720392584081
16075,11.599751385198859
16076,12.957986905542697
16077,10.794831146095223
16078,8.166452737711472
16079,15.08555803869796
16080,16.3246559223881
16081,17.64317437629701
16082,14.562507455311712
16083,18.06560786927256
16084,9.954872930019114
16085,17.27667631200572
16086,20.633194731873452
16087,17.938867924390546
16088,10.563765499691801
16089,12.215401927435774
16090,16.890156584759254
16091,11.556487656758383
16092,12.026736726125424
16093,18.760406835443654
16094,21.471460690938528
16095,14.934857842668153
16096,15.60778695287705
16097,17.053672096077786
16098,13.614354765334742
16099,18.573055728311527
16100,16.767270990562405
16101,12.983437003674169
16102,11.780745801436899
16103,9.870547357716898
16104,14.968989379397186
16105,12.048637350244157
16106,14.213488346574838
16107,18.858303602337664
16108,19.002282636732993
16109,16.96040325066499
16110,14.866517870205193
16111,19.549146479796672
16112,12.889655663136356
16113,10.782238686309247
16114,17.127776948817825
16115,14.386930216688093
16116,15.626598773010514
16117,16.36287215367485
16118,8.03716535983702
16119,15.61218934245055
16120,15.751702008357597
16121,14.421698232419454
16122,19.319479561967167
16123,14.469479679361122
16124,14.874542049231598
16125,10.569935766550598
16126,14.423523243228596
16127,16.932248215508405
16128,13.915464109561949
16129,14.84158948806452
16130,12.882712926782894
16131,8.508491542354282
16132,19.058643664044553
16133,23.55233654495344
16134,16.140009845077266
16135,16.777220749661765
16136,19.206855757359023
16137,22.565729358651964
16138,16.94421846952248
16139,21.179865474691603
16140,9.551848990660204
16141,12.802807155062947
16142,14.486149864341217
16143,17.290413227614856
16144,21.072126270545645
16145,16.162087684752915
16146,14.839345078992647
16147,17.083363606749153
16148,13.259458341237124
16149,23.465201779641845
16150,13.521499275442777
16151,16.88838937382965
16152,19.792865838338223
16153,15.933422264706754
16154,13.145927477058887
16155,17.9223521825691
16156,11.691581295676826
16157,16.00567424903573
16158,18.45929821974597
16159,12.533504785939032
16160,15.960314415920099
16161,18.07961762553684
16162,14.651232772030966
16163,17.107583624142308
16164,16.51746352023662
16165,13.182951582103348
16166,14.617819759638175
16167,12.197683909530234
16168,14.710231458260326
16169,19.432272783535854
16170,20.109713191704692
16171,17.650205007364715
16172,19.65330020584703
16173,16.498265863414396
16174,18.236257851479706
16175,13.676215511097487
16176,15.849723196567199
16177,11.202387912363292
16178,13.070220444517489
16179,18.44906805603737
16180,16.317598920225166
16181,18.346075031215147
16182,18.426754882011686
16183,18.63868879226426
16184,19.043900266797394
16185,17.95132940083797
16186,17.605276479491412
16187,10.027726423028454
16188,17.15173066143669
16189,13.090491188923085
16190,15.730997315442906
16191,20.637086896774157
16192,14.822396830915254
16193,13.15984314684842
16194,12.22419327721655
16195,18.16799381757721
16196,18.209135872138596
16197,13.682709467904417
16198,18.17449348960689
16199,11.95659443429265
16200,12.19625473806864
16201,16.6975538306406
16202,19.462717763202203
16203,13.634315306275646
16204,7.915729933491038
16205,14.705153148995045
16206,15.33569637440617
16207,12.39930980927953
16208,21.76596737753
16209,12.794177792520191
16210,13.952252266719466
16211,19.102229940033894
16212,16.262627568638838
16213,12.333876860827278
16214,12.409873694817954
16215,14.768137390743306
16216,9.29152226828709
16217,15.330681305119784
16218,18.66125901915275
16219,19.46547624591117
16220,15.878855468277845
16221,13.296012190812233
16222,15.049466448944308
16223,17.267547696408045
16224,20.272435240969962
16225,13.876574919164392
16226,20.302515890806834
16227,12.615199301105156
16228,15.36209601412882
16229,19.324712835944915
16230,21.476456057536776
16231,11.76583403913218
16232,13.21598651542652
16233,13.568198017808403
16234,19.042995306726624
16235,17.6136482272015
16236,12.971538855079649
16237,13.186876647935076
16238,11.860658446534453
16239,13.186678071519442
16240,13.450390204972203
16241,16.178900961117375
16242,17.852369125938758
16243,12.52771530645848
16244,18.070412763582755
16245,18.635690086450523
16246,18.08794897820735
16247,16.183401896855596
16248,11.691291561838147
16249,19.190185515928533
16250,9.315588752881407
16251,17.51336269032698
16252,15.062808982605805
16253,18.040531804011646
16254,15.065214926500445
16255,10.790887843093728
16256,12.522987360773083
16257,18.53593877672638
16258,16.123815001377412
16259,22.730833330929254
16260,14.3669417688548
16261,14.060182092859325
16262,12.473068020139674
16263,17.391085748815954
16264,20.624586784911276
16265,23.236715853639097
16266,14.48705425103746
16267,10.503959577862501
16268,15.33847027196856
16269,11.203548845452957
16270,22.948901642441804
16271,20.714619917985516
16272,15.478545446653198
16273,17.68031778794283
16274,10.531441486184725
16275,18.077776390049937
16276,13.29031379167636
16277,17.83606799495498
16278,16.3945279638132
16279,12.432905660904455
16280,15.10510278886862
16281,14.278392415289503
16282,18.11862564518714
16283,6.838556906629453
16284,15.250847569284735
16285,18.73244919739294
16286,13.477444764488482
16287,17.945385369968186
16288,12.502360691661934
16289,12.25619630358427
16290,10.239866933572051
16291,15.644458681486604
16292,10.64554065672533
16293,15.878068392551093
16294,12.710979517317927
16295,21.09840966856653
16296,19.199017036422873
16297,10.365142243549306
16298,12.48229377387738
16299,19.711531407838567
16300,12.414694854052005
16301,8.58010885177948
16302,15.457099977822896
16303,8.154316464060596
16304,17.11902915840966
16305,15.334242234889391
16306,16.283399715048514
16307,11.702617271006226
16308,12.823057853134827
16309,16.927893325512727
16310,12.197555258559692
16311,18.910740622902825
16312,15.705545917192094
16313,15.919533468992416
16314,10.939142008434748
16315,14.219492846701819
16316,16.826048720430215
16317,14.471461362111047
16318,15.219822907267137
16319,15.935704843398389
16320,13.10758820163187
16321,17.375650679095685
16322,20.013116528832548
16323,7.230723860112958
16324,12.721071933856592
16325,16.941434676088004
16326,11.38561738701073
16327,15.766195468408759
16328,14.814048654438007
16329,18.89976187988416
16330,14.558362477990022
16331,15.545138300407567
16332,11.963585236159826
16333,16.646733062281083
16334,16.902549187145667
16335,14.865383983999585
16336,13.214076549429505
16337,15.733894667329855
16338,9.759161715528814
16339,17.13425897152476
16340,19.501159504235016
16341,12.600928707987716
16342,18.649623727833823
16343,11.378569792269474
16344,14.730036279160949
16345,12.119685828297282
16346,16.035046453301184
16347,16.961819755675226
16348,12.905471377547084
16349,20.33082062368636
16350,10.802054517034517
16351,15.242729506715147
16352,16.152268674815645
16353,11.599540585365478
16354,16.803433621032152
16355,16.108396351859483
16356,15.992384520432886
16357,11.67040655817017
16358,18.705694537949853
16359,14.452370278741444
16360,12.437577359422814
16361,9.779100669279345
16362,18.094310577269468
16363,17.373953888724685
16364,18.354249447854
16365,12.095354394948313
16366,17.627097629355774
16367,14.785727665965247
16368,18.19908098939848
16369,13.259102466057811
16370,11.665893895569209
16371,12.726296346972164
16372,21.32924553389104
16373,17.305238010209326
16374,14.872875386657912
16375,21.784753136404166
16376,19.083787101942555
16377,14.81967130922144
16378,11.169652490387758
16379,5.853247041467883
16380,8.616066081642877
16381,23.858310801156463
16382,15.094130811715019
16383,16.849056707268392
16384,14.006791686580645
16385,17.486886632506582
16386,17.4967450076508
16387,12.72101177565585
16388,13.500285225081644
16389,12.578047232504574
16390,15.801841764905275
16391,16.864771125862667
16392,15.72520174853871
16393,15.03258321812135
16394,12.961619355458915
16395,10.370535822150487
16396,14.922626701719762
16397,18.08757834221002
16398,18.205474210207576
16399,15.573624388644424
16400,13.903983285763488
16401,16.690619556289068
16402,20.164448528358196
16403,16.367667119775167
16404,15.395118997137782
16405,17.27734546945395
16406,11.444384667325906
16407,13.88625629152336
16408,16.53489838799988
16409,12.220428850777132
16410,16.776803013283125
16411,14.721489075896116
16412,18.369939060613348
16413,15.733870958401317
16414,19.458957912270492
16415,11.30732223390902
16416,11.532417479632837
16417,16.11079588290293
16418,15.833911613745359
16419,15.844707706089098
16420,14.633504207331404
16421,15.574807017627762
16422,16.142836508731868
16423,10.302752262081588
16424,16.7467630715639
16425,15.934898925833286
16426,21.594768273257078
16427,13.364510740751772
16428,14.40134888465611
16429,13.673841963766952
16430,15.091216343261962
16431,18.348128319100745
16432,12.807613883062572
16433,12.119236939217995
16434,20.146448292014995
16435,20.474179327609328
16436,10.866853281551894
16437,15.874035157492917
16438,18.908724618173785
16439,15.347698827500588
16440,16.139564423918053
16441,16.50954655961942
16442,8.91944611544605
16443,20.39773190095189
16444,18.465429970528497
16445,12.912378083511978
16446,11.26772583398173
16447,12.596813140011966
16448,21.467476101035494
16449,16.474543207711676
16450,18.8247545347236
16451,16.60735354903622
16452,11.759272626128334
16453,10.971598745641622
16454,14.080288513957584
16455,13.638009557829175
16456,13.4673635838115
16457,12.968629043880782
16458,14.608843856058046
16459,14.020953801014821
16460,18.080777923433757
16461,14.452655755100917
16462,15.97952093719495
16463,12.515564974017192
16464,16.41785280501633
16465,21.41220177082173
16466,17.718336443227127
16467,12.0739141417357
16468,11.335456397849903
16469,16.989903779293346
16470,17.711228142149004
16471,14.302442556146431
16472,20.84351104989542
16473,17.40145796031183
16474,11.783366320900274
16475,16.257099296365844
16476,14.992875326484347
16477,16.183763097467814
16478,16.165838628223472
16479,9.8272836176522
16480,16.52354733624084
16481,12.32267993664533
16482,18.226857769422978
16483,10.594550913772785
16484,20.691651568648908
16485,15.362045366307322
16486,15.871112887569902
16487,12.501632518005122
16488,14.814388720495366
16489,19.006822605697455
16490,20.569359808427453
16491,12.48749511861002
16492,12.725145569284024
16493,10.947311809593499
16494,17.857131711783882
16495,15.740728210586308
16496,13.052868936757301
16497,15.133555495698989
16498,11.071167672345412
16499,21.044958972012275
16500,10.83007955715495
16501,16.556672805397756
16502,10.988772722625685
16503,17.848563909015258
16504,17.52210688684117
16505,11.196837793675474
16506,13.411993044025621
16507,19.6511911169037
16508,14.14709458485661
16509,14.65019659893529
16510,17.638363695649748
16511,17.839197281255778
16512,15.845696671201246
16513,15.623279698423485
16514,17.288425311936393
16515,18.675717963926694
16516,15.195718377243075
16517,18.652252004907922
16518,19.406909338058497
16519,19.173672240985674
16520,21.837454929618463
16521,14.146590714018805
16522,7.676841990871771
16523,14.641026637991947
16524,15.82525261350158
16525,15.023928380479296
16526,13.192304950527577
16527,8.230016414685966
16528,15.000257728555848
16529,11.71832235525395
16530,12.694103503754931
16531,17.08407230606581
16532,15.47497354723348
16533,20.790241977538905
16534,15.688577185035026
16535,16.31067948820301
16536,18.396687687604437
16537,17.71706757495148
16538,10.192576227956842
16539,16.774997064036018
16540,14.354362631263854
16541,16.478418820647253
16542,16.65791503979596
16543,14.635756891200831
16544,14.129189519565198
16545,12.014509553298932
16546,11.677663354905173
16547,13.350316171482143
16548,19.056908744453892
16549,17.43702378539073
16550,13.118595488548822
16551,17.552790816254422
16552,13.906179447501222
16553,11.26524156601764
16554,21.167177571076508
16555,18.629913074295327
16556,19.91036499660261
16557,13.918721577115765
16558,16.17481738302993
16559,15.933664303163477
16560,9.515531921611611
16561,14.398721673253895
16562,15.52797023263512
16563,13.375975633860255
16564,20.15642127634259
16565,16.928986102453248
16566,12.434508162918902
16567,20.87545567746541
16568,19.246548505357584
16569,11.329346897840432
16570,12.873794272435063
16571,10.005045353109724
16572,16.891597175467663
16573,12.942416140159239
16574,18.40729907379254
16575,18.386737739905737
16576,16.47247851309558
16577,14.331931184761057
16578,19.803537223824833
16579,15.941662814259612
16580,19.757487342572805
16581,18.134217880979275
16582,13.579837734263467
16583,9.887587599783096
16584,18.47143273271117
16585,17.764622156055754
16586,14.470487347361075
16587,12.844688756461203
16588,7.399019487220294
16589,13.487735653991917
16590,18.886861131375657
16591,13.176677919144254
16592,21.5052131844838
16593,15.280947281391656
16594,19.838065662031365
16595,20.667464672024508
16596,18.981895349298988
16597,15.853689463137387
16598,10.3907344184672
16599,14.832304281930671
16600,18.216503544970166
16601,17.410642270031328
16602,13.582982088348498
16603,16.45377754872965
16604,17.721336515137168
16605,14.87303896506016
16606,12.031373272119398
16607,14.7090978856714
16608,19.428168535806975
16609,12.5458832167674
16610,17.780365528525742
16611,14.847004637023668
16612,13.380567920802592
16613,18.545499873971693
16614,16.266874258129032
16615,14.526600711212792
16616,13.48469270298717
16617,10.850641569649781
16618,18.88458758892039
16619,15.515917323101622
16620,15.55450122218703
16621,14.176902691516444
16622,12.81339916191328
16623,20.070672857097954
16624,12.773298769951172
16625,11.265841092282564
16626,11.783176348900408
16627,15.079939759655836
16628,12.845027228236622
16629,10.045563328753957
16630,18.394768418230758
16631,15.124709156720243
16632,12.032152481426102
16633,13.72944169545677
16634,16.204913383911336
16635,14.049027538079809
16636,13.869811086246463
16637,9.385600636357577
16638,5.559440245060177
16639,14.27344808526826
16640,14.339157984670104
16641,19.382373735689676
16642,18.33787836525355
16643,22.105972800727766
16644,18.20348823361841
16645,18.85653311487378
16646,8.909458463817913
16647,12.447713979862083
16648,12.222119960606504
16649,18.428779074026593
16650,16.35729542252621
16651,9.96513701637737
16652,13.62431701797553
16653,16.48514568475139
16654,21.21797135718406
16655,19.049201330764014
16656,13.992953645248182
16657,15.775940361501823
16658,12.656572105841583
16659,15.53367845816122
16660,14.329845634680703
16661,7.77439005015133
16662,16.551304455826063
16663,12.39317043361057
16664,9.926474505887002
16665,13.787109252312103
16666,18.17877310096878
16667,9.857871278577456
16668,15.420704258657706
16669,14.918301399231883
16670,12.039386066746708
16671,11.720478662427062
16672,14.852170156461286
16673,17.407503822775467
16674,14.895963029903287
16675,10.873291320581007
16676,18.43046878087287
16677,15.222051877775211
16678,13.538556719637095
16679,15.419309690422029
16680,16.757989694826406
16681,17.102279807458473
16682,14.304560457265831
16683,12.362507221742103
16684,14.565917746541643
16685,13.217836506236377
16686,18.39035571196633
16687,15.231095452302656
16688,16.512187472279166
16689,15.232301481955647
16690,11.38149556460499
16691,8.265772026428534
16692,11.9094498571291
16693,13.884927016566532
16694,13.308856084607896
16695,14.798685992806623
16696,17.765953809320408
16697,18.40979975583736
16698,14.762961938936714
16699,13.815834319477009
16700,17.301774413036515
16701,13.254217364274046
16702,17.996316201113274
16703,18.853972717022092
16704,17.39502290874867
16705,14.243633965806541
16706,13.312532429276757
16707,14.67537945388272
16708,14.556141772118059
16709,14.240635997108692
16710,16.94636275706922
16711,12.78264610606759
16712,12.599447650681672
16713,18.141480875506545
16714,17.07376670399305
16715,14.921654706854175
16716,19.557291669413775
16717,17.752440714907618
16718,12.718139560643614
16719,19.505595541124585
16720,17.618437100728443
16721,13.34891390221276
16722,14.530077766311077
16723,16.121269948959227
16724,13.308026972906607
16725,11.105432296849866
16726,14.163373649790408
16727,18.20390343505297
16728,10.047687523541573
16729,16.13803294629235
16730,12.810436986290469
16731,17.046362175116553
16732,21.30734100210166
16733,9.192554152941069
16734,19.128970113017026
16735,18.030991535205406
16736,11.756592261932163
16737,19.272452235274848
16738,18.0173969832628
16739,8.568390296447737
16740,19.87776155596017
16741,12.377533236871411
16742,17.59109401521761
16743,13.978963028474134
16744,10.073057158840445
16745,16.022308986369662
16746,17.483756265594184
16747,20.947359664890342
16748,16.667080092523396
16749,13.084353939055337
16750,13.339209520625447
16751,17.699243571562832
16752,17.278658921804094
16753,14.00977761715304
16754,17.315956429980957
16755,18.00953778196184
16756,15.774605996963576
16757,16.055855151801538
16758,17.81956211904828
16759,14.776014415443454
16760,12.97008282170258
16761,15.605781054875196
16762,18.87806546277251
16763,9.510969955708202
16764,17.06146310047721
16765,18.199286658887488
16766,18.15398742545608
16767,15.585976489476701
16768,15.375110940884587
16769,9.605666603502863
16770,14.985515680369145
16771,17.601442193079723
16772,15.178907225908668
16773,14.60782831031594
16774,19.80962379094261
16775,19.61649648736189
16776,12.71365255622902
16777,14.320000649878871
16778,19.226578905006004
16779,18.07638279335698
16780,13.5911396470767
16781,13.376772680719455
16782,16.31506872595721
16783,16.334068343064253
16784,14.887066259836896
16785,17.351414411693085
16786,17.284483530790702
16787,15.821783659021017
16788,17.434234677162742
16789,14.603921673694208
16790,19.112847374471936
16791,16.2896176669281
16792,17.601163954051465
16793,12.071468401700665
16794,13.349255728091235
16795,20.74882767221355
16796,18.319933290674186
16797,15.302520921565222
16798,12.116572019178525
16799,17.069114355490147
16800,22.61353647813283
16801,20.60644895421829
16802,15.298622772482217
16803,16.590610413914085
16804,15.49882189061027
16805,6.139532802269088
16806,14.45156219914417
16807,19.019606345658403
16808,17.506264201243525
16809,15.819637947993728
16810,10.724772892375452
16811,15.459573652929247
16812,10.976944473891649
16813,16.623070014173663
16814,12.074368442188048
16815,12.372579079290492
16816,11.557518048520917
16817,12.851626379707668
16818,18.896430319016574
16819,11.927820471170612
16820,19.0059794179894
16821,9.745521356901769
16822,11.80514186709007
16823,14.661380708711706
16824,18.377541903992572
16825,14.462728906528545
16826,13.059776392808914
16827,14.335634699500908
16828,14.37454750441135
16829,16.45547750221474
16830,9.82858543359714
16831,17.766910297230176
16832,14.749905224206028
16833,13.559252399118266
16834,14.382280421555908
16835,16.088005554778764
16836,17.183254408669722
16837,13.665314233996188
16838,19.00641517042136
16839,20.488320204674988
16840,17.275702673026608
16841,12.784417463914941
16842,17.73638225238104
16843,17.15653545868542
16844,23.319601975736326
16845,15.133903020130116
16846,13.283336222306882
16847,15.118098885512493
16848,13.873310680319499
16849,15.592333945592245
16850,15.026505528848933
16851,12.4269353759613
16852,14.52349756652187
16853,16.428326274150113
16854,13.939076014156443
16855,15.804636518361935
16856,15.454316129031865
16857,12.887181677711768
16858,12.112695348596201
16859,20.157923212393676
16860,17.487865255839566
16861,16.52708630847666
16862,11.70791753791995
16863,19.218359120279178
16864,17.359304081660973
16865,12.99199656152982
16866,15.961301215657226
16867,19.115916674682246
16868,11.68090183786067
16869,17.901668155877527
16870,14.723282234150956
16871,18.140967273732482
16872,8.808209604901297
16873,16.25919572559801
16874,12.785566327950356
16875,16.474904002163857
16876,16.057026282841225
16877,17.387261470343347
16878,14.247434671869023
16879,14.084254767012867
16880,12.57166419779641
16881,15.661894457904646
16882,12.813308041805902
16883,16.53647996355388
16884,20.35933800312936
16885,17.152613610249716
16886,14.52916380958033
16887,22.989223271549648
16888,16.111166086582
16889,17.550644178121168
16890,18.232794849253153
16891,18.575573666327035
16892,17.445083116004103
16893,11.288459166571975
16894,13.636378425523686
16895,17.51233828443889
16896,9.955141983245653
16897,14.08529958919329
16898,18.19791310179646
16899,15.404525674991177
16900,14.3404867118733
16901,15.685687542788129
16902,13.791079456302665
16903,13.288352038931777
16904,12.112649616789234
16905,13.964569769094723
16906,12.510783207274708
16907,18.883061648123086
16908,16.055083344055316
16909,18.855477895016936
16910,13.231995376811549
16911,14.291376184930566
16912,15.724500543188192
16913,17.263109397861417
16914,12.84606411771517
16915,15.185801772377612
16916,16.154985848140193
16917,13.38460468978996
16918,17.188481759879405
16919,15.371141974998595
16920,17.491267496374878
16921,14.199193137863304
16922,13.923684761541905
16923,15.935591734081035
16924,14.254060913044734
16925,16.91690854425292
16926,12.667653744855228
16927,16.373261251689083
16928,20.80610849908902
16929,10.598434993416777
16930,15.06395463996767
16931,15.466692416122664
16932,16.747947634404163
16933,15.834701288843538
16934,16.129021239077357
16935,9.782314226328193
16936,12.517145113695769
16937,13.626882353462463
16938,15.482415367780202
16939,17.627351242406363
16940,19.749710882561615
16941,12.015604493778488
16942,18.227554844655536
16943,14.913019774838572
16944,11.285203713879042
16945,22.646364886633123
16946,17.070475142982723
16947,20.948158583740955
16948,13.680591162516937
16949,17.691195092121383
16950,13.29075265855473
16951,7.734528261716221
16952,14.157917509597885
16953,14.948714958550344
16954,16.160279449996978
16955,10.376205685742564
16956,9.552688325647615
16957,13.348340848300827
16958,13.775658366834538
16959,13.675160565276425
16960,15.02597243880002
16961,14.023360693690801
16962,14.216786869744782
16963,14.800157620824795
16964,14.4123754056237
16965,6.854242381242571
16966,14.35374464933833
16967,14.075550695479519
16968,17.393273209582663
16969,14.743759178240518
16970,13.412901667974564
16971,18.995300158492174
16972,12.47755084328497
16973,16.13896225753949
16974,13.02400642598597
16975,11.431002508260558
16976,13.959209720210643
16977,15.961366264019045
16978,8.898559323107882
16979,10.648589084839088
16980,20.656561886327932
16981,19.8060803389271
16982,12.321208708684685
16983,15.619452256847621
16984,13.527378225461645
16985,11.969633944477804
16986,16.742570731024024
16987,16.8026922214817
16988,19.095847101920924
16989,17.937954634184344
16990,16.59275180126922
16991,10.750040288690485
16992,14.02709186062928
16993,21.41285221753376
16994,16.061268206265524
16995,17.290843636042105
16996,13.612413237364269
16997,15.049096376733397
16998,14.902101782861239
16999,20.684782831929873
17000,14.726498063145273
17001,20.569843091346698
17002,9.942706682009828
17003,16.139079413631816
17004,16.888132864508968
17005,12.496305002640053
17006,9.932096985873391
17007,15.395000086030814
17008,13.392618859449328
17009,16.43210164041895
17010,21.44402364893686
17011,13.53606557047288
17012,15.41981597543477
17013,16.106833674030742
17014,11.761878259259074
17015,16.646343981357845
17016,10.914766506792446
17017,13.951951128594093
17018,14.504997120458494
17019,16.686158100667985
17020,18.806384936972137
17021,17.541066898875485
17022,17.684531850962998
17023,16.070833248414004
17024,24.274756559302364
17025,15.839707293795383
17026,12.913391242469377
17027,16.472771271267046
17028,12.77236794716086
17029,16.851718320781803
17030,15.249159456983458
17031,14.215235498129577
17032,12.454989158837542
17033,17.446399063976738
17034,15.387939185429358
17035,13.4173970116515
17036,18.82889364290159
17037,15.524514110308164
17038,16.19730723742634
17039,17.795438388133594
17040,14.722963490195593
17041,12.423110658689774
17042,13.302293275607756
17043,14.597011699215338
17044,17.56480551994875
17045,17.93767863746842
17046,15.204120880056257
17047,9.680282369541013
17048,13.452542707294155
17049,17.493631619123814
17050,14.526432627334257
17051,17.620436939841866
17052,13.2461004984658
17053,19.777698329362813
17054,12.239303916673792
17055,15.52089266849064
17056,17.710241103631343
17057,7.595870750235851
17058,10.831025675385538
17059,14.859489415709128
17060,21.154049072740623
17061,14.963312516636826
17062,16.771200614803575
17063,15.114700111492233
17064,16.881853767498455
17065,16.80571428564275
17066,15.428474959656189
17067,13.973360762048102
17068,9.554918791384752
17069,11.995675363350003
17070,14.387673014053755
17071,11.856894186943586
17072,7.893485228949903
17073,18.762812333456342
17074,15.806739717206945
17075,15.118198290312385
17076,17.630040974778453
17077,10.519004375505972
17078,11.614121217714313
17079,18.637948557621648
17080,14.822772768651424
17081,14.795902137976954
17082,18.86950104733243
17083,17.423954147407734
17084,16.75771412416854
17085,11.57346965817007
17086,11.833878955156681
17087,14.331088145436937
17088,21.545668871714717
17089,13.439374673836708
17090,17.526479704166576
17091,15.92740814475296
17092,8.404461062873848
17093,10.3338548725661
17094,18.84219760595949
17095,20.235803222154633
17096,9.98548692929663
17097,14.53856371097845
17098,17.770106836321837
17099,12.71784146291808
17100,14.556421785739422
17101,12.94191346011661
17102,12.823643650232533
17103,14.156484184419938
17104,20.69124016334273
17105,17.445059064850685
17106,13.610645439238253
17107,16.58367986487044
17108,14.608483778279124
17109,13.60361064446898
17110,16.54974656686043
17111,11.07768374544881
17112,17.949524145423382
17113,10.501614939288565
17114,14.242819808415208
17115,16.317663012927625
17116,14.678490681757008
17117,17.760727989733084
17118,17.96846808503092
17119,16.12650732307811
17120,8.721638807620877
17121,12.742816271346618
17122,15.099939832047436
17123,14.264057119449133
17124,22.401742525278813
17125,11.041493686347224
17126,13.687979114009384
17127,15.524521427915134
17128,17.152950973696107
17129,16.814042075582098
17130,22.9990964116516
17131,16.96363237503653
17132,11.840386982491463
17133,10.705464380874385
17134,9.73092622225031
17135,16.756166707429493
17136,14.95875274912122
17137,16.080086222190044
17138,15.237960868510593
17139,9.493298001751766
17140,12.394656845626987
17141,14.846830539358065
17142,10.790137969446697
17143,17.120498017066332
17144,13.514186165327963
17145,11.926328175370402
17146,11.88621541226809
17147,14.993781351665103
17148,15.330102287866303
17149,15.776097245024486
17150,15.529179065645106
17151,17.02507473729536
17152,12.985255272906628
17153,16.579349177589563
17154,11.334421052848434
17155,14.967342637129159
17156,17.682072634551332
17157,14.339080045040406
17158,12.128105020775838
17159,20.065204490676813
17160,10.63547994680367
17161,17.118279093634232
17162,11.341574952663361
17163,17.58464390091757
17164,14.038753116632249
17165,16.623040860799385
17166,12.46929328505324
17167,15.245006638502744
17168,10.405194605070601
17169,17.95375593121853
17170,16.421254994506235
17171,15.70670009015862
17172,10.558748703116136
17173,18.108165357447945
17174,15.419837248138439
17175,13.441608611769254
17176,14.88765458829409
17177,10.395960388698477
17178,14.887934387688386
17179,20.432392455505532
17180,16.47293148471019
17181,16.799211224834373
17182,19.640308297801404
17183,20.216975487908133
17184,16.969172088217956
17185,18.402032621488036
17186,11.461836744751569
17187,13.556465467940173
17188,10.873717315347752
17189,13.183966316689844
17190,17.189858518838655
17191,16.536593145122012
17192,15.060341885472528
17193,21.60956607816735
17194,16.26330254311619
17195,16.467065263289868
17196,16.532897577632788
17197,12.606246671803271
17198,15.130460242617609
17199,15.164989556084928
17200,12.424656827527931
17201,12.333017958725183
17202,12.114520211853954
17203,13.620175222784768
17204,12.815827547732395
17205,19.569204940644696
17206,17.72069623103469
17207,20.24025017349333
17208,18.138033323334344
17209,12.136772435312663
17210,13.104162997075319
17211,17.57496038424113
17212,13.724526389251944
17213,15.514183546372434
17214,19.021331660485846
17215,20.47713142340796
17216,19.012921287132322
17217,12.075405290709611
17218,16.31005822764951
17219,16.93289569351983
17220,17.90448691943115
17221,13.63129500126793
17222,19.67128185993206
17223,19.042784911702903
17224,16.300405738977314
17225,15.189469252755774
17226,13.044967303042752
17227,17.441778386686906
17228,15.882209363995525
17229,13.481215701477348
17230,16.475112743509893
17231,20.393410459600183
17232,17.91733986776332
17233,15.743180534340462
17234,17.233962357531837
17235,14.887427374291377
17236,15.239509066531216
17237,15.037973321701656
17238,15.79919311809883
17239,13.505238067550412
17240,13.931282166884053
17241,11.15083433651801
17242,14.01177615639171
17243,13.411324115594816
17244,20.34718625945385
17245,13.71026502327775
17246,18.164526544975118
17247,13.377844939501475
17248,16.493570049095766
17249,13.329881257279036
17250,15.60027667221601
17251,9.83125690640885
17252,9.670710764180413
17253,16.227623010748882
17254,17.321809062143654
17255,14.781354056473972
17256,13.829834358685378
17257,19.236191104283296
17258,13.327090119766016
17259,15.461797656269566
17260,12.617347203749247
17261,7.860064465630674
17262,11.171842260774566
17263,15.733294341614373
17264,18.279940759565473
17265,12.950433147029386
17266,14.892138286508462
17267,21.590865980627925
17268,12.64539612018494
17269,16.493900407913603
17270,14.343500031962716
17271,13.591373942846872
17272,15.77746962417745
17273,15.723946150069708
17274,13.101127923187045
17275,15.657751624786748
17276,20.468193271627058
17277,12.190863627042711
17278,18.09719172322042
17279,11.404909345900323
17280,15.371145590062518
17281,18.722320575282737
17282,11.068851043241516
17283,14.310377613615822
17284,8.561885929593215
17285,18.27213036119061
17286,10.932983033765831
17287,19.37684019824635
17288,12.870322925053179
17289,12.315906520877448
17290,10.479088696032452
17291,12.335856350770703
17292,10.46804802238096
17293,16.776988525026493
17294,8.626621337813198
17295,13.458890423699092
17296,14.4831938080492
17297,16.266142007203158
17298,16.611286953007994
17299,17.832705718567162
17300,10.466736103072831
17301,16.046874543341545
17302,19.343438296235707
17303,13.919457439576092
17304,15.806400030163642
17305,17.67902719728551
17306,13.843482410287574
17307,17.19096349857028
17308,12.255097907731091
17309,14.577406503985955
17310,17.571050467511196
17311,17.227852964664837
17312,18.564602554063953
17313,11.32046709677772
17314,12.391110322597715
17315,18.219947042200104
17316,17.768651655543373
17317,13.052535512084091
17318,12.508815100894802
17319,19.42289676811991
17320,20.40824789340458
17321,17.931391514836605
17322,15.824422837068294
17323,14.802597339247045
17324,13.474486855667287
17325,13.578462358994097
17326,15.894765986923506
17327,17.49776882648995
17328,13.675719282558262
17329,12.122683330238077
17330,13.978955257093347
17331,12.146746384957778
17332,20.985074618374387
17333,14.96012321049454
17334,16.26809004201687
17335,16.063446875760295
17336,16.54025804136809
17337,18.582653432696354
17338,14.743674987108466
17339,9.244832028250546
17340,14.212939730936348
17341,18.21735073387475
17342,10.607765541472991
17343,13.280804397869243
17344,12.33565702149528
17345,16.818481285501456
17346,16.541565369837635
17347,17.57063899772802
17348,10.218285958733887
17349,19.075002645668725
17350,13.93275187500455
17351,16.525450904185934
17352,17.62639255634173
17353,17.71743636111681
17354,17.178389845892653
17355,16.804262795866215
17356,13.729597026812034
17357,15.618814968583456
17358,15.842277937404248
17359,16.751483665245434
17360,10.396009898952052
17361,12.280497211919172
17362,14.076252095724367
17363,19.742288828004362
17364,19.653856615953586
17365,10.695891561119765
17366,12.456402171079848
17367,20.86568036187216
17368,12.771065079371391
17369,8.337198334186589
17370,14.435945881406473
17371,12.9947809555931
17372,13.836092139634774
17373,14.051257779936886
17374,13.492054457036193
17375,13.149596516418557
17376,16.647335104038365
17377,15.036521360000553
17378,17.453134173347454
17379,19.75865232662567
17380,17.85996772060916
17381,19.283241032414814
17382,13.24999253572702
17383,12.791980536462667
17384,13.304399246535272
17385,14.554536323842754
17386,13.382858941989689
17387,16.406902910505426
17388,13.605291584398271
17389,5.847346784563879
17390,17.651563971773786
17391,18.250256091959617
17392,20.402393587059585
17393,15.41686834907235
17394,11.853066366919556
17395,16.23427920635641
17396,15.814146291479762
17397,13.363259277212514
17398,11.162192588731358
17399,16.48646388461561
17400,17.230460613264853
17401,11.547249806005226
17402,17.17001096623324
17403,8.656264509565991
17404,16.1546065108247
17405,15.733825543904368
17406,15.58122754277214
17407,17.45748978725594
17408,20.324984932754152
17409,16.801832320413883
17410,11.067909215808314
17411,19.67243257925585
17412,12.62375646986131
17413,21.27306123114985
17414,16.27735617665545
17415,10.761895403171259
17416,15.888173809007476
17417,14.464185182358506
17418,14.096417761356658
17419,17.818288435798486
17420,16.959176961683323
17421,20.24575592871759
17422,20.555639243500423
17423,18.831439243196584
17424,17.006015953671472
17425,17.647757535170236
17426,13.004870450519585
17427,18.07183501873051
17428,10.464497092934163
17429,16.426355967201207
17430,14.384212223857386
17431,12.845680401252348
17432,14.102809642749904
17433,12.18649574480147
17434,12.776119249931305
17435,16.42232249284607
17436,8.145524026914973
17437,11.754635102051198
17438,13.315283937705253
17439,12.63736645432673
17440,12.227729231434186
17441,15.543736993598781
17442,13.158765218908261
17443,14.359125166853255
17444,17.435950946671735
17445,12.601564675617215
17446,17.5997468525798
17447,15.954447357265853
17448,12.205188036745843
17449,12.386751761145192
17450,16.122919987083648
17451,9.699734254943522
17452,8.096973485011684
17453,21.04652043908579
17454,12.684258591734512
17455,20.07219138207497
17456,13.350965284894484
17457,16.483399245906657
17458,13.957477251196151
17459,16.173797302521567
17460,14.594946683984562
17461,13.631179162011223
17462,11.579206745196036
17463,10.308748024599677
17464,14.75836866844556
17465,16.8861651597246
17466,5.515881779425486
17467,18.851522022913322
17468,13.948427552666143
17469,13.688185088448078
17470,11.163244812250719
17471,11.694754749774619
17472,19.147713709791873
17473,18.491912562224794
17474,18.101675439146934
17475,23.196653425415064
17476,15.81882578314399
17477,15.911473000054908
17478,15.203951752444743
17479,16.177224897180977
17480,13.194467730233452
17481,11.04267432025237
17482,13.125161250352267
17483,14.767417309571242
17484,13.14185607825177
17485,16.534992592833724
17486,17.199060083550844
17487,19.65560345587803
17488,18.35413162117945
17489,17.947026004657218
17490,20.774408778206485
17491,13.231509907854646
17492,20.115575362052482
17493,12.459291499913494
17494,23.67328685762174
17495,17.063586925098388
17496,18.816451643688286
17497,18.10270720982982
17498,14.04073325784567
17499,14.981032061474478
17500,13.916980749775796
17501,17.020799333693496
17502,12.949526265463135
17503,14.54698202353863
17504,10.933214508872826
17505,16.691265168372624
17506,19.61964094047957
17507,20.159353105633798
17508,15.369959652494884
17509,14.079388555524687
17510,17.62899939965271
17511,14.248423216857184
17512,15.725110275656117
17513,13.473349763488322
17514,11.686910810442853
17515,13.140159714557571
17516,14.732002433247299
17517,9.332758030290456
17518,13.101306331095955
17519,15.062678349236561
17520,15.695358014778536
17521,11.862812715871096
17522,16.161731999674082
17523,21.221698866660233
17524,15.325951207278893
17525,12.59182492378956
17526,11.292003672561112
17527,19.675016987874887
17528,12.466324889764154
17529,19.537631662239917
17530,21.791997305071927
17531,15.235253061765217
17532,16.114354315244782
17533,13.015680578398177
17534,12.394549474499222
17535,17.290537876669678
17536,17.26774487307878
17537,16.3328135514017
17538,18.450928047029073
17539,10.6059872939425
17540,15.316834977312832
17541,16.96395316101493
17542,10.14218069281997
17543,16.325922237863203
17544,21.705374446736563
17545,15.724585648698199
17546,18.534288392068802
17547,13.271271887532187
17548,19.469130285815066
17549,14.850245450286392
17550,16.340530547600828
17551,15.756033435734595
17552,12.790245946114966
17553,10.286125093145774
17554,18.113587553911806
17555,17.608846298746933
17556,14.90184919455759
17557,13.561181434899616
17558,13.009729253296818
17559,12.324752500693148
17560,15.440813586114098
17561,14.862514770749872
17562,14.008979090747703
17563,15.420036662453708
17564,12.406561689724327
17565,12.749804953708754
17566,21.460350855012834
17567,17.966330864900222
17568,16.118779895761588
17569,17.70233972733658
17570,18.246971289379335
17571,16.706167746029756
17572,12.026020044099525
17573,13.090621214248987
17574,11.495743530465262
17575,15.372032785649708
17576,13.21446138304612
17577,13.875242081387684
17578,11.714252995057647
17579,10.949958869211976
17580,15.751793569005386
17581,13.083691748243979
17582,15.683258387382516
17583,14.681817360665748
17584,19.491037540332385
17585,10.440471851215824
17586,15.083424944825474
17587,14.126092343517486
17588,10.241309501082851
17589,12.385361182182953
17590,23.433280024791326
17591,15.286553133097115
17592,21.553398656091183
17593,18.41022617253987
17594,17.459132725294175
17595,16.286269097264046
17596,12.90236825802413
17597,15.09846499560958
17598,20.200886726350664
17599,20.781534582040628
17600,16.052377431980062
17601,18.616616380187185
17602,15.38374276248777
17603,16.19917771362225
17604,12.036661817421281
17605,14.984425113127791
17606,14.428403608666319
17607,14.979707014892215
17608,21.029169711129192
17609,18.456703914915643
17610,15.26728610101872
17611,17.34220010687335
17612,13.441170671716076
17613,15.826380070172787
17614,13.103704262933059
17615,20.312159332782528
17616,11.088004118670051
17617,15.29927200924689
17618,13.819458347554454
17619,15.042922936000375
17620,19.470068411254612
17621,11.788245902401197
17622,8.101327547791097
17623,15.781031747967694
17624,15.798944696426892
17625,14.266079904030601
17626,12.446887551979872
17627,13.505437596040945
17628,13.218532287189722
17629,15.958240013975251
17630,20.52125574337375
17631,12.803062180472118
17632,12.520600922225105
17633,15.736032538154477
17634,13.320712932610212
17635,18.30600659295894
17636,12.564522341883553
17637,14.359375884948216
17638,13.441710390703074
17639,11.338395714116068
17640,15.992298351722344
17641,20.36573042091714
17642,18.357504922240295
17643,13.379128165762673
17644,17.28162180032863
17645,20.985532792329344
17646,18.200461522018742
17647,13.618142315581151
17648,17.64950254992526
17649,11.891018273419448
17650,15.615958613688653
17651,15.814760360319111
17652,18.803836800458644
17653,13.78526829255524
17654,15.28053650634349
17655,21.018007572600915
17656,10.44784526511538
17657,14.634462683115395
17658,12.197707995960219
17659,12.734182806638959
17660,16.413749880240815
17661,18.006500358864805
17662,11.440568907627888
17663,19.154692955782554
17664,10.066796636765169
17665,11.815247806847035
17666,15.689945699831904
17667,19.26662416269637
17668,16.025255104356035
17669,18.893873718285924
17670,16.18318763610548
17671,17.221419464621594
17672,16.922767039340762
17673,17.860340352731022
17674,19.05207298014867
17675,17.84422487445653
17676,13.31566597998486
17677,14.482239508463342
17678,16.79925347746091
17679,18.159062855149447
17680,13.422435890988682
17681,11.274132314882277
17682,12.900200721056361
17683,13.91996564042269
17684,18.456281276415524
17685,13.442702599821168
17686,13.641537009531348
17687,10.15079843411916
17688,10.618927053677353
17689,14.17862626292639
17690,10.431944206057523
17691,14.986701847957402
17692,18.705364726710172
17693,10.940964237948975
17694,9.835669585548121
17695,12.093339504271391
17696,10.567815627018712
17697,21.268413413953162
17698,12.623522996031696
17699,12.416814556639475
17700,14.278513961569265
17701,19.338115150393964
17702,8.591527929325899
17703,12.308116620850054
17704,12.57122444045859
17705,14.07705757060105
17706,18.717293965003844
17707,17.031283980556637
17708,15.74442655468692
17709,15.611120993487292
17710,16.526487584369892
17711,16.44268066525357
17712,14.725384386808859
17713,19.811587944032333
17714,12.372484852634134
17715,15.156228940330495
17716,6.693298116940699
17717,16.633426688298787
17718,16.974598290949285
17719,10.224009517123392
17720,14.740067966253886
17721,16.230497042182503
17722,14.799563837270775
17723,12.509591845614564
17724,15.55895095639858
17725,19.09870815704078
17726,17.823981871711545
17727,16.90173336614073
17728,17.267319165826606
17729,13.49528876527482
17730,16.6715282775231
17731,17.808736963654365
17732,10.465523450133771
17733,18.77998560113739
17734,13.41120238318803
17735,9.362462728193604
17736,14.609629398633285
17737,9.368361222294416
17738,14.902241803774283
17739,17.095973857727415
17740,13.786412925227928
17741,14.123368640149824
17742,16.185506454306086
17743,12.118616380836695
17744,14.521999014434694
17745,15.212067111251537
17746,11.552369417670835
17747,17.1749074336067
17748,16.684030354556434
17749,12.2941437057775
17750,14.496735893664667
17751,7.425153246924381
17752,14.245190162787857
17753,7.902406929122824
17754,13.7971081741732
17755,14.852611863077785
17756,19.869438898428637
17757,19.080568714509837
17758,19.749207916502705
17759,20.86249516145776
17760,19.242573185301012
17761,18.64718659671628
17762,8.985656652815972
17763,12.807928891575678
17764,14.363757992065102
17765,12.163803960049691
17766,15.377273807791363
17767,20.828807382913656
17768,19.58719169140936
17769,15.159907685865534
17770,16.958056075902835
17771,12.64111599798223
17772,17.889513736721298
17773,11.273876584812676
17774,17.002048103364896
17775,13.748716845686143
17776,17.25433062613638
17777,10.945688900013689
17778,13.766150512430952
17779,15.784277738178018
17780,16.39172049624334
17781,17.823684839357572
17782,17.61128767011227
17783,11.882036121821631
17784,16.71934657740425
17785,12.703434858237689
17786,13.898589668758506
17787,14.777448410529448
17788,12.695399427786494
17789,16.650225032733655
17790,9.776312324193123
17791,18.533351264984937
17792,13.447243862219091
17793,12.621048357053594
17794,13.9542468051874
17795,14.158580854517341
17796,11.152411398245633
17797,15.760204505847424
17798,16.73028427963745
17799,18.34026975357203
17800,15.920324909405425
17801,14.436605395392217
17802,13.802899974018242
17803,18.54148616655384
17804,11.487974234441346
17805,11.553578900931337
17806,14.984155394973678
17807,16.47624547382424
17808,15.871377304741806
17809,22.205768412158232
17810,17.549459285513105
17811,14.370395087778643
17812,13.0130793296272
17813,12.839140756682102
17814,16.08880178208698
17815,10.931134699914992
17816,14.139082261215867
17817,21.937064953045027
17818,17.001520317877535
17819,17.236537218951568
17820,15.015386159646637
17821,14.040629733361639
17822,14.150749936292197
17823,16.180007351870913
17824,14.210712907540309
17825,12.853477558132756
17826,14.95449520711257
17827,17.346634554535992
17828,14.289173508855024
17829,15.15100613842678
17830,18.131590188167856
17831,16.046034926875627
17832,8.705426689754528
17833,22.35365694311699
17834,20.71367461167899
17835,14.62592042034685
17836,16.44728380420003
17837,15.98608822018819
17838,15.118227705179072
17839,11.321399827542969
17840,17.07192789703406
17841,13.022122664817289
17842,16.073971946833424
17843,14.582143694992075
17844,16.28163593772885
17845,13.08274528491501
17846,13.993642986078578
17847,19.38603677422396
17848,19.87280618732801
17849,15.38878108529337
17850,15.861114755277812
17851,12.816246825401825
17852,16.749993843848994
17853,10.436400685807286
17854,16.132477141243815
17855,20.63153058182978
17856,13.554196612478599
17857,12.555154318301591
17858,18.439388170252975
17859,17.390350134748083
17860,18.10428348328946
17861,10.82381868885619
17862,12.025449401375361
17863,18.02950977639505
17864,12.048009087412769
17865,14.054660434794519
17866,20.025230112241864
17867,10.540825552864607
17868,14.283881171210941
17869,15.279790595242263
17870,18.612078984076195
17871,11.436170038737044
17872,15.342237246746404
17873,9.665745119825681
17874,11.673034030290612
17875,17.78786661821955
17876,19.42760727924717
17877,11.768521724421909
17878,16.3354902676435
17879,16.22542244362126
17880,16.03835060696153
17881,15.16516250955696
17882,15.118787664850297
17883,11.85435275117739
17884,16.65747625670173
17885,16.71082253630462
17886,13.087100459490209
17887,13.93775062651608
17888,14.19016563254558
17889,16.891331230338523
17890,18.486149200773664
17891,15.02488524959177
17892,16.717802765064214
17893,13.866970616739534
17894,15.946306214560181
17895,16.479272459577544
17896,11.689565309049534
17897,14.664882304939436
17898,17.739833673420712
17899,19.388647779822307
17900,13.647856112122618
17901,15.334846097534156
17902,11.912003983702904
17903,14.719195327908812
17904,18.513141788736906
17905,11.800609146546847
17906,18.11964905484037
17907,16.213594556867655
17908,13.234228988175625
17909,15.029086286263166
17910,16.7462292073443
17911,15.506979358042205
17912,17.57073833319482
17913,15.532577365144823
17914,14.413031404410905
17915,15.512559632306392
17916,16.648957353972023
17917,13.779818622120594
17918,16.279006802594385
17919,13.360547375051816
17920,9.536928912080024
17921,14.347711150163459
17922,15.12891220095968
17923,13.066134668971099
17924,15.638035637822531
17925,16.80583887102511
17926,17.038866181715935
17927,16.867056535613845
17928,12.123967042040492
17929,18.546022880860825
17930,16.14734596966935
17931,19.089614365430464
17932,21.29800324531658
17933,15.592662067716175
17934,16.005636502945706
17935,16.816461622005907
17936,11.238231134495502
17937,9.437255928486698
17938,11.167739151170938
17939,16.620407430901
17940,19.958152733569015
17941,12.32123434145431
17942,19.84221023768658
17943,12.363876828116418
17944,12.776944604846895
17945,13.056260486015463
17946,13.38769470130186
17947,14.675510341485559
17948,16.480171480993768
17949,16.248513958768644
17950,16.912980323689112
17951,17.17551433459663
17952,14.418687677360852
17953,18.6806931173488
17954,18.745496507376068
17955,10.122215775923603
17956,16.63056586158291
17957,18.078982250971265
17958,16.108915510369577
17959,7.55900580137364
17960,17.345882471893457
17961,14.993117590505374
17962,16.046686840213493
17963,16.940854705397093
17964,11.599958930445258
17965,10.934153600220212
17966,13.903380270856442
17967,18.974847796525484
17968,13.055551210198619
17969,19.3981964809168
17970,14.003961670542319
17971,15.89410918712786
17972,15.678086150094106
17973,14.961206647714956
17974,16.111893810376642
17975,13.159599283550888
17976,12.840366762224786
17977,11.114156516909084
17978,14.896729417193907
17979,17.194507493926963
17980,14.004971205398009
17981,11.019529976649029
17982,21.89645251504891
17983,13.290657073691285
17984,16.407688122027356
17985,15.436991353232237
17986,13.90450758870142
17987,12.978328359670297
17988,15.485289400804273
17989,16.815079191159455
17990,13.966701827926357
17991,17.666095184320366
17992,11.695583824077938
17993,12.355186805484632
17994,10.52030666389846
17995,15.720434644502781
17996,13.514732496923129
17997,7.864447438369856
17998,14.59408188324915
17999,15.618275061881686
18000,15.13004887569789
18001,17.541814376205974
18002,16.86812152084676
18003,15.78527894820498
18004,14.228974178713084
18005,14.643449818567657
18006,21.98455030911393
18007,17.05550497502166
18008,19.358765510197326
18009,20.53372683345326
18010,17.37981731752569
18011,14.329684656599861
18012,17.432381268138812
18013,20.66237737227742
18014,13.454272215923918
18015,17.017417429727125
18016,18.700310735897066
18017,23.465522397900457
18018,15.204226774687676
18019,9.846419669594926
18020,14.652854097123988
18021,15.811322707040597
18022,15.506837748243667
18023,19.431843418244185
18024,17.553874119884203
18025,11.019854258783921
18026,18.040172776869262
18027,14.6932012181187
18028,14.89206921424336
18029,10.968861379207503
18030,14.127888169668093
18031,10.460903312991135
18032,7.681641576647638
18033,14.06623195697167
18034,15.129632584439983
18035,15.748787921491042
18036,12.749277738484448
18037,15.960663539685775
18038,21.35341366794006
18039,14.846570991286589
18040,16.993184839142405
18041,10.00064445586443
18042,16.09834315187367
18043,17.85567621359895
18044,7.072996252737044
18045,21.21909987786005
18046,19.15458404764418
18047,16.50973001183297
18048,13.54420702113056
18049,14.331389658175516
18050,17.453492648965888
18051,18.22936080127304
18052,17.275674462838506
18053,13.020793923498466
18054,19.031760434192773
18055,13.270860727845726
18056,18.738998654028894
18057,14.467971845453441
18058,11.273734110587982
18059,10.651105295962218
18060,19.35125223603165
18061,18.551434999074047
18062,20.39339188524201
18063,17.087868130143328
18064,19.219602810836257
18065,19.968646599179436
18066,7.069928839686709
18067,18.12496181180303
18068,14.146121341972176
18069,20.447238874669758
18070,12.046698765940203
18071,15.08122486587442
18072,15.577130468777947
18073,10.921164689605131
18074,18.313589659862302
18075,18.243318972270373
18076,11.457101027860709
18077,15.102595185742578
18078,13.17515632392149
18079,17.279756589070093
18080,17.50321668909797
18081,12.906037028302226
18082,9.84352076018919
18083,12.397855238140924
18084,14.839750042605957
18085,14.284298711432447
18086,18.056912604585982
18087,14.22208975996264
18088,22.03999217591655
18089,14.531732727641954
18090,18.500411765939266
18091,15.4778448640041
18092,20.060200729444304
18093,19.16874920708843
18094,11.161857646845313
18095,15.70953731898572
18096,14.171873850134544
18097,16.69671810058804
18098,12.892498238287489
18099,11.605242180350558
18100,18.374869086694186
18101,19.048548717970437
18102,16.17554586027653
18103,17.19720237572861
18104,16.246244646341264
18105,20.07677874625777
18106,13.343522635624282
18107,19.84649871921558
18108,19.98396574790795
18109,13.432069098485497
18110,15.82046923271319
18111,15.375700175196906
18112,16.423230241605797
18113,14.350230805143564
18114,17.8488159549506
18115,12.65407879420093
18116,14.684792159010401
18117,14.58181883123972
18118,8.84590343098182
18119,13.307404504032156
18120,8.244507230429505
18121,13.19496151193349
18122,12.276967567719645
18123,19.21843771762015
18124,8.977344584272354
18125,17.362576641298865
18126,16.451539986360128
18127,15.906295249601168
18128,12.706264336546514
18129,18.95858129536175
18130,12.730400585951497
18131,8.697053940959304
18132,18.080734148889604
18133,15.379843200788727
18134,14.89782442378558
18135,15.729309371687137
18136,9.7537123643615
18137,14.506169941525402
18138,14.988283769123301
18139,10.537502249448456
18140,11.68398499474889
18141,21.944917788836804
18142,13.460957524946263
18143,19.1661317988915
18144,18.84273023572137
18145,15.118379173472961
18146,18.039623572282526
18147,14.200502855633243
18148,8.650209168232713
18149,16.876432903217882
18150,17.570106805824643
18151,14.342986319242849
18152,9.831454094316063
18153,11.130437302861022
18154,13.022814802696628
18155,12.319193964923004
18156,10.209828016767887
18157,19.841992701695773
18158,18.226543179189743
18159,13.190708795274713
18160,10.963140365851377
18161,20.522357618041735
18162,16.222158078858893
18163,17.23784380024856
18164,11.203467550522694
18165,9.253993769529814
18166,16.456191919653754
18167,13.144205758303306
18168,13.445771617011145
18169,14.039227267449302
18170,8.970223221962323
18171,15.253524817634686
18172,19.78805454979746
18173,16.659010260265884
18174,11.354636251293902
18175,19.11254041683454
18176,16.413196241710306
18177,16.17232370262946
18178,15.814485535781134
18179,21.72866417332597
18180,12.188275895868433
18181,17.201864458391903
18182,11.980019592715998
18183,12.217798339269416
18184,15.160946280909533
18185,15.958607366962738
18186,14.000984097654872
18187,12.127198322553214
18188,17.64328982001992
18189,16.910835876024066
18190,18.37929447375957
18191,16.084580699732655
18192,19.393629284552127
18193,13.61889409171075
18194,16.236169837749472
18195,12.824580525677096
18196,12.05857781544255
18197,16.36132589301405
18198,13.326623664593006
18199,10.509202637918225
18200,11.802148650474185
18201,10.280154713442728
18202,13.070731118038118
18203,16.51388396982118
18204,17.85183500318402
18205,16.020016701150794
18206,13.482500063584851
18207,14.395621118463758
18208,13.53883464399985
18209,14.94717283463636
18210,8.628940915246524
18211,17.01902354975338
18212,19.389718479577184
18213,12.96486963495946
18214,17.171254963462008
18215,18.682294795172645
18216,18.135896864513846
18217,18.49764569319217
18218,14.406372952643666
18219,15.43117350551868
18220,18.184520353727702
18221,17.526661671896893
18222,22.1170324588171
18223,14.306654256402508
18224,16.879394456691877
18225,18.003082446643926
18226,12.388360298831852
18227,15.97654402510452
18228,13.704716694437447
18229,13.796836585516985
18230,15.497837289341707
18231,14.493758148569167
18232,19.180616457139735
18233,16.543466589250443
18234,12.991760876707353
18235,14.676141956666994
18236,14.671027027284785
18237,17.452469456704467
18238,22.35530652900012
18239,11.451879788566362
18240,7.599014506465988
18241,10.821387955811053
18242,16.777046116466696
18243,18.33558590407347
18244,15.01435626627003
18245,15.09353619401041
18246,16.65210351692436
18247,15.291545811863887
18248,16.313620431783182
18249,17.735926668025222
18250,21.090605666708903
18251,14.971110483393467
18252,17.752664648564355
18253,14.581864715656806
18254,20.506186966573615
18255,15.292844368676592
18256,12.786300408387614
18257,17.633668102699367
18258,15.214841902386086
18259,14.650855274466712
18260,15.530800964551046
18261,13.95582220376877
18262,14.525948584927868
18263,11.405085054681898
18264,18.10483583830672
18265,15.340868028940585
18266,17.512619234696512
18267,16.21729199596219
18268,14.526360273278703
18269,16.429386032109893
18270,5.3337808625041845
18271,17.450043374594536
18272,11.505196678044074
18273,8.037854836949787
18274,12.42958295091234
18275,18.296922208821982
18276,12.678308597027065
18277,13.630787056525222
18278,13.537078170658472
18279,16.74516887313265
18280,16.795594655070495
18281,16.973276439804174
18282,17.272079763745687
18283,15.105732204293647
18284,12.808757399685268
18285,18.511892614709556
18286,16.198778576008817
18287,12.47694863942409
18288,11.482710186865095
18289,13.749558882525626
18290,17.757596798487885
18291,11.323246641432412
18292,15.183718667966104
18293,16.80190188192683
18294,17.09590201203351
18295,15.745849913023836
18296,15.556630101070356
18297,11.929138229125748
18298,19.148945418776492
18299,15.32601752165105
18300,9.867515388621866
18301,14.538946814830899
18302,17.229231156274082
18303,17.25411507928654
18304,18.37451738361883
18305,15.92619251508052
18306,12.116453617994594
18307,15.897643344841644
18308,17.350025878422755
18309,17.68817005785054
18310,14.202792973702705
18311,16.542993575370282
18312,18.42724925986922
18313,15.033248818244811
18314,10.219778059578756
18315,15.1890943388176
18316,12.596727891694096
18317,14.763251989644967
18318,10.4239434378945
18319,18.898694878421203
18320,11.546453628467473
18321,15.780763097189563
18322,11.83842671006766
18323,15.48529845324109
18324,14.799895666291246
18325,14.052781198370933
18326,20.135616692929474
18327,18.959156135868994
18328,16.358753331013077
18329,14.827898223748926
18330,13.933404343478482
18331,11.368069066854108
18332,20.649899387677074
18333,17.764909199831422
18334,11.323033499950926
18335,21.208590580095986
18336,10.152398473762261
18337,19.724893887017526
18338,15.593663209115078
18339,18.736902724065054
18340,15.473574116932612
18341,14.290411885076578
18342,20.346672080491942
18343,16.040967006084475
18344,17.00732290827332
18345,18.336407675804008
18346,17.825828346648617
18347,20.23984146309082
18348,16.72225169369733
18349,18.612834091506468
18350,16.06335236461414
18351,15.639676981189654
18352,16.103562985027434
18353,14.455101471834894
18354,15.20097942173578
18355,23.49753679467474
18356,15.892138105889279
18357,17.22844993715899
18358,12.954711987135891
18359,18.612091076385695
18360,10.879222543154823
18361,15.838869981975087
18362,10.504431006827236
18363,15.191513894478376
18364,10.86184893660797
18365,17.06958378076343
18366,13.472423758008594
18367,10.941765666379371
18368,19.49940023889024
18369,14.72405123834323
18370,10.651488264577083
18371,13.125657892262335
18372,11.904695697971562
18373,14.668155568153102
18374,14.723616219109664
18375,17.501983978543937
18376,17.28414885664203
18377,23.28493215143697
18378,18.053661854139847
18379,19.382535069150755
18380,18.159595386030755
18381,16.90069010072765
18382,11.952303785908645
18383,14.455937023649362
18384,16.444025353561525
18385,17.565050850234975
18386,13.993622016912532
18387,11.443041319034153
18388,15.800343911006589
18389,11.867367347817549
18390,15.490725447339258
18391,17.439472708679165
18392,14.993875142757117
18393,19.833607532030435
18394,18.1338989041003
18395,17.647095372817468
18396,20.588161145339924
18397,6.8507245493949185
18398,17.22717133428837
18399,12.25024062867433
18400,16.68613244109444
18401,14.171406426848288
18402,13.882785456485657
18403,16.48648681402311
18404,17.65192701700115
18405,16.49858819953086
18406,10.856535976919753
18407,16.47104175851073
18408,11.506661001202428
18409,14.029696198034655
18410,17.057472561374425
18411,16.10022117372403
18412,14.80333024620518
18413,9.07265512894941
18414,20.59013005846574
18415,15.751380681341935
18416,19.07426736517341
18417,20.860192743017276
18418,13.376223013153815
18419,12.404179392287208
18420,12.33281267856963
18421,11.68144321674913
18422,13.09084517586388
18423,17.59135496392752
18424,18.926045828282184
18425,17.122468954704598
18426,18.591206354542646
18427,21.358874155471042
18428,18.336657949992684
18429,17.107467415636126
18430,19.105940267920914
18431,9.279483340062969
18432,20.24595473584441
18433,21.115551485937843
18434,17.161555929882148
18435,13.137821385453876
18436,15.35280256471867
18437,15.580799884325133
18438,17.226697632782518
18439,15.029666775679571
18440,12.518997089989256
18441,12.501626639527704
18442,17.345191328479558
18443,10.220748792786607
18444,15.015951127493596
18445,15.794527783385742
18446,14.901731033799807
18447,14.372257991197909
18448,14.801321030256247
18449,14.038258828098954
18450,14.72539600079481
18451,15.640701928311753
18452,10.793743557312816
18453,14.689499339244682
18454,12.967006402473274
18455,15.738552902277357
18456,14.423280655578234
18457,10.481701437995577
18458,17.06407857467951
18459,13.622848754904116
18460,13.274671073125223
18461,13.48447354113877
18462,19.008552207297523
18463,20.630099806708287
18464,18.760200331629104
18465,15.485665227609857
18466,10.177471148625076
18467,17.675468627173508
18468,13.936655038348249
18469,9.479170299348963
18470,12.451116043912368
18471,10.556665375623137
18472,11.73465422309797
18473,17.83324255297174
18474,14.630711850704753
18475,14.195621016290897
18476,17.234516186372147
18477,14.615476291352541
18478,9.801001951357346
18479,12.890612177606831
18480,11.361055293124698
18481,14.517569609970655
18482,20.237621878579954
18483,17.977761302810922
18484,15.35404454731138
18485,20.034233200349043
18486,12.62690548827942
18487,16.454549261657178
18488,15.31448811143637
18489,16.98765814676179
18490,13.46067885006319
18491,15.981042519769769
18492,16.982130893704177
18493,15.27457928582555
18494,13.704565194002747
18495,13.480899856358437
18496,16.78904076267585
18497,21.201771654729253
18498,17.238604928352697
18499,12.863946419067634
18500,10.574727131523964
18501,12.023403211323725
18502,16.131955393464054
18503,12.23446684184931
18504,17.458567218981614
18505,12.533289817673149
18506,14.213838469959803
18507,13.816256301014219
18508,20.189646764955015
18509,16.13803148497147
18510,15.204967109208523
18511,18.293858810723886
18512,18.851846609042106
18513,18.930751708357313
18514,16.31371918948043
18515,19.946553055819983
18516,19.55091279414109
18517,17.84272292774978
18518,19.014799768297127
18519,14.585750184112017
18520,19.977336513397574
18521,17.762004825416327
18522,15.143379125266781
18523,12.51185711010817
18524,13.97361626123337
18525,18.61792630420083
18526,15.39636376596356
18527,12.541087452770148
18528,11.051484172130476
18529,18.711956823755955
18530,15.685464112764038
18531,15.681691665176146
18532,14.202707361449034
18533,15.471088300814774
18534,18.010362788526084
18535,22.77414456987941
18536,11.024433394542214
18537,14.2988826915111
18538,21.162055544629133
18539,11.934489192507247
18540,9.656623640997648
18541,12.416328409360894
18542,16.116149240033465
18543,16.75878469623128
18544,21.447091400145403
18545,18.521064707749847
18546,7.508262662789371
18547,20.919197992692
18548,11.992940691364755
18549,12.011406666048794
18550,14.683383561437191
18551,14.82414188250808
18552,19.611551937611665
18553,19.852142627644405
18554,18.75604161469448
18555,11.103328688689935
18556,19.907611587686556
18557,13.978888456418636
18558,15.072594980751965
18559,12.125517495292197
18560,19.265828180725315
18561,16.482419097236352
18562,12.301037551513222
18563,17.148252954556437
18564,13.701813741972341
18565,18.870746981407578
18566,21.064851667723058
18567,13.3885042916257
18568,17.201078093205833
18569,18.87848642265073
18570,13.385821192205894
18571,13.487727419703152
18572,15.471505816928055
18573,16.539881011814195
18574,13.473620447642226
18575,16.940072639677
18576,17.028071805362927
18577,12.585373504479886
18578,19.897669924480464
18579,13.790670778976539
18580,12.002481980539214
18581,13.680819158449255
18582,12.36388661856941
18583,19.399672385896842
18584,16.13721299594519
18585,20.17553509147282
18586,15.440278988989036
18587,13.508899706673576
18588,16.105982947356562
18589,19.945782937045177
18590,14.065245190593664
18591,14.818371936973774
18592,16.459713591949892
18593,16.02857661893095
18594,22.9927509742773
18595,17.20256504877835
18596,16.765079687277662
18597,13.446539197683201
18598,12.9036893789497
18599,20.152908008572783
18600,15.611406128508813
18601,13.879543744058541
18602,14.523927476826685
18603,15.668112464823851
18604,19.781391374574078
18605,16.43054906296348
18606,18.92020601711246
18607,13.231081930122432
18608,11.464680439232026
18609,17.175723429019545
18610,14.29555275976616
18611,14.863427308106061
18612,12.122308716806694
18613,12.566737174853548
18614,10.75140503621282
18615,16.35292253743586
18616,9.862001800143357
18617,16.504970233128827
18618,17.718392203772638
18619,17.619397581199117
18620,16.02772274465988
18621,16.904420678393212
18622,13.799794430927243
18623,14.45256701017394
18624,15.357000216166785
18625,14.421909428939804
18626,13.312479641613065
18627,11.581349721497055
18628,19.71918509417886
18629,17.280853912312793
18630,17.5448906531464
18631,10.525825431397465
18632,21.238863992793394
18633,9.062425674628711
18634,12.22143486918453
18635,15.343953266843496
18636,15.005835646010937
18637,19.821629374797453
18638,11.1461476190516
18639,14.840281705662523
18640,16.92808127443128
18641,15.479761425414335
18642,13.28294707900886
18643,13.950003179691535
18644,14.58607502633203
18645,13.96026435851897
18646,15.500471293740489
18647,15.827156430954606
18648,13.897873986822825
18649,12.949550141433471
18650,14.966643790170508
18651,13.643645422939532
18652,17.381329740640318
18653,14.548327729037403
18654,20.0806684588504
18655,12.22023924091345
18656,14.004797847798347
18657,9.76555263894609
18658,14.623601176117935
18659,14.144557434563943
18660,19.73154252111287
18661,9.58756438850298
18662,10.689284779450443
18663,15.539551424692283
18664,10.659279644402435
18665,18.028738876857204
18666,12.795117620822179
18667,17.651971411485118
18668,15.15851243019884
18669,18.509952346592314
18670,13.460900266963414
18671,11.681340123965684
18672,15.731108817440337
18673,12.6329966848549
18674,15.627259721462691
18675,14.517113629035922
18676,16.522773224418295
18677,7.6091501075027095
18678,14.543752509118608
18679,15.177042363171203
18680,10.823844264955767
18681,16.00985629903939
18682,17.20099797491044
18683,14.727725069067137
18684,17.206422579885217
18685,14.38721111259254
18686,17.176982068556196
18687,17.96291726067997
18688,17.439259064627546
18689,13.71010615672252
18690,13.955093633779809
18691,18.317927741106903
18692,16.488063964652284
18693,17.86316489586419
18694,21.31425500440344
18695,14.784609468333485
18696,12.917510528323048
18697,17.73514901879345
18698,17.68795324836554
18699,19.429892254089626
18700,15.005931095176692
18701,15.66970259188231
18702,18.855895075683474
18703,8.945392302801478
18704,16.305956511989393
18705,20.50576992149617
18706,14.532303352372317
18707,15.730463490596687
18708,17.884008284306272
18709,17.469850540598003
18710,11.865359031167888
18711,16.30344254048994
18712,11.835660679999009
18713,11.283203859668566
18714,19.93714608053238
18715,18.72530763319076
18716,11.827771386387152
18717,12.045179186878192
18718,14.315350518585014
18719,15.15658305889865
18720,15.587627484938748
18721,14.369569377021767
18722,20.44715386845109
18723,19.92580780743965
18724,14.206142825714101
18725,16.313350162442767
18726,15.775132244165608
18727,16.50191400971183
18728,17.426978564395874
18729,14.759618210701515
18730,13.575330382281672
18731,18.13253648318695
18732,16.03411170989854
18733,16.57635961528507
18734,13.93186700123844
18735,8.312473073703671
18736,10.26880617233148
18737,10.5136776458755
18738,16.46881462209602
18739,14.041467188133254
18740,16.955290113633016
18741,12.455922079808346
18742,15.0206650862017
18743,12.447444553681013
18744,13.179686692615917
18745,11.521747666413901
18746,21.753259718251883
18747,16.036488809803807
18748,13.80505373935418
18749,16.499572505974655
18750,15.649490142151166
18751,18.337233166107552
18752,8.796530984392998
18753,16.933238626263005
18754,14.884111462648947
18755,18.888604456222268
18756,15.232928044453407
18757,13.932229644284856
18758,11.96911567247242
18759,15.794152661631736
18760,14.557865181413488
18761,12.125331749478063
18762,7.6703954492747535
18763,13.987856171385971
18764,11.151845671271857
18765,16.296735833465032
18766,17.928041163314667
18767,16.3025298915818
18768,18.98161276736982
18769,17.932865995920764
18770,17.086073537822173
18771,19.459130888822692
18772,15.913899941435146
18773,16.996666038109986
18774,15.26664585714014
18775,15.140085715097742
18776,12.688926857531154
18777,13.985626752734778
18778,11.201299322081436
18779,17.69754836441961
18780,11.905592966199627
18781,15.618154443449077
18782,10.169413077139353
18783,14.658919406049314
18784,10.59646696527374
18785,16.607727246319797
18786,11.876275001374154
18787,17.626954061433104
18788,13.39550964676723
18789,14.52293585652719
18790,20.610895013712057
18791,7.748714430735963
18792,20.501760277856103
18793,17.576407873787705
18794,12.019118930216031
18795,10.837378592192366
18796,13.391626761740174
18797,10.360672854071865
18798,16.126644180250338
18799,12.988993955686222
18800,14.067103202009745
18801,19.054325884960644
18802,11.998297390764279
18803,14.316605127000367
18804,17.087725946140385
18805,17.332418218460166
18806,12.898381250190516
18807,14.333077951547512
18808,9.774334168989906
18809,17.85476094092315
18810,13.743880580184072
18811,15.712159926071228
18812,15.276040383103956
18813,9.447120758977372
18814,10.844780898695316
18815,19.44437529866223
18816,11.98478391342744
18817,14.96707812957399
18818,17.35052137279648
18819,19.041911321976933
18820,9.971328459483313
18821,9.247025622357882
18822,12.313867509276434
18823,18.830299084226624
18824,17.298489755795046
18825,16.25712883735629
18826,18.79327423003725
18827,14.772985957391919
18828,14.658783611532824
18829,17.31473198549329
18830,15.536159941232414
18831,11.824473249307177
18832,15.404332794151289
18833,20.76123069244362
18834,12.047566363103623
18835,8.543552161460036
18836,17.92015319247234
18837,12.773079209487342
18838,15.454038649090617
18839,13.550977344092328
18840,13.73039638803693
18841,20.98704223823325
18842,15.391334363327053
18843,10.477188536136175
18844,11.294021569960037
18845,16.352644858820575
18846,13.82326992529728
18847,14.61052325156269
18848,11.457717925634189
18849,14.845320483118117
18850,8.511730155418029
18851,15.136432807481665
18852,15.277737510099957
18853,14.941920758012841
18854,13.867448936210995
18855,15.601956313578295
18856,13.04389974209619
18857,8.309229066251753
18858,19.733204886696065
18859,17.649718378065103
18860,13.285676093318347
18861,12.076184178626088
18862,18.264659349621198
18863,15.9521723190455
18864,15.426255284212285
18865,17.85677543799392
18866,15.456269906518369
18867,13.769418588044074
18868,13.319216757867455
18869,19.25175968121549
18870,12.8534809663426
18871,23.17449106422549
18872,16.135787923249772
18873,20.66275302005628
18874,13.994997500960745
18875,17.901870212953188
18876,18.299603398158766
18877,17.770997449235416
18878,16.203638450034376
18879,15.61308084646784
18880,10.545005665703352
18881,9.436627285322594
18882,14.350115543646671
18883,17.185186422225343
18884,15.188304305914189
18885,16.655216250706594
18886,14.574222320626637
18887,12.674020879084203
18888,14.393402925700427
18889,13.31581192088594
18890,17.569173297840912
18891,14.548640641267328
18892,20.690069131783154
18893,15.52631438004643
18894,18.44749773107456
18895,15.283649282274931
18896,15.041906179223405
18897,19.238803752065717
18898,13.91388704845037
18899,12.882957082202097
18900,14.859462143072449
18901,11.624472085472043
18902,18.49336560899243
18903,15.554156287938097
18904,15.412441619877905
18905,13.855629030381124
18906,22.438955058740984
18907,15.433366792692837
18908,17.775934610534506
18909,18.544954012740867
18910,16.30027312113468
18911,19.32063341040083
18912,19.782385381374976
18913,16.720473348153455
18914,12.560186676769012
18915,15.390096793128235
18916,17.078986070749476
18917,19.04713376727832
18918,16.259702938033342
18919,20.29563340848785
18920,20.029220017896957
18921,11.96082414308409
18922,18.278048991598457
18923,12.851561333462792
18924,10.425841361845599
18925,14.100389046598735
18926,15.330036405159952
18927,20.26177473056068
18928,18.1492718063916
18929,15.557045720066242
18930,20.958117361017223
18931,14.994196138887895
18932,11.322367147841792
18933,13.855678820918257
18934,17.531671987706705
18935,16.23265632899269
18936,10.770101180750856
18937,17.800671955331048
18938,12.969375121475672
18939,13.624306418029944
18940,15.130014181573813
18941,16.896908377705465
18942,10.85753854625247
18943,18.801677256692322
18944,11.589170737135472
18945,18.452219288914694
18946,14.886350183143911
18947,11.577852015722993
18948,16.388730871674234
18949,19.034599782170087
18950,16.488892567978045
18951,17.941879927531776
18952,19.83512781863037
18953,13.025553155426355
18954,16.909531244941387
18955,16.582667977997417
18956,18.65252719622483
18957,20.366542046395857
18958,12.4551304938567
18959,17.597679483677886
18960,23.156361214259828
18961,12.392757926354198
18962,17.85532171959926
18963,17.134246084564953
18964,12.18722085887899
18965,18.046058255144793
18966,10.178764572127013
18967,11.330495333750685
18968,14.831377651819977
18969,21.66559417962567
18970,13.941909670664609
18971,18.663222154015504
18972,19.91723361896771
18973,15.518137587579758
18974,11.390103969629829
18975,19.244674806357132
18976,14.018635986872692
18977,14.28640428488343
18978,10.021106814079545
18979,16.854787389873554
18980,16.6186575026212
18981,13.319717383536346
18982,18.032396954211627
18983,22.598699588983433
18984,17.672993994296593
18985,12.149032563696649
18986,14.690386187609043
18987,9.92718138715735
18988,17.160769051049893
18989,16.437495672464266
18990,18.31714881056781
18991,16.46172017629481
18992,13.58730764065503
18993,15.323899465788752
18994,16.35453425305822
18995,16.776847074123793
18996,15.593819619315735
18997,13.35173539670218
18998,17.26806663927909
18999,17.81737949518621
19000,16.15671019135265
19001,17.65595805705164
19002,16.534263780975866
19003,14.405633698556116
19004,16.34961257639298
19005,15.686022042969714
19006,21.3058893225538
19007,24.78566356418855
19008,17.45457327248775
19009,19.75818469378114
19010,16.60905417552656
19011,14.915603968266865
19012,11.18103888606327
19013,17.919632270693985
19014,16.27576248739446
19015,17.572566021813763
19016,14.79773919408559
19017,18.839345135549557
19018,15.877114094903716
19019,15.263908920149229
19020,10.335670004599784
19021,16.708486692712707
19022,13.452390322029
19023,15.665371873890187
19024,18.308729935296725
19025,14.097122683210616
19026,13.923171195173815
19027,14.942290997693537
19028,14.90839627754769
19029,18.02775624416714
19030,12.326898271006636
19031,16.204953922924062
19032,14.913862457216128
19033,19.27025124207324
19034,11.039029185901224
19035,14.305074650913175
19036,17.20463597086105
19037,17.325898716414194
19038,12.095942514582665
19039,14.858396884366647
19040,13.378509532393652
19041,17.41221888964416
19042,14.672275335199984
19043,11.908159625858861
19044,19.521496439866603
19045,12.710181735934622
19046,12.95378884387499
19047,15.52622959767334
19048,17.83898826584234
19049,15.519822472428135
19050,18.756183811229377
19051,17.189120809699194
19052,15.699752190535532
19053,16.079720249677674
19054,10.72063039661608
19055,17.360264452271455
19056,14.725312849050022
19057,14.698157439977333
19058,18.301366812890276
19059,19.73044671203681
19060,15.050047586158827
19061,12.005816342223145
19062,17.61058484642851
19063,12.962055596744587
19064,16.62342934384743
19065,14.818735830723028
19066,13.970721420753534
19067,15.725619943792298
19068,15.359726989483834
19069,18.68361101803395
19070,21.036964141478858
19071,17.971829866238956
19072,18.57590140140872
19073,17.051500289081396
19074,16.934260722920257
19075,12.722461912670028
19076,18.056483183129675
19077,10.681810534935789
19078,14.69194565330561
19079,13.059311703442274
19080,16.78167431282109
19081,8.91633107338721
19082,17.516033650005284
19083,16.36779546918538
19084,21.071865747782947
19085,16.634482702402956
19086,11.452094512956984
19087,18.685885051931862
19088,18.080555605521965
19089,12.370510115185157
19090,18.574704898312355
19091,15.49579703865459
19092,19.39940899948955
19093,17.365879965386654
19094,11.792076845084093
19095,10.996076916754973
19096,10.055958190039872
19097,16.363157192122294
19098,15.760364609035387
19099,14.025927945829338
19100,14.270018133079475
19101,16.418474731005126
19102,16.653204628104238
19103,21.01561442340821
19104,7.501495409992092
19105,14.618924057518784
19106,23.259507014907292
19107,13.779489095157933
19108,16.03650117857575
19109,18.457930221658337
19110,10.491467931733263
19111,12.259203749893
19112,17.434409347546506
19113,17.32405043258754
19114,17.706749949780825
19115,18.108475603813112
19116,18.801046310042125
19117,10.504669410264718
19118,12.399757426031533
19119,14.851237290789927
19120,17.13068761444925
19121,15.497404790978768
19122,18.160834147102875
19123,18.988179441795328
19124,12.743908484997574
19125,17.80697958856493
19126,14.06531321352992
19127,15.322791480066543
19128,12.990718022641019
19129,13.698872513885453
19130,14.972031511773036
19131,16.7609754881237
19132,14.373712068394893
19133,17.388534305056165
19134,16.4436888607676
19135,15.266703243197757
19136,21.597246797404026
19137,15.65434413127997
19138,11.61967331647633
19139,13.873692733459082
19140,13.22919058894381
19141,9.632641999488808
19142,18.104261019387828
19143,20.189521283310523
19144,13.166451219772393
19145,16.847296174986244
19146,16.358645428362532
19147,15.50372743463336
19148,14.192695985585251
19149,13.201881501671505
19150,11.569800348925082
19151,13.827597164659563
19152,20.906680889042146
19153,17.707681345935512
19154,11.963996990208217
19155,18.829943475662155
19156,14.762179545200953
19157,20.85432396650456
19158,9.32948267787968
19159,8.832957268059296
19160,18.286734887919636
19161,16.210024290297238
19162,18.20099105021618
19163,14.528167874395553
19164,16.168995440024293
19165,7.727816222738934
19166,14.632942302225008
19167,16.109666505820684
19168,17.933075066756444
19169,14.784576248148877
19170,15.98113803013456
19171,15.843557531957702
19172,16.832551782710347
19173,16.99610297387814
19174,14.66114066982718
19175,19.25849123266046
19176,17.55483074104355
19177,8.919293053156467
19178,17.503217140196753
19179,16.48011172455477
19180,12.6396702882219
19181,9.78594160174346
19182,15.203346058728732
19183,20.19220327781425
19184,15.206174312177517
19185,16.239964059726198
19186,10.887134918301756
19187,10.530834836561066
19188,19.761616880274822
19189,16.248796524041495
19190,14.506859934181685
19191,11.139795304867807
19192,18.244862544122604
19193,12.949945392176074
19194,13.072056276923467
19195,14.96592245610606
19196,8.33020995945047
19197,15.990046566877663
19198,17.906347674811204
19199,16.427191116838728
19200,16.68036211537758
19201,10.056805969815223
19202,16.58566644386104
19203,18.53918908565203
19204,17.13179747365693
19205,17.028596363258437
19206,21.75110602904269
19207,15.862741048007228
19208,8.484610120253729
19209,17.63750337503125
19210,14.272398226793484
19211,21.521048326592435
19212,13.33608093824025
19213,16.180937625574344
19214,16.79100000053742
19215,17.421974561264047
19216,20.74366565843422
19217,16.834710789388353
19218,13.628708984151194
19219,20.69524886547906
19220,16.134932308503753
19221,8.499513298752705
19222,12.196439165155255
19223,11.64172434408424
19224,16.21680564094703
19225,17.385362158658076
19226,10.10252925598407
19227,12.268974096708803
19228,12.774206509094947
19229,15.64474281033754
19230,16.7357287102608
19231,13.531791720166801
19232,13.866587751184095
19233,8.475328515376177
19234,18.318940902685966
19235,15.671862517596471
19236,16.311580285096916
19237,12.371114647675885
19238,15.46453437644707
19239,13.659316562456455
19240,16.857901917697742
19241,15.22082580670488
19242,14.084596647045826
19243,12.187046577028525
19244,16.801233149859083
19245,12.418557263798562
19246,16.29336455781999
19247,11.006250433694811
19248,16.346038021304338
19249,15.594736983271597
19250,15.311589358434476
19251,17.115134317779585
19252,19.983501400319494
19253,18.731762750111713
19254,14.681656083214301
19255,16.47345146470425
19256,15.371227605950772
19257,16.751743142851016
19258,16.705635479770383
19259,20.37428002448117
19260,14.148684315512472
19261,15.205041209018486
19262,11.990786528466913
19263,13.243181191386588
19264,16.006008054904612
19265,15.15977979053413
19266,11.89780426415646
19267,12.978941978478097
19268,13.45872588563423
19269,14.336483144212913
19270,15.739014110688199
19271,22.10597519409456
19272,20.364753094023474
19273,8.738360327063015
19274,20.323498552791623
19275,15.201261649049906
19276,17.382921564313005
19277,22.997496592371363
19278,11.251598993507816
19279,14.325490056075743
19280,14.854789410557915
19281,14.351483643627484
19282,11.829813178164377
19283,14.208864776006996
19284,17.260982051876244
19285,20.42457650326189
19286,15.764785852691439
19287,14.790759654000565
19288,16.65623318617054
19289,20.1896399354552
19290,19.699631516244043
19291,16.11217761887162
19292,15.31371408637529
19293,16.04670011833465
19294,20.040994353158705
19295,17.076385880662993
19296,11.61846768308119
19297,16.105972478671216
19298,15.533435848749038
19299,15.629485816981607
19300,18.85774109700438
19301,20.685177907840277
19302,15.586102947807442
19303,13.902549966771078
19304,14.718944743835982
19305,15.866872014553223
19306,19.171198782733384
19307,14.22608935188265
19308,22.267410275728743
19309,12.020419905553544
19310,14.24849910798962
19311,17.959516262989613
19312,15.268613646097391
19313,11.026806850315133
19314,17.141322304802433
19315,17.244079359985474
19316,16.858738446867747
19317,21.92342730758167
19318,15.437218567940555
19319,14.378337421047629
19320,16.726984173726258
19321,15.903566393826656
19322,12.909296213669634
19323,17.430781216830002
19324,9.43203983680289
19325,14.476820088676648
19326,18.552447487951383
19327,16.941528491699433
19328,14.18916299015279
19329,16.91462325805783
19330,14.864289066316637
19331,16.899752323539357
19332,10.627328371247566
19333,19.5372985417335
19334,10.881524613766292
19335,11.058026677360884
19336,15.89046360481389
19337,14.045158669942927
19338,15.568662587429937
19339,19.50900161404743
19340,12.175753394387051
19341,14.442438990414626
19342,13.465852332666929
19343,14.26068984806802
19344,17.076218818334993
19345,20.201852257422836
19346,20.19312774053003
19347,14.873320182237611
19348,17.07984221736396
19349,14.072359968081571
19350,17.253843787792896
19351,10.572054900019346
19352,15.534881978693
19353,12.625535881758275
19354,19.81065565996603
19355,11.680124525659327
19356,16.81914968847847
19357,12.514078277957239
19358,13.626790799169484
19359,12.39367323677812
19360,12.657049532480226
19361,17.344653266833955
19362,12.193038463643973
19363,16.541232106441463
19364,14.636376189119913
19365,15.290172765873637
19366,21.425856993348926
19367,20.34175687263934
19368,17.4434702375126
19369,15.454358770412412
19370,15.127843921480935
19371,14.281359441577454
19372,15.269436149419693
19373,16.97741127464824
19374,12.710669455140629
19375,14.773327735271057
19376,17.802412304462027
19377,18.457577206615923
19378,13.30547273787128
19379,13.921868271927915
19380,17.03133894549302
19381,20.12549814043995
19382,15.772991403383553
19383,14.955312792472819
19384,18.30199187949519
19385,18.110261108248064
19386,20.953062451984437
19387,21.144215302203328
19388,18.541504173805148
19389,14.483833131063873
19390,19.338530440793384
19391,17.644818670555864
19392,11.782721350595502
19393,19.760654358477545
19394,12.574595896347882
19395,20.775067557204686
19396,10.552616505649187
19397,14.780624113478021
19398,19.87821183518421
19399,12.87709217666853
19400,15.177609694681625
19401,16.962778700547613
19402,8.898662831441403
19403,13.670203207452028
19404,16.74504406439133
19405,18.385220897238298
19406,22.15758131363511
19407,14.110506801412484
19408,16.6648928779115
19409,12.414535017513986
19410,17.66375306246878
19411,17.15125517262652
19412,15.260369719350193
19413,16.027869896468815
19414,17.467023881860435
19415,8.391020753499838
19416,11.198369786893373
19417,14.95622025797547
19418,17.164896411571362
19419,14.560020758471735
19420,17.50527660957111
19421,14.652351589017755
19422,10.289739232697169
19423,13.9751341478697
19424,15.98313268054285
19425,12.043932607321569
19426,14.779607744913218
19427,14.790468972973915
19428,9.114070957441681
19429,12.282068916839867
19430,17.55288564657009
19431,15.164044241478969
19432,12.747224479324197
19433,18.331728373276988
19434,15.730018322689311
19435,11.533511233448131
19436,9.618722532906371
19437,12.276509860784634
19438,13.47331908553824
19439,15.922837360550032
19440,12.800545351836973
19441,14.867771508916473
19442,16.39142576854918
19443,8.969872375789006
19444,15.742555768879695
19445,18.41631120303326
19446,20.407115334327976
19447,16.025010973727504
19448,16.834293787621995
19449,11.892069328042396
19450,19.315167263481456
19451,19.343702999567782
19452,17.813065684391177
19453,15.985497536227724
19454,14.9959078727994
19455,12.637671878046884
19456,13.655623813520158
19457,14.355449149480332
19458,17.897247869984138
19459,16.29546372374933
19460,11.779710447265824
19461,14.716081003882897
19462,11.086560586071066
19463,14.742715985908054
19464,16.489013748785254
19465,16.69973424521234
19466,19.86201443696605
19467,12.444441839150958
19468,10.740476211672949
19469,12.387323870729693
19470,21.656705317866148
19471,20.828482534117242
19472,14.26534048117445
19473,13.261184163431414
19474,21.90760216858734
19475,17.83616318077661
19476,13.622122088067936
19477,15.188086708897682
19478,13.423456916397628
19479,16.97149965246105
19480,14.950621405605407
19481,16.64787066733134
19482,16.162882382250125
19483,19.200713755719384
19484,14.75570589476882
19485,15.249470640812484
19486,7.8140342985511255
19487,16.383595317514008
19488,15.42328399747131
19489,20.0188242014859
19490,12.442942151303392
19491,21.59439769665173
19492,19.45518592080207
19493,20.14265057792711
19494,14.864697794486066
19495,14.791071402515652
19496,16.598233047820028
19497,18.760672684817763
19498,18.258121180163396
19499,15.286608289238751
19500,11.750033145873044
19501,15.480249498745938
19502,19.814531401174655
19503,17.96783303763619
19504,15.875534094361493
19505,19.168538827372625
19506,17.755622758850066
19507,16.898589513016276
19508,17.999433822537576
19509,6.020725331913438
19510,18.2647695126574
19511,9.357308318707943
19512,10.658745513125421
19513,14.767112608686778
19514,13.173743949683024
19515,16.916000513172822
19516,22.51570914568443
19517,9.400278367454215
19518,15.709662197714675
19519,21.98266340007106
19520,13.803129848811036
19521,10.296834771280183
19522,19.16695352273156
19523,17.583923045643015
19524,15.5647245852501
19525,15.90753893064613
19526,12.827132230345894
19527,12.963715402836883
19528,10.614670574187958
19529,17.061711216487357
19530,20.116129356079647
19531,19.53525527899194
19532,18.762447590422056
19533,12.830302200164777
19534,18.80459393530407
19535,19.217960373344287
19536,11.622234716394841
19537,18.778665525423435
19538,9.793426175764408
19539,13.037693495050991
19540,16.258049687637314
19541,15.413571149380948
19542,19.12572076862151
19543,15.825939426352397
19544,16.420482280338554
19545,16.730748281249507
19546,11.921457010035144
19547,15.68570951777274
19548,17.705847054343142
19549,9.840758689619818
19550,16.750170452674833
19551,21.035662901506107
19552,12.07674699166802
19553,9.118427279547838
19554,11.18790904533768
19555,23.78094289123539
19556,15.282731920788317
19557,8.390509967414058
19558,14.806838853011598
19559,20.438333657253885
19560,15.49462387071798
19561,17.34898240651343
19562,16.75369458801043
19563,10.020445591448883
19564,18.366506784163853
19565,17.97682509199687
19566,20.18852368297893
19567,22.11303650980457
19568,19.059629774265844
19569,12.672537561664333
19570,8.91294211407383
19571,11.759655027484616
19572,14.639025186542408
19573,12.05015204439651
19574,22.578882653951432
19575,11.616497793999118
19576,13.035933542852344
19577,21.997912880393343
19578,16.11233923616692
19579,11.711858379079818
19580,19.35964077502029
19581,18.150970354448695
19582,16.9408006025603
19583,12.177662383903723
19584,12.57571737092763
19585,18.23133326916548
19586,18.299646755716566
19587,12.765938230220172
19588,11.279152439068614
19589,18.514232462264367
19590,17.292256967647337
19591,13.038052047056413
19592,19.721309180718304
19593,15.519132203414337
19594,12.772648597101197
19595,16.278672297524167
19596,14.76066200730285
19597,10.314791847262994
19598,14.310322725218942
19599,15.636209988643273
19600,13.217954077141346
19601,15.596882019583848
19602,10.542257757372429
19603,14.355103573553142
19604,12.769714534387955
19605,13.3166173681016
19606,18.95950585872693
19607,13.371543750757276
19608,16.194967142422517
19609,13.572043680902937
19610,17.44951574396551
19611,15.967854154947503
19612,21.015606717253917
19613,17.557986862009116
19614,13.601101881683762
19615,21.05904288239691
19616,12.524403788914341
19617,14.545315433381136
19618,19.953564537492277
19619,16.295185785598242
19620,15.588812271322466
19621,14.41543102153619
19622,16.756864277279377
19623,11.509654404265033
19624,15.84836259789125
19625,15.064163701616213
19626,13.968244136137683
19627,17.717695716532603
19628,9.115649764391078
19629,16.78170415578235
19630,9.683215791536426
19631,19.065713898072662
19632,20.543771772054967
19633,18.394740249061208
19634,14.396242455773738
19635,10.934133375389376
19636,13.22767438187821
19637,18.645166555272027
19638,11.476642778853506
19639,16.53211961007463
19640,13.820677020700519
19641,12.191267734259583
19642,11.496426895765646
19643,17.251803246245952
19644,20.6475559576885
19645,13.372157155311395
19646,12.266042663813488
19647,13.547757168832643
19648,18.76342816627162
19649,19.37744144819181
19650,19.454455294468374
19651,12.26308009059768
19652,14.239989501848981
19653,12.57672273153917
19654,16.654221966584938
19655,15.070261667777192
19656,17.771710628110284
19657,15.530340075701911
19658,14.754606310255388
19659,15.18881535223628
19660,13.818706990092306
19661,19.95046030922378
19662,12.256799788816686
19663,19.64791408883689
19664,20.23969609566726
19665,18.515733515974322
19666,17.98117330492508
19667,14.842363136424124
19668,15.562492111311062
19669,12.377187365806643
19670,12.238623246403154
19671,16.340836805425436
19672,16.560771904369957
19673,15.874692151548803
19674,19.326831149861064
19675,15.574485257565128
19676,16.808816275698884
19677,15.360248476358024
19678,14.116007438218638
19679,21.66850464979239
19680,15.836113351910488
19681,17.391357835535587
19682,16.052949951134025
19683,11.800733646039557
19684,17.185864719095097
19685,14.88275578308048
19686,10.643836010779438
19687,11.974892387525742
19688,17.416278918314415
19689,11.460429917727211
19690,13.269664430854384
19691,11.57657805331165
19692,13.993287231399753
19693,13.560787663592187
19694,15.360831044251746
19695,16.49752716285899
19696,19.642429449437778
19697,12.158436586335295
19698,16.12258697000197
19699,19.941083831801983
19700,16.71691855929242
19701,15.852024172461173
19702,20.777868629469115
19703,15.756444495344489
19704,13.365544763838466
19705,15.732997569142686
19706,15.647736688058899
19707,10.88591952549546
19708,15.74756417680248
19709,10.849374091570237
19710,14.615501199983122
19711,22.784141321644896
19712,15.0401662644082
19713,13.539628719949118
19714,12.673618701310282
19715,17.457512879503668
19716,18.739344797352533
19717,18.055009390606198
19718,9.71610684507856
19719,21.20690292134094
19720,10.665724357899418
19721,16.088291291265893
19722,12.16847369294193
19723,13.324480084930634
19724,18.33527311911583
19725,19.429107629518988
19726,17.644298815474365
19727,20.536847438809534
19728,8.814703541179899
19729,14.398620623890642
19730,13.553334365204773
19731,12.653257236233209
19732,17.058898944420257
19733,12.05949680909005
19734,12.906554703937061
19735,15.146327012936947
19736,15.023621866304664
19737,22.995349290425768
19738,11.700179415270823
19739,17.453504110593965
19740,16.75477382246471
19741,21.136297116620845
19742,14.212555178649334
19743,13.638663171226481
19744,8.852345832828888
19745,12.160990883230287
19746,13.97239103231938
19747,13.537999720365084
19748,14.15067541916384
19749,11.464708295884044
19750,13.979714264769243
19751,15.911141168576112
19752,15.83205174498498
19753,16.965899904713194
19754,12.259776078527203
19755,17.273121780881727
19756,15.986687465943392
19757,16.59268058818382
19758,8.40723272920485
19759,14.790205136034922
19760,19.156753166007785
19761,15.088616179023981
19762,16.748225448153345
19763,15.448086373448728
19764,16.854931350771498
19765,18.257498944801636
19766,16.422199828774687
19767,8.287680001814874
19768,10.000274302986474
19769,11.784040616373
19770,15.201342358234228
19771,16.760084306562856
19772,20.219967918473763
19773,11.970072139961637
19774,6.874232385155068
19775,17.77874985332402
19776,15.002022443915953
19777,16.484802774777428
19778,18.627172793114916
19779,14.306600149724172
19780,20.96344726764866
19781,20.63446673404396
19782,9.963579309699671
19783,15.590931410304611
19784,21.564052863244118
19785,15.946448989051488
19786,14.071494387024485
19787,20.235657152647953
19788,15.050729632583222
19789,14.842332834279526
19790,17.488796631489436
19791,9.527423657645741
19792,20.29489807480925
19793,11.796567024790686
19794,21.204438363600264
19795,13.865178381962103
19796,6.627905608141443
19797,13.319551505135776
19798,11.61135955679889
19799,16.135325715151914
19800,16.487821450613357
19801,14.01883738202686
19802,16.461498126699162
19803,13.318076584041165
19804,16.181221026291514
19805,14.051535984161232
19806,13.705593693634373
19807,15.120251202452419
19808,17.014009881868276
19809,13.060509186864737
19810,9.426782864076038
19811,16.201261517154865
19812,12.427481750514154
19813,14.379667162958917
19814,14.749852110860349
19815,16.149932858684423
19816,13.628209291728968
19817,17.237355574530223
19818,18.247585821136152
19819,13.416114921394644
19820,12.264891878436266
19821,11.73183779417454
19822,13.169794102441141
19823,17.811261381393116
19824,9.133265047387315
19825,19.20528352926952
19826,21.12336205200301
19827,19.116030514405672
19828,16.18561692715684
19829,21.069551934955225
19830,10.823875796869427
19831,11.953203909206499
19832,11.193681570526117
19833,17.23995096112795
19834,16.40711086177397
19835,12.920415411004047
19836,15.852563116091005
19837,17.854756214898277
19838,11.364260832586176
19839,17.679454364587702
19840,16.447664098255075
19841,18.405365847527744
19842,15.623057321808485
19843,11.654807841169873
19844,12.598819638966532
19845,15.980147003735308
19846,19.506075350064204
19847,18.95691982112291
19848,13.292647252081704
19849,16.893402512242723
19850,16.777708755953046
19851,14.534460247924715
19852,19.4575624023128
19853,13.286328223054205
19854,7.914857460073127
19855,13.5057196541162
19856,13.131388250493467
19857,19.29380763965908
19858,16.295009982475786
19859,15.276494330268072
19860,16.198727356059578
19861,9.53927614175742
19862,18.426905419810787
19863,15.594713784059534
19864,16.11126684808817
19865,15.312807562788597
19866,9.43530791437754
19867,22.550094598214585
19868,14.569903749770347
19869,20.273540971143856
19870,15.83829382647199
19871,18.257475764125296
19872,20.184825620037806
19873,15.72780213010411
19874,13.543746805479518
19875,14.114061972659881
19876,18.220280569016623
19877,15.06381216107452
19878,19.255178617764052
19879,20.80734380658192
19880,12.780511952700717
19881,12.046211214974443
19882,10.482106673247397
19883,17.24316967154097
19884,17.511929747105953
19885,11.95662282909514
19886,12.3234104457762
19887,12.71485413572553
19888,19.693677791017983
19889,10.764393400215942
19890,17.382232898331175
19891,16.380407505399145
19892,16.624583822304555
19893,18.230711094416026
19894,14.175303186631451
19895,21.374638219884925
19896,13.632241411083001
19897,20.049815776479623
19898,13.220085805516355
19899,15.73374146871909
19900,19.171744369550304
19901,14.503935283742159
19902,18.303321715586783
19903,19.45806755528958
19904,16.229119328006856
19905,16.4847223879747
19906,16.23521592116454
19907,17.83773401159727
19908,17.73470040941753
19909,17.803277273026413
19910,19.615558555479762
19911,12.020370502669715
19912,18.056930972144016
19913,12.246414822244567
19914,19.264542307138495
19915,18.442014662952257
19916,14.661523909245755
19917,12.791188490045576
19918,19.36094789477448
19919,14.944101849786803
19920,13.433681127443087
19921,17.662907847160383
19922,12.99595798364907
19923,20.391686655117176
19924,11.070314309839937
19925,11.533440517200269
19926,12.93646280820829
19927,15.130470278055654
19928,19.232862683253817
19929,21.468240145806156
19930,13.362143368294085
19931,16.92432365827409
19932,23.097716695595704
19933,14.671309024483403
19934,18.59873749458051
19935,19.59020555646048
19936,18.932352756989722
19937,11.854393058222524
19938,18.96431145892157
19939,14.355153437752062
19940,19.071813956121854
19941,14.097207657809287
19942,17.064473889634847
19943,13.999431965320463
19944,20.97549636325423
19945,15.711256077974623
19946,10.731832208337375
19947,14.940941536175155
19948,21.46554603286379
19949,15.448185940540602
19950,21.361948923203126
19951,10.129680353733725
19952,12.456320303014474
19953,13.671172739928899
19954,16.987235947380164
19955,16.41357424806741
19956,19.49428607239694
19957,15.010971040185467
19958,10.253563241782341
19959,8.145513869638613
19960,14.596800199303052
19961,13.917215633085842
19962,21.20474932023013
19963,15.919652964823694
19964,13.21499991065904
19965,17.59610215612511
19966,15.307437276624375
19967,18.571954025099068
19968,16.093564896416474
19969,14.615329365360163
19970,10.470460245272186
19971,15.588609481535055
19972,12.805968922953866
19973,16.54857689819851
19974,12.659781253966022
19975,10.91744947767705
19976,18.089412386282504
19977,9.43675968917061
19978,16.808094214880548
19979,15.827812056245088
19980,13.727538126888192
19981,17.17398526906968
19982,15.532937114191135
19983,17.981295145939864
19984,10.932639681680454
19985,17.348605961174705
19986,16.536442404025344
19987,17.24764870759725
19988,14.91696833381633
19989,15.893353769908241
19990,9.440860742256852
19991,15.059808343895096
19992,18.631301281189902
19993,19.58602392662447
19994,9.084756854996368
19995,7.733342984491725
19996,18.317432622531783
19997,7.429078713809602
19998,17.932732456694666
19999,15.168091176214903
20000,14.853900127141086
20001,15.718791197243519
20002,19.362191800043362
20003,14.256393453495917
20004,11.43498991584115
20005,14.970281020440689
20006,15.067392519603079
20007,17.02995634667674
20008,10.667545856149705
20009,17.35999092228551
20010,18.989199281642875
20011,11.748742199692751
20012,11.580119863071172
20013,14.805232842317148
20014,11.128250256679834
20015,23.585988150395483
20016,9.137706534635155
20017,13.980211708888703
20018,9.510030851941906
20019,7.7567437215186334
20020,15.773596219980776
20021,17.13468141185487
20022,11.893496777201136
20023,15.92971616489492
20024,13.926436337534197
20025,14.773536731136808
20026,16.52991123255295
20027,10.667039269208367
20028,21.3535577047493
20029,15.375081601953674
20030,13.722902656327872
20031,12.06596016238906
20032,22.518031724299775
20033,21.601079863074858
20034,17.2184002660163
20035,10.36114701236599
20036,17.42392187085623
20037,17.565472128828365
20038,14.840299802130156
20039,22.326423470527075
20040,18.89004924638163
20041,16.044562502698735
20042,16.08184895990831
20043,15.788810835404181
20044,14.378193198304043
20045,15.569314261718054
20046,16.52138910767529
20047,16.533331970181237
20048,14.71009460762507
20049,12.56347740463953
20050,13.799002581248159
20051,18.2249476839217
20052,11.845009133548693
20053,12.513160287348102
20054,14.865815441759889
20055,11.683178330612394
20056,19.621761782540784
20057,13.14664415979649
20058,14.015114055466382
20059,11.962014414637284
20060,12.118029745265357
20061,16.87216699991934
20062,17.05508825115184
20063,13.556228258490147
20064,16.958805945111347
20065,12.94289003972311
20066,15.73930130130314
20067,16.758164947132737
20068,17.02184459735748
20069,15.113619039090631
20070,18.78261133677292
20071,18.26359828560548
20072,18.60535260667504
20073,12.928186418725375
20074,19.58511716837111
20075,12.510079340649542
20076,9.43018656672695
20077,18.08698235332515
20078,15.926117124128735
20079,16.44807415245712
20080,19.20383863944257
20081,14.867302345036096
20082,20.432766490412288
20083,14.007301929232286
20084,11.996856211060948
20085,18.664805857096866
20086,13.668590124661783
20087,14.429944540017615
20088,11.169551617030425
20089,16.531175739486535
20090,16.508919517032812
20091,13.524533824990467
20092,16.251969110951812
20093,15.532973601233351
20094,16.986725994803855
20095,17.529184153554887
20096,12.195084481252646
20097,13.565040520585626
20098,16.018652518378662
20099,15.4913119938033
20100,17.613169314233488
20101,9.242429833785847
20102,16.868376105154294
20103,16.567929143023502
20104,12.528986043993108
20105,19.04206022785059
20106,17.21712005953354
20107,14.843475895622305
20108,14.671636439973774
20109,16.103164457060483
20110,17.438526137647848
20111,11.361694075408035
20112,9.34302703507803
20113,16.046041045328376
20114,14.73989524434579
20115,17.68833391540421
20116,16.18405975862055
20117,19.39744602099125
20118,15.928509649550284
20119,13.163854598570754
20120,20.06166031792547
20121,13.2788200158064
20122,14.783073285237487
20123,16.87851162358235
20124,18.604309858901093
20125,17.460311592270713
20126,16.646107072625625
20127,17.810381519227192
20128,11.50650606040945
20129,12.077741151205252
20130,17.56379886702132
20131,10.404101962239682
20132,15.657878996781177
20133,18.427620657012607
20134,17.673613551066484
20135,10.829351578118422
20136,17.91039076593706
20137,16.510915920206568
20138,13.554506797506612
20139,21.057810213743156
20140,16.884550453365758
20141,7.715842305076489
20142,18.19510416527854
20143,17.757008802756772
20144,18.12530927764877
20145,16.569630844263813
20146,17.9203840293735
20147,13.530871524773367
20148,16.315489457412923
20149,16.539873640735372
20150,11.842078616073728
20151,13.539664153294193
20152,16.18557657969907
20153,15.287086543678326
20154,13.423363628049714
20155,14.664204125107124
20156,16.78686897602318
20157,14.533311011858036
20158,18.12702634153228
20159,15.514228020766009
20160,11.37768181013453
20161,12.087650581716408
20162,14.037793821758315
20163,14.529949203633768
20164,13.95100986738176
20165,16.711636501735974
20166,15.83804060373342
20167,14.046348164289075
20168,12.783702083757726
20169,19.333933990931733
20170,15.667341579754677
20171,18.176930453756874
20172,19.908051986377718
20173,16.980636581689897
20174,15.09987873369942
20175,14.05060151613711
20176,10.456138734426133
20177,16.103549683203227
20178,17.291625397397024
20179,16.831824265516254
20180,14.98008086310094
20181,14.12913867561736
20182,15.585777097549165
20183,14.764678652829652
20184,16.114656603077677
20185,20.196006799491837
20186,14.86339186601792
20187,17.198491622562752
20188,12.725750698832547
20189,11.20093071504591
20190,20.856129180205045
20191,21.162650773410107
20192,12.630858157574117
20193,16.8940126288238
20194,14.714685162819718
20195,19.18257500416607
20196,14.434503411170898
20197,18.9276378146663
20198,17.975789412049764
20199,15.292556342119868
20200,14.8396747000416
20201,14.460280167794805
20202,14.985920361210427
20203,20.262159728174446
20204,17.521663748516666
20205,13.788087278876834
20206,15.206905789648967
20207,14.364405563426082
20208,14.934207794815245
20209,6.733399807379385
20210,14.978569589021449
20211,14.526005267594496
20212,11.021358156605462
20213,14.46575745215279
20214,13.047268163212173
20215,12.976107428687117
20216,15.290022336989237
20217,14.363122885514946
20218,11.326665232193285
20219,15.592305137299308
20220,13.42347384004009
20221,19.50444233985664
20222,15.469307337414623
20223,21.32274836246432
20224,15.662588142557011
20225,14.445011441518645
20226,13.339440950240768
20227,17.456890384128247
20228,13.809424920729867
20229,20.383033759283204
20230,14.733119423469654
20231,16.422988493640904
20232,13.264523906149757
20233,15.260538877889488
20234,17.638905276931872
20235,19.39911120104243
20236,13.024840327674816
20237,17.951908916120054
20238,8.629113492224526
20239,14.447831634341558
20240,19.241477162029522
20241,18.02808762226697
20242,21.823552017180262
20243,11.572615058228212
20244,18.771062219732404
20245,12.391683137392551
20246,12.52564485838078
20247,19.29469999527295
20248,17.013970867238484
20249,16.083838558242515
20250,16.027070598797742
20251,9.332463789678016
20252,14.529724053421749
20253,16.39334120863445
20254,11.579987399880197
20255,15.08426554870089
20256,15.118826991314213
20257,19.040738036005376
20258,16.305924556248748
20259,17.184593576626906
20260,15.99365217718608
20261,8.8626156472999
20262,17.17172335850026
20263,17.543322865529046
20264,20.04100283637347
20265,21.289780182804435
20266,13.331291680889349
20267,11.267987878190338
20268,12.143013928645992
20269,12.41730676160681
20270,13.82445729817261
20271,13.28038793644288
20272,17.65771200493785
20273,11.457511916664352
20274,19.634559621723227
20275,15.195644257240046
20276,15.52619857022098
20277,11.405876023931768
20278,18.207256177737648
20279,16.47716369161534
20280,7.9042994387937995
20281,17.351478191102494
20282,12.516407131124637
20283,12.587883758347196
20284,10.755025694706413
20285,16.671392581759807
20286,9.205989582984376
20287,18.74521893886042
20288,15.929395036308382
20289,13.55147225003029
20290,13.155725357701366
20291,22.469219483091948
20292,14.306982861266388
20293,13.479346826447616
20294,13.315021772787595
20295,11.298703277490512
20296,12.997160135515703
20297,15.77795784621794
20298,12.687382966861858
20299,15.745109111390942
20300,18.946270062134566
20301,11.478505428356954
20302,11.8397548648098
20303,14.968465090853313
20304,16.413340608114297
20305,17.236127706050016
20306,11.911517128589693
20307,16.43189007717288
20308,15.91624739698713
20309,11.707828804126123
20310,12.159534681851982
20311,14.272455550400558
20312,12.020613491917265
20313,18.050050777527126
20314,15.603412604105104
20315,16.441489582301372
20316,16.085761024806708
20317,18.324511745644013
20318,12.385565704489776
20319,9.901768570318424
20320,20.34292607852067
20321,16.213487122116987
20322,11.945022989187393
20323,14.032785434872443
20324,16.61537136480082
20325,14.157947091981981
20326,12.504946512226812
20327,19.6277188915755
20328,12.50751666554404
20329,17.25489013978632
20330,12.29028365783361
20331,16.214219098849057
20332,20.11591538575421
20333,13.397159752654568
20334,17.20569884063417
20335,16.937014935306447
20336,15.159633653218172
20337,13.879527795506796
20338,20.735200975356836
20339,10.337215357007276
20340,14.229020575243705
20341,11.709714471066986
20342,13.522992336480435
20343,6.437754829705984
20344,7.171534273430243
20345,17.17923083360911
20346,16.117093510761393
20347,17.712491376670926
20348,14.22718238590505
20349,15.971082705895776
20350,18.258988350221866
20351,20.84326839856923
20352,16.298594425186845
20353,10.764689284478031
20354,15.949406265975956
20355,13.598423401621076
20356,15.760999795322524
20357,14.10318573452219
20358,14.788184084688092
20359,12.908214304154637
20360,13.617385166493547
20361,9.17950610940376
20362,16.402846784784124
20363,13.682162206743714
20364,17.55243625323219
20365,13.63763753768195
20366,17.106608136319725
20367,14.43575552184827
20368,15.2549738165308
20369,13.697765902770128
20370,17.505894027126583
20371,20.50618735382899
20372,13.13582711481453
20373,9.128087002637937
20374,15.217566222972806
20375,21.12430821687293
20376,19.675720856267493
20377,22.061045432542915
20378,11.062252513287117
20379,20.026688792249324
20380,11.032139768672744
20381,17.012358334151145
20382,11.314353258609614
20383,14.905160826995884
20384,21.200457289068915
20385,17.16901554744287
20386,10.973557538711985
20387,16.745123422031227
20388,17.27601405357368
20389,15.555023128701672
20390,10.310295317812194
20391,17.48607806648284
20392,18.506171740674805
20393,19.0825650995551
20394,12.377046094706026
20395,18.552757997505392
20396,14.123697160233874
20397,12.424177813807441
20398,15.092339614578062
20399,13.194344038478958
20400,9.56467891260287
20401,15.34151691755074
20402,16.92544287921152
20403,18.7972933671566
20404,13.817928146191694
20405,12.370150719622279
20406,15.859246648849377
20407,16.146774925003587
20408,14.80430406829257
20409,17.56595255274088
20410,16.17083404707128
20411,16.292467743988265
20412,15.187967216896002
20413,16.345343288136576
20414,15.312420412810496
20415,11.588082351017931
20416,14.813711919700097
20417,15.325475763985255
20418,11.426375523454166
20419,12.65237474480945
20420,18.552272500982106
20421,11.847692664594334
20422,18.33677131667087
20423,17.163417652098744
20424,14.402188925697656
20425,16.199787390308252
20426,18.14856245880511
20427,13.462259588960958
20428,17.879829916072193
20429,11.79491888000122
20430,16.702161324077146
20431,19.266376936450307
20432,13.934555169916173
20433,15.564301137096457
20434,13.271696911975056
20435,12.631281224761738
20436,13.324037813136222
20437,16.075647976098043
20438,12.95219104731532
20439,11.596563916623458
20440,15.028610732985298
20441,15.316777776330515
20442,14.806791630001984
20443,11.647359486989615
20444,10.436514222324647
20445,14.576168562573883
20446,13.522855144647014
20447,14.85270296469236
20448,14.674939694380537
20449,12.752133392408957
20450,12.41511288274
20451,12.699730634700693
20452,8.296111956838812
20453,18.72298706756801
20454,13.032111847160124
20455,15.30101222609744
20456,12.062690826044998
20457,18.85664649065121
20458,15.904590461480094
20459,13.151631292301222
20460,19.950953805843067
20461,12.336468381192999
20462,13.32619590124661
20463,14.404050260504372
20464,19.923834321960264
20465,19.125252984196013
20466,12.211228767271082
20467,19.502109148891357
20468,15.64868856568957
20469,19.015539761637946
20470,19.615476320307238
20471,19.77362605433094
20472,11.043883712535454
20473,13.83124280077892
20474,12.755901062989663
20475,13.176119428030932
20476,18.35614359710754
20477,19.40425475167091
20478,12.540618276944008
20479,13.760553268537063
20480,14.704847054755149
20481,19.45831477567969
20482,14.607270801611387
20483,17.475634376511806
20484,18.866869320984385
20485,18.450503680797222
20486,15.586905079476171
20487,18.926027196214008
20488,14.596129395389736
20489,13.372919509733915
20490,15.637020113288923
20491,11.227861779125398
20492,19.919573582339403
20493,14.456861908261203
20494,16.699567809245845
20495,14.483504338069295
20496,17.33915890878413
20497,15.743845824729402
20498,14.7428744256921
20499,19.435153798513824
20500,10.645990021887638
20501,16.064141888025276
20502,17.444271033026396
20503,15.431432580009115
20504,14.191867257571309
20505,15.549766953547014
20506,17.81649417961325
20507,14.018930944437756
20508,13.016212705340617
20509,17.768683786088705
20510,16.074265717729592
20511,17.43807921820637
20512,20.886310851918257
20513,15.742090213215022
20514,17.395322891067064
20515,20.19927954060207
20516,16.403364683377177
20517,16.31286218749039
20518,15.026378643364447
20519,13.91161697887281
20520,15.833415246746913
20521,19.58533789427515
20522,20.398781150820952
20523,14.559055215473172
20524,19.519322296587458
20525,15.624624119265299
20526,14.597081059659725
20527,17.118260191885213
20528,10.15226741589331
20529,20.532735247499986
20530,21.41198290293883
20531,20.59871193325532
20532,16.37219570921366
20533,18.422569672940583
20534,16.282098483881295
20535,21.266140581805594
20536,18.91182873097095
20537,17.6766542183344
20538,16.32586234870863
20539,7.8977662363224095
20540,15.250560660425823
20541,17.822482478649693
20542,9.965193822742568
20543,18.845299758767
20544,17.98508990942316
20545,13.810732147858285
20546,19.911752398573853
20547,17.777998278244006
20548,12.457120202839725
20549,14.580876261461672
20550,14.343716056278211
20551,15.084160294589674
20552,13.768833325714422
20553,13.261466045170051
20554,17.942285945358584
20555,17.836750279473613
20556,21.225350385499894
20557,11.348426735870884
20558,14.356674026744585
20559,15.098158854557031
20560,17.80369288719612
20561,17.88066879197318
20562,14.99215307667418
20563,17.097190077156938
20564,15.820089499703979
20565,13.744920018811637
20566,21.20441566348896
20567,15.85996373117025
20568,16.107012176365796
20569,13.240920114476484
20570,16.79743113782778
20571,20.16708126084709
20572,17.182938233013914
20573,19.28447134092674
20574,14.946305393868492
20575,13.21209740653846
20576,16.182328294989787
20577,18.835441687904563
20578,11.926669364211374
20579,18.411132245221445
20580,15.995794079171072
20581,15.40621802602788
20582,18.916351651885567
20583,16.944444790146456
20584,17.49278331393235
20585,8.213164890410354
20586,13.237273301309582
20587,20.905762967164556
20588,15.767006865761719
20589,17.00954641194645
20590,12.588410360206836
20591,11.708649783586608
20592,14.696787852454317
20593,17.19693785150987
20594,20.080784460057554
20595,17.996993746356807
20596,17.502441678974
20597,12.837362082277476
20598,19.2663322556305
20599,16.84453124286044
20600,19.28430707708572
20601,12.585415444408675
20602,17.195029749461092
20603,16.231716682322155
20604,18.563547607428795
20605,9.501509435966387
20606,13.568440481267064
20607,13.152146211782034
20608,14.101300190574676
20609,9.654291240719084
20610,14.69666102037506
20611,11.657636794289376
20612,13.669673416993358
20613,11.850313896460413
20614,10.623257239625605
20615,16.64794292025408
20616,10.460308392774518
20617,14.951306907611222
20618,15.949368814762101
20619,18.211777712690957
20620,16.1571719423353
20621,17.904357613918013
20622,19.435633575462177
20623,12.575263196409754
20624,14.76864916517911
20625,13.551640521495504
20626,11.240242831629184
20627,14.271620550107643
20628,13.839888332411519
20629,13.588397789430608
20630,15.826066758423442
20631,13.097925697116123
20632,15.466835378189733
20633,19.035644884354802
20634,20.711850106946244
20635,15.978875840670621
20636,15.655318971261137
20637,20.46262097720332
20638,23.350552717600486
20639,18.09831849226008
20640,17.012497606393737
20641,12.668339298740868
20642,9.782628190196014
20643,18.669014427190557
20644,11.986979295593514
20645,16.035268167765174
20646,12.239213710917936
20647,18.301388343060538
20648,11.017930861462208
20649,15.484516726311977
20650,18.09304199315868
20651,12.818825173834526
20652,17.329378716127724
20653,17.53862386506523
20654,13.244328028715714
20655,12.204222359329993
20656,15.502325699029061
20657,20.3915610583705
20658,12.441971016340101
20659,15.753169343403584
20660,9.75262446239514
20661,13.66300229419652
20662,15.35679888430323
20663,18.194037877336125
20664,13.713245559357702
20665,17.87189827377126
20666,18.10610632253147
20667,17.63436726212028
20668,13.570445718160624
20669,17.19917253192699
20670,14.108342720417879
20671,16.995180607575485
20672,14.38313159055193
20673,20.097390987142596
20674,16.521632396101246
20675,11.412814617950156
20676,20.051739548648378
20677,16.014850094657817
20678,18.170025974358527
20679,14.45056947740675
20680,16.18296641986285
20681,18.130164283377923
20682,13.601359828158259
20683,12.118473120400417
20684,10.831870504309013
20685,11.526719945490887
20686,11.000021901497213
20687,15.465519264840967
20688,13.706099792856211
20689,14.066885580460074
20690,12.947593397889293
20691,15.568592601142594
20692,14.364894049380087
20693,15.503025887111567
20694,17.579305481878098
20695,16.671336399000676
20696,16.618631977357165
20697,14.48607996991469
20698,9.654923833059865
20699,16.925038788701908
20700,17.01202799382463
20701,18.355298537201346
20702,15.01143331851323
20703,18.35533085328745
20704,15.453769973272907
20705,8.94627366722207
20706,21.145874297723875
20707,16.715053102283353
20708,14.793008823001227
20709,10.090693285050806
20710,15.977756700197158
20711,14.924653634229417
20712,23.073274931830326
20713,20.10582422409543
20714,21.307971175502793
20715,18.5322313573425
20716,18.75729076385823
20717,23.612714162021405
20718,16.55167953153615
20719,14.920743240727024
20720,17.007687014516407
20721,14.777591182437984
20722,17.4306495076669
20723,18.258811064438373
20724,15.705006799215285
20725,9.558788177820656
20726,11.546707746741038
20727,14.002681633877582
20728,16.450720041835794
20729,16.361512115542972
20730,14.825305712967783
20731,10.594442339248431
20732,16.320345989578566
20733,10.87362711705632
20734,15.128339177755572
20735,14.605275452633181
20736,11.220310062755741
20737,16.31561591788638
20738,14.225032457604799
20739,15.779335158032064
20740,15.674485801047059
20741,16.71318666775823
20742,24.259591709880176
20743,15.270943814180937
20744,18.443267032969562
20745,21.90515262413893
20746,14.576063771551674
20747,20.376995590908038
20748,16.64929548699358
20749,14.835410414374424
20750,15.45658273936679
20751,18.011533834896262
20752,12.302533366080198
20753,19.575516001232828
20754,15.557128882798073
20755,13.94061860963128
20756,13.099084667241879
20757,8.556118532021397
20758,10.516119167777534
20759,10.47213866265441
20760,15.868436845429835
20761,16.379395857012863
20762,14.460504272278264
20763,13.16710464189109
20764,15.60143805246708
20765,16.342005953865346
20766,13.730067633661484
20767,20.46633201178495
20768,20.62626312675461
20769,18.123707729694786
20770,12.047428621734696
20771,10.795426220241291
20772,20.473475789420227
20773,15.499043197449627
20774,14.60093399165779
20775,15.27321222197942
20776,17.10109241917418
20777,16.060136617335512
20778,14.043403566761434
20779,12.781866571421654
20780,12.472266745412991
20781,7.836816324054239
20782,12.151018058357028
20783,18.808794596911746
20784,16.19130593544512
20785,15.661512176245802
20786,7.985884704428795
20787,17.40514257598332
20788,14.07924997810559
20789,15.357955449552893
20790,17.975783982138864
20791,18.100476768011745
20792,11.968147384175154
20793,20.469313326726922
20794,9.751950824000257
20795,9.083026398351455
20796,14.844734519685117
20797,12.189399680022172
20798,18.298594163149403
20799,14.062971420459974
20800,20.571525780878666
20801,14.09252156162366
20802,15.650514206176666
20803,19.588455929273543
20804,15.292082155477036
20805,18.95632357959516
20806,18.255597596773573
20807,12.535228111082361
20808,8.310135412976862
20809,10.908801665830275
20810,18.103394594226394
20811,14.838194323385894
20812,13.191006345948127
20813,15.189775186178105
20814,15.46179659864041
20815,14.92609379987523
20816,17.335744057453734
20817,17.156248109449415
20818,12.586698149367118
20819,19.34556273055417
20820,21.719029564790397
20821,17.710387009017996
20822,16.06039591745641
20823,17.148765322304428
20824,18.061375572856853
20825,13.318260596040828
20826,15.096036742035954
20827,12.795339561574485
20828,10.11269098521739
20829,16.37484696495149
20830,17.23814944287753
20831,17.346952614496836
20832,14.25471852716668
20833,14.300409773751255
20834,20.048290543383338
20835,14.853281058714872
20836,16.066132587543756
20837,14.048089547939588
20838,18.04320055972639
20839,9.960281349749032
20840,16.813332370008048
20841,12.663652696812772
20842,14.74694221669805
20843,13.92564611392243
20844,13.491350536963465
20845,15.98872944944008
20846,13.82658210011778
20847,14.313048596289454
20848,16.157838441663497
20849,17.52171299046349
20850,13.989411713691961
20851,11.62589383503565
20852,19.36457279310875
20853,17.131192504110487
20854,14.25272230514233
20855,17.169158071950584
20856,17.551470527914756
20857,17.198348390642575
20858,15.257321849040668
20859,14.519072523272701
20860,17.064008165530375
20861,19.036051301803422
20862,13.822733881295909
20863,16.1647251913351
20864,17.276011421121844
20865,15.977459681949385
20866,15.203190601454137
20867,17.50981322509773
20868,17.481848279002143
20869,12.38472178602407
20870,13.608114723205034
20871,19.49709583416478
20872,15.845564213960856
20873,15.063589852172543
20874,16.502118479851614
20875,13.605641482935221
20876,13.856736064581796
20877,17.805948854235442
20878,16.52166777050496
20879,12.860100192939417
20880,16.64177585405582
20881,13.691090098617137
20882,16.161631278374212
20883,22.511177359779715
20884,15.375920227215449
20885,17.559817000913366
20886,14.380985733901955
20887,16.790287858269558
20888,14.63272239749752
20889,12.81507489773437
20890,8.485584159165274
20891,14.09348329956729
20892,18.153033332155445
20893,19.500510121290564
20894,18.554601661007457
20895,13.581310207535733
20896,15.937421353930668
20897,17.458348996633617
20898,14.775104080301915
20899,18.58122447543664
20900,15.013449738397174
20901,18.94177930939407
20902,13.940260948754302
20903,19.00554383663885
20904,16.12658955508066
20905,18.525621118577305
20906,14.07935703364792
20907,18.559071344951832
20908,8.53454520105373
20909,16.809535877726116
20910,19.28405402132414
20911,12.91089465400266
20912,17.542217793931474
20913,14.649655087507941
20914,12.137048809749615
20915,14.568969733969622
20916,16.378875575350964
20917,15.719341848531668
20918,15.772170694599122
20919,16.240966957098827
20920,19.259801313316522
20921,16.646966296728966
20922,13.618808062573308
20923,10.638559809685123
20924,13.02406142680135
20925,16.160998343888142
20926,15.319800171934581
20927,9.972564804649593
20928,13.46470176202707
20929,12.357453471003462
20930,22.502383368137814
20931,17.64787130933084
20932,13.45312141346013
20933,17.371923729485133
20934,15.655220668893774
20935,16.55646152742203
20936,18.056587574781453
20937,12.717800213455511
20938,12.499528717707946
20939,12.929286065434187
20940,17.25307492884685
20941,18.806312955590673
20942,17.03417651476014
20943,14.802934236362594
20944,11.4677133359039
20945,21.277708097038563
20946,14.181767536556867
20947,10.447204198848643
20948,17.615351523283962
20949,16.610300772487292
20950,15.10759025606356
20951,18.64228591720982
20952,14.144737886424899
20953,17.004912776184877
20954,14.682499701342826
20955,18.378738860944047
20956,15.818532513462507
20957,13.09192925383773
20958,13.857596635134023
20959,10.104965155822155
20960,17.686079891847548
20961,12.369489081199953
20962,14.234026703145386
20963,11.013110093563927
20964,20.754990587158154
20965,12.648518377243665
20966,14.979784150406358
20967,12.983325273342748
20968,11.055318620830114
20969,10.664476325887826
20970,18.157022749129133
20971,9.249573945929257
20972,12.640679522050096
20973,16.441281401818507
20974,18.261030814857808
20975,13.963402836439908
20976,9.566253353456066
20977,12.147849301483902
20978,17.11010987189185
20979,9.414937732533996
20980,13.05044090255052
20981,9.348604588654059
20982,19.036673896151836
20983,14.15283545413746
20984,14.94272128954557
20985,11.966598475214187
20986,16.48765836985995
20987,10.580010616890105
20988,15.1402457927953
20989,12.136898801474409
20990,15.418358496489644
20991,19.958409822454435
20992,14.523957771535462
20993,13.600932388702406
20994,14.119396678696862
20995,19.905782775474616
20996,12.913762184053015
20997,11.906405625687396
20998,9.43556521333808
20999,17.00036591260831
21000,17.201057487030635
21001,19.594594334300133
21002,15.368015515012816
21003,11.358750243838973
21004,15.00862549512703
21005,13.16730736383393
21006,11.03978528322703
21007,11.065987437670941
21008,11.321262896933083
21009,16.43311969170051
21010,17.538241689635647
21011,16.303659330839064
21012,13.091686987983865
21013,15.932435026302475
21014,13.067726769462961
21015,18.08257976480311
21016,14.387333499071017
21017,16.285694421363463
21018,15.546609809373651
21019,15.34848179793874
21020,14.87610146152467
21021,15.205091770389437
21022,17.86806532131491
21023,16.928581920343817
21024,11.881897965587388
21025,10.370441226193854
21026,11.797677866938624
21027,14.467332468477522
21028,15.712594772108773
21029,14.22235535179248
21030,16.489286805723214
21031,14.297245762057639
21032,13.432791395804273
21033,18.70064320925083
21034,13.499923355841297
21035,15.679503943915012
21036,15.78537373654593
21037,18.019620286019347
21038,13.213082643264801
21039,14.269614080702128
21040,13.705226455199067
21041,21.898751010943776
21042,18.90831436628614
21043,22.369916419847442
21044,13.713229725908286
21045,15.998457860730666
21046,10.396767054038103
21047,12.820397725437665
21048,20.622822512306648
21049,11.602239644646733
21050,19.95398558499798
21051,18.947313870848085
21052,18.32386063704968
21053,14.147848127138525
21054,19.576398139014184
21055,12.455058769146564
21056,16.680100618671908
21057,16.39270630590389
21058,11.589077982960863
21059,13.875413873104563
21060,19.994463732502034
21061,20.72114325077559
21062,9.617749964624934
21063,19.130173545318268
21064,19.821055810825367
21065,15.682451005879884
21066,21.16993082066596
21067,14.200734572326585
21068,14.793497852288207
21069,14.327357265337689
21070,18.02438566636319
21071,10.772318290467553
21072,16.929499925223354
21073,18.875003580390093
21074,21.045325901530067
21075,12.973661344541883
21076,16.286400194046912
21077,8.977729140228254
21078,12.882523197229943
21079,10.734688167762025
21080,14.725982916284616
21081,14.102363255389783
21082,22.24717750502696
21083,18.90753996736324
21084,13.675359943653895
21085,19.779349802788364
21086,12.494693059265964
21087,13.359500290607457
21088,15.760038189862641
21089,16.176536289198246
21090,14.69501772446559
21091,14.454021273403832
21092,11.878082922421179
21093,16.209186329004723
21094,12.840542819249494
21095,18.586993338596493
21096,15.806571694139782
21097,16.005583412956433
21098,14.066570548666068
21099,17.11524153164544
21100,13.736887453024144
21101,11.435457490076288
21102,14.516837429712965
21103,16.57995143744723
21104,11.080122494509553
21105,14.081016979488863
21106,19.931415421042914
21107,17.506165815929794
21108,10.063045127515743
21109,13.64500678212181
21110,18.556915683365226
21111,14.278010821538428
21112,18.913646021140366
21113,11.604822873980877
21114,17.087917637610843
21115,16.083924928174845
21116,9.76844564366714
21117,20.90801323504074
21118,17.05986032815974
21119,17.721371074607905
21120,11.628748998331517
21121,22.503911254090355
21122,20.53391962485092
21123,18.549517048564297
21124,12.188330502164066
21125,13.816047856691851
21126,19.577402485929433
21127,9.018217658235411
21128,11.655205283772187
21129,16.362418628877492
21130,15.560375456949856
21131,15.063054867266192
21132,9.757992801265734
21133,16.593432069746555
21134,17.771967451481135
21135,10.297312695643804
21136,13.353397397450038
21137,15.308258664536893
21138,14.722677485841912
21139,18.279206666103097
21140,12.752134743929542
21141,17.20737713151141
21142,14.4895478302739
21143,11.14534388658775
21144,9.718363440634413
21145,16.08916490473636
21146,13.456905618190966
21147,15.926198019482268
21148,18.601015387052485
21149,11.306688029319496
21150,16.880321664650996
21151,16.572095291596423
21152,19.49860573577031
21153,19.430081527986054
21154,17.51546498126182
21155,14.46092542944354
21156,19.21588958328381
21157,13.714033752499688
21158,16.01406501039866
21159,13.992473440840726
21160,13.684931052232217
21161,10.343052390054023
21162,10.193641518825688
21163,15.853671007513473
21164,19.647480948337318
21165,14.240463911702495
21166,15.178124690266694
21167,10.697344969747508
21168,14.7203849897045
21169,16.60951208617871
21170,14.621430002857156
21171,12.071675047485833
21172,19.699973170387388
21173,12.313516568669248
21174,17.202037659142935
21175,19.811798171989057
21176,11.04200189007873
21177,21.71091685545361
21178,13.131924061632613
21179,14.729412099547265
21180,12.986703794938364
21181,16.93274560587258
21182,17.94020825818586
21183,18.4175200480655
21184,16.03067145301344
21185,8.258807930459263
21186,11.403083020561876
21187,10.81222725786953
21188,10.328838263726983
21189,16.007739807045695
21190,22.31200874637611
21191,19.177014673558876
21192,15.757506316857675
21193,17.038481919671444
21194,19.57667909222507
21195,18.560467679500924
21196,13.695750659546203
21197,13.000987936776866
21198,14.353945254169366
21199,17.567374514559276
21200,13.981882236229811
21201,14.117057074015975
21202,16.098274490471937
21203,13.645567598235827
21204,16.054410578654753
21205,14.10306469714678
21206,18.250597144644455
21207,16.34129913306291
21208,16.634148799267663
21209,14.71549709080671
21210,17.748946572618745
21211,20.243835816793663
21212,12.576874849524495
21213,11.87964808235662
21214,15.022470845200553
21215,20.36787286750591
21216,9.14621230211168
21217,17.09178985613311
21218,13.583476285478506
21219,17.833731046717325
21220,12.36058049259869
21221,22.075720927730572
21222,14.005124292412363
21223,18.94870393498796
21224,14.414677818946334
21225,14.101852165273511
21226,12.289262345657272
21227,18.7095760315663
21228,16.70937630371176
21229,18.985958668885555
21230,17.01656492771735
21231,13.134679611737205
21232,18.939457247750244
21233,15.241772163951149
21234,15.064788561297393
21235,15.693440844718445
21236,15.69495948645798
21237,18.0402241302741
21238,15.3420585642402
21239,15.125732894822304
21240,10.721319836626055
21241,11.114704519666644
21242,16.278208581638616
21243,16.728549325251098
21244,18.58072753570161
21245,15.370419109728424
21246,14.76360156382941
21247,14.933382879044284
21248,19.421503395957664
21249,13.343217781662144
21250,16.18205236133351
21251,11.89988388138169
21252,16.041641322529856
21253,15.38546448878228
21254,15.797213152933523
21255,15.985234593157392
21256,9.62322681780705
21257,17.258050408333915
21258,16.033918479138585
21259,15.046356297389844
21260,10.462342869215018
21261,15.268189993144171
21262,14.819921451012728
21263,12.482000021531235
21264,11.310999611570399
21265,14.591767668617727
21266,19.27364135334126
21267,10.411556751480116
21268,13.879303976504547
21269,18.289232045705425
21270,17.761010374390235
21271,9.495853981309228
21272,12.387556733887441
21273,13.770264282914672
21274,17.585717424380242
21275,19.476854175490107
21276,12.077763518021028
21277,17.174883782099702
21278,8.427845256192066
21279,17.915934954906106
21280,21.36423924255614
21281,13.561184502960751
21282,13.52373825602469
21283,15.28756699262706
21284,13.605580821105633
21285,18.272554597554574
21286,16.903214258082237
21287,13.716258236667635
21288,13.42514309962083
21289,14.687353357393718
21290,13.097038292666795
21291,15.958561579936296
21292,16.522256374697328
21293,16.4454830058308
21294,13.423547108577713
21295,13.4129419304878
21296,13.939752309114617
21297,14.748868120756608
21298,14.924992717094169
21299,10.72072979315483
21300,14.104472054233042
21301,14.056865160964865
21302,16.77230902185775
21303,14.14990355238818
21304,14.953754203634167
21305,22.756003925081675
21306,16.166084822096224
21307,19.6352653636538
21308,19.59123533792291
21309,13.839918918004303
21310,21.51919659229952
21311,17.371250250049012
21312,19.6413003701102
21313,16.34265531769975
21314,13.18178484515197
21315,11.512730092786121
21316,15.481423689197964
21317,17.924879474015157
21318,17.40939082890097
21319,17.56768829813972
21320,14.40072176409198
21321,17.92337698442644
21322,16.705061888080664
21323,13.982887043904864
21324,16.7298882479902
21325,18.004545130361834
21326,16.172268940226946
21327,15.596638112295919
21328,16.59125830521847
21329,8.822676542132303
21330,15.601615597869175
21331,16.62749202319545
21332,14.897654259053851
21333,12.280726194379962
21334,18.21911307652573
21335,10.094555976599999
21336,20.696309233297512
21337,14.347802907389044
21338,14.645709931036679
21339,11.81831464141184
21340,17.040746890931814
21341,21.71209462868225
21342,10.816780963736598
21343,14.92061075527656
21344,17.13290053522205
21345,18.965940461646166
21346,15.785505898631602
21347,11.727828542088655
21348,12.9508851343654
21349,14.769938039578493
21350,11.247187686935447
21351,19.200523415872436
21352,13.48574359164954
21353,20.502425278993016
21354,15.350054078769853
21355,14.859945655512087
21356,13.10848999513468
21357,12.348961189536844
21358,17.48477155957636
21359,10.868674687072321
21360,15.190068711891982
21361,12.622034992323446
21362,13.723389741683674
21363,15.262246018412744
21364,7.947776218111924
21365,11.400934970100135
21366,14.777390444956103
21367,16.602028451128486
21368,12.58579830141754
21369,16.381660628494593
21370,16.46734996636674
21371,13.39179495103941
21372,15.837307844471667
21373,17.73118483253599
21374,17.128512738041298
21375,15.746266373157168
21376,8.80991098999744
21377,15.363802072553781
21378,13.435814403524102
21379,12.69749626458199
21380,14.508494041552959
21381,16.459206048803292
21382,9.946977094653493
21383,15.20497733629032
21384,16.940277043256536
21385,12.393926540671165
21386,14.037260367520979
21387,17.107034999423714
21388,12.240069773076437
21389,16.217344440503194
21390,16.745668451396725
21391,11.914505210138577
21392,16.92097282647559
21393,19.41023222679864
21394,22.22029947658224
21395,8.971826031579093
21396,11.53018077833941
21397,13.867164693263156
21398,16.10118405437376
21399,20.571844399820826
21400,9.802686097249271
21401,18.122100668769047
21402,18.387321342060694
21403,20.21160405283394
21404,15.884961253734618
21405,20.421300734672517
21406,16.08118598733725
21407,13.135718261303444
21408,14.070645708143172
21409,16.45024308744783
21410,18.99125512576187
21411,17.52050628709253
21412,10.444078979100155
21413,16.30221532343546
21414,11.206328689922472
21415,13.083508404622457
21416,14.986174881323464
21417,21.486275746035133
21418,15.770149889678114
21419,13.497749362536839
21420,18.45922010131312
21421,16.214721812856826
21422,12.504094617402394
21423,18.61502730817938
21424,14.029171773216724
21425,15.65069100680913
21426,14.468068434181168
21427,15.89219864364273
21428,12.25461113794006
21429,11.481717159792048
21430,11.006474413247677
21431,21.767683021522007
21432,19.899983646490536
21433,10.386270035476997
21434,19.603577652771573
21435,16.53105900759354
21436,16.906994066269906
21437,14.438919352401124
21438,16.867916067132654
21439,15.878991951662183
21440,13.302789834630158
21441,16.447097884209192
21442,23.969768135634908
21443,13.678991036968576
21444,5.981206085088893
21445,18.537429135250168
21446,11.573555374646483
21447,15.629289075966613
21448,12.331248537487575
21449,20.772471747133654
21450,15.967265403090995
21451,17.136833888522425
21452,13.212874195596257
21453,14.130843175657176
21454,18.345800587644124
21455,15.916733924314059
21456,15.717727894803128
21457,16.129080319734754
21458,13.011886032007334
21459,11.996559613068452
21460,16.8793017430601
21461,15.392311305005702
21462,18.18049956171129
21463,12.48968283262747
21464,12.720867700945146
21465,20.317274898635723
21466,13.420016333319836
21467,16.89202940790323
21468,15.293254401534957
21469,13.973612625226002
21470,15.514634361979695
21471,14.49870239059902
21472,10.951686815930108
21473,16.625871474550912
21474,11.60073035075353
21475,15.283829263578173
21476,12.493941601914296
21477,11.83520033860119
21478,17.47785797015185
21479,17.76796645168468
21480,13.205981342291246
21481,14.199890471744071
21482,16.781605359319023
21483,12.497211733773959
21484,13.439146931673758
21485,19.100613072746896
21486,18.127840925719095
21487,9.933020006611667
21488,14.313657836689915
21489,16.30482191086621
21490,9.074305206999616
21491,17.517495281416128
21492,12.545779191220095
21493,15.972415265811549
21494,12.850887005047921
21495,17.26869308401616
21496,16.403763708711953
21497,19.16822450712406
21498,17.83821676448729
21499,13.296789678991027
21500,15.447036689908135
21501,20.141181727189704
21502,17.552262793138063
21503,17.464594273750727
21504,15.226082235295193
21505,13.737254123128501
21506,14.106995696196927
21507,15.15441879482014
21508,11.84656135126134
21509,15.478486156508227
21510,22.908845697758835
21511,13.620116799729946
21512,19.104220988164133
21513,13.174750289499602
21514,14.525536074667288
21515,14.626142846027363
21516,16.96892140769113
21517,15.00282150661035
21518,15.425092401797412
21519,14.484688626233252
21520,17.695897201495036
21521,15.763679369209852
21522,18.95959784141952
21523,17.0943897632777
21524,12.517378930036106
21525,19.493586346084687
21526,19.993526700550394
21527,10.540230233677919
21528,18.779799588153878
21529,19.235282073309705
21530,16.157779205104525
21531,12.505484512807534
21532,15.035617348937459
21533,20.355182869597673
21534,9.847166622033548
21535,14.922656706013004
21536,12.073845449337549
21537,10.631570307345262
21538,14.505070338221268
21539,12.07727786920208
21540,18.502588612358753
21541,13.328177192094659
21542,17.661893274153467
21543,14.54593517557796
21544,16.43706387888712
21545,9.852458032684932
21546,15.269100663524998
21547,13.499634064735826
21548,17.078125036665263
21549,19.264562321047197
21550,10.682190478251243
21551,18.233338483756558
21552,13.903728974192509
21553,16.414283755322938
21554,15.160977177049153
21555,16.300571196915698
21556,16.6062025730564
21557,10.713105869931033
21558,16.3896117610831
21559,19.4532068483964
21560,15.61156152189401
21561,12.059680644456721
21562,17.78251852178811
21563,11.870708951180937
21564,13.056545100886305
21565,10.29526546142717
21566,19.138780704711554
21567,14.585713279513405
21568,12.434118743320447
21569,12.207051751728223
21570,13.166039850659033
21571,15.61983090470529
21572,14.094698656146813
21573,19.01220975204542
21574,16.97165254107552
21575,13.62760887427419
21576,12.567194480551041
21577,18.50996539013146
21578,17.36169497446631
21579,11.298656093345299
21580,10.260563540549914
21581,19.367469564155257
21582,14.264012362894375
21583,16.284760757468067
21584,15.972921362354255
21585,12.812369835795945
21586,19.42419316698752
21587,15.513568427738342
21588,17.310275743703755
21589,13.652657650191419
21590,15.240957834802062
21591,14.279728877496199
21592,10.438944166339247
21593,15.849082092238675
21594,19.21477774206994
21595,16.862484143277126
21596,18.53813145193497
21597,15.53228707960594
21598,21.829211803785064
21599,12.895114190330107
21600,16.219726051705443
21601,11.88850714053737
21602,16.81541382242425
21603,14.861633590566232
21604,12.426372116239238
21605,20.034752714612786
21606,13.346723434815488
21607,15.106077970547629
21608,8.481815957541356
21609,9.515165197790814
21610,15.022709064582468
21611,14.886817056453902
21612,7.872972607121477
21613,16.92454458208445
21614,18.43142727872799
21615,20.396457661912727
21616,15.850873945088894
21617,14.615954944289834
21618,15.238839136068037
21619,18.757760852574773
21620,15.182300143602797
21621,17.90385228742444
21622,15.78398636961535
21623,17.670282470558483
21624,18.852139755715946
21625,17.526654520308192
21626,19.113944902886455
21627,9.93927891244239
21628,12.465022567515176
21629,15.668713807216394
21630,17.688765323055733
21631,16.804613159089406
21632,14.69792099468764
21633,18.672207497757135
21634,19.22095371809961
21635,14.439607307827158
21636,19.023652493697035
21637,17.50837082833577
21638,9.87863581484732
21639,16.706384517693653
21640,14.294826680804885
21641,18.649683249921782
21642,17.920432896544614
21643,12.412402342307237
21644,20.943113261819462
21645,16.29102688599965
21646,13.426640533347635
21647,15.851421492831168
21648,16.86352482784323
21649,12.816788469288756
21650,19.297393576044556
21651,15.2275013515786
21652,15.830920668959758
21653,11.218507969696844
21654,17.142761247119765
21655,20.550924091848906
21656,13.496773965903042
21657,6.247985413600922
21658,9.21789080685166
21659,14.23662652099226
21660,16.861549987513378
21661,14.510747704217788
21662,15.703966015032378
21663,14.823361410901533
21664,19.74735423466117
21665,20.04865071285412
21666,17.57171237073745
21667,14.84371471046031
21668,10.075321989452394
21669,15.370554787409521
21670,16.47785128477452
21671,12.309582255063036
21672,20.127431077712444
21673,8.983250829349936
21674,15.088152305445746
21675,16.81803699643752
21676,15.978725531618423
21677,16.8812761462071
21678,17.688643599286287
21679,14.389900262593326
21680,18.55236684626473
21681,19.969436424500145
21682,18.20847942989556
21683,8.92796391186384
21684,17.578153482584597
21685,17.279513406367414
21686,12.414304026205208
21687,13.21095430605771
21688,14.631163671504074
21689,16.827261146159277
21690,14.196161603936945
21691,13.792396301942624
21692,22.3148631400448
21693,13.164299265864955
21694,14.515598267997047
21695,14.272818110161465
21696,10.625874561959574
21697,18.283306127638493
21698,16.64839834321583
21699,12.299782528491914
21700,17.761902133030972
21701,14.078724066037449
21702,20.735819653370736
21703,9.627074553335158
21704,17.236992436837312
21705,13.358098276064236
21706,19.676203903914384
21707,16.732581349908806
21708,12.057236950669342
21709,17.573424222159407
21710,19.814194465226052
21711,15.033835278851694
21712,10.002916659259135
21713,10.452320590695926
21714,10.581654852612214
21715,12.103505969328495
21716,12.561418907870062
21717,11.980309571464563
21718,9.375679009323846
21719,14.247863178394027
21720,12.109447753519678
21721,16.494895335117086
21722,13.469294109643837
21723,16.699880261888755
21724,16.818035296929008
21725,12.00729029552031
21726,15.972548211891647
21727,17.14599410650809
21728,10.996778074405782
21729,11.271891484115152
21730,14.028778796278063
21731,16.774515822206112
21732,19.88983628034172
21733,10.171820069115704
21734,8.933511067665048
21735,18.91066439141742
21736,17.242397294781547
21737,17.28404536674616
21738,10.44008019335235
21739,14.798104741647009
21740,15.63504865406503
21741,18.837352171847613
21742,21.210521671456135
21743,8.917207698705566
21744,15.352218927027794
21745,21.348931710657524
21746,18.978009642370658
21747,19.995481753224276
21748,17.47313600328999
21749,13.027784000640956
21750,19.762759394193
21751,18.02643262440882
21752,17.704913656210568
21753,12.60622486726595
21754,14.92755665461489
21755,14.048836480454883
21756,11.020445667425747
21757,15.43591282056079
21758,17.524374879413774
21759,15.31679327616282
21760,18.899364931215246
21761,17.97784062908112
21762,19.36865060747726
21763,15.271132162801173
21764,21.561304584965747
21765,19.827818289327553
21766,19.149499661179505
21767,16.132375043569738
21768,15.987452796069057
21769,9.661557393918352
21770,20.254790122158738
21771,15.61413946499423
21772,19.385258582650085
21773,19.750428506509273
21774,14.946549566372747
21775,17.21655524719189
21776,16.507630187824542
21777,10.902610184175508
21778,18.559297783554804
21779,9.62399353052356
21780,12.771791979930345
21781,19.729789182660312
21782,15.727260690954134
21783,15.13557493880795
21784,17.31112553783651
21785,17.652741365523617
21786,16.594242102732785
21787,9.128779877270906
21788,7.688823099872834
21789,14.74077867008701
21790,10.483117903920366
21791,13.22885694500756
21792,12.673344968205708
21793,11.871039750837848
21794,17.408027116259568
21795,15.214862737381102
21796,13.79168766650059
21797,16.69214200876965
21798,14.160971854887483
21799,17.85505107679768
21800,18.02416710036792
21801,18.14233707551985
21802,17.48366793122373
21803,16.009808261390866
21804,16.361321447927118
21805,17.860722207001626
21806,22.02233362243975
21807,15.231128776143748
21808,15.234208543577319
21809,12.458250469472164
21810,12.96918944206729
21811,10.496210929065988
21812,17.81237288214863
21813,12.420093457671339
21814,19.332662784550152
21815,18.56511486807443
21816,13.54045252010441
21817,17.852298274622836
21818,14.846669141649144
21819,11.391654428567145
21820,17.758327593937086
21821,11.36383443966775
21822,14.003068945743975
21823,12.486652808911174
21824,16.299141555410788
21825,16.885175547428346
21826,15.839546941720979
21827,13.631886588860961
21828,19.870900168220558
21829,16.027144178750632
21830,15.477729818334396
21831,16.576341616344497
21832,14.654248741506763
21833,17.344890702108934
21834,12.574965929639108
21835,17.237265255314085
21836,20.40553893505285
21837,16.124751787094013
21838,11.214124848126616
21839,16.70551116048279
21840,9.119100404435118
21841,16.03374819107489
21842,17.21209214608168
21843,14.011336046502862
21844,10.11704525509575
21845,14.113685467148168
21846,16.46066182797949
21847,18.057087564691702
21848,13.297034754968422
21849,14.202716886012132
21850,15.289424559438206
21851,12.565728465274596
21852,8.998409909433317
21853,10.145355925095112
21854,14.835834807281152
21855,12.267199822850133
21856,14.62294258606893
21857,16.09036555490144
21858,18.648303647993444
21859,7.5660511711011385
21860,14.28801980837916
21861,14.740669378681634
21862,13.51575905322205
21863,12.191699281795191
21864,18.61546002175588
21865,14.471873830272386
21866,12.280341067526642
21867,16.797185709613256
21868,15.823083620021501
21869,14.661633342235252
21870,14.443327138030822
21871,11.265005325411561
21872,15.741091006861014
21873,12.12686932750557
21874,14.007956869129737
21875,12.826349752897965
21876,15.830109170985612
21877,18.767638175111053
21878,19.78176383921031
21879,8.13087516428136
21880,13.451679864226286
21881,6.718588425447917
21882,19.240937893608617
21883,16.67335819929592
21884,13.53103686272738
21885,19.50709824356946
21886,14.482457232123854
21887,14.096399831496749
21888,20.165346868104326
21889,13.187038840458218
21890,18.803718065800833
21891,12.673886842153287
21892,17.56443671365115
21893,19.483472847656294
21894,16.839312665030906
21895,17.297451263358255
21896,15.904031404353656
21897,18.613626318154488
21898,15.118893543107516
21899,18.341234656937885
21900,17.475157537177
21901,15.670385391720528
21902,17.600705236272383
21903,13.951626980747871
21904,14.230558194045233
21905,12.171688584848333
21906,10.674461977091037
21907,16.071378708163497
21908,12.565843377776535
21909,14.891144166111076
21910,9.93994587047613
21911,19.980992026754883
21912,24.132284238857103
21913,19.428723223730664
21914,16.937805942869634
21915,8.166638407535249
21916,21.205252006506434
21917,17.89986323720438
21918,16.76779840321999
21919,16.466513645517498
21920,12.78835503286536
21921,15.090257626500684
21922,16.83170966337423
21923,16.029549169583884
21924,13.469010148936322
21925,14.820421921511365
21926,11.058786424983932
21927,20.756735440896854
21928,17.540048544637205
21929,15.623144827244703
21930,11.198058691190363
21931,16.477484212585345
21932,15.047251943185307
21933,15.497868237769723
21934,20.21950504411972
21935,14.554640021888842
21936,16.068372487665464
21937,13.674364725881045
21938,15.682327669100006
21939,13.692824150256014
21940,19.606461625754115
21941,11.704533998389081
21942,17.091196058827816
21943,14.575034462208242
21944,11.385103266238225
21945,11.574185467332097
21946,21.14013762157482
21947,17.297387093776468
21948,13.711445714154411
21949,11.323307902849958
21950,11.42753363670339
21951,16.944301798325817
21952,19.941425575898336
21953,13.657934644576239
21954,15.488222235381743
21955,15.132146434851606
21956,9.157735178472116
21957,13.944528867172396
21958,15.85490052224768
21959,15.462454313170957
21960,12.455724615744966
21961,20.548990131212467
21962,10.909699604759847
21963,18.313127292453373
21964,20.166507831199972
21965,17.125623029995367
21966,10.266089306535973
21967,11.69637582338676
21968,16.717571598283357
21969,11.814543023737702
21970,17.961294751747054
21971,16.291381134889935
21972,14.979990757716752
21973,13.48891436577636
21974,13.440302511710582
21975,15.821572781889715
21976,14.794419498483878
21977,15.22468946606005
21978,21.161488339751138
21979,9.242112997941495
21980,14.284148215925274
21981,21.2082407954434
21982,11.745609276364693
21983,18.600294140449016
21984,14.51302276298007
21985,10.275947609121829
21986,18.199206273515813
21987,11.524588717296492
21988,17.119682397003995
21989,16.720969341178566
21990,22.283456887869004
21991,16.500052447381997
21992,18.96132739447638
21993,15.192211375753926
21994,19.210866580079966
21995,18.704075103965994
21996,20.290599176328133
21997,13.359447898255528
21998,18.225009548190375
21999,9.819998877047471
22000,17.444721037695814
22001,15.8831549287887
22002,13.513690175206092
22003,13.956541184994014
22004,9.80031250319562
22005,18.925013267092048
22006,17.78554832882585
22007,17.06868366678764
22008,10.637185032469542
22009,17.70683902817894
22010,11.69681167182992
22011,18.387913280415702
22012,12.123602433035321
22013,17.800192701689078
22014,15.103740299848733
22015,13.2868261664365
22016,12.535235788978795
22017,12.822831641199834
22018,13.29252231823229
22019,13.32870713810986
22020,16.32274069087834
22021,15.292300844866167
22022,21.487774703759538
22023,15.94896570663724
22024,20.68531212484774
22025,9.472288522814123
22026,15.318577953432415
22027,9.432802677481046
22028,20.224187394963955
22029,15.288885655518287
22030,14.80728088886336
22031,13.544228568005867
22032,16.79094383108937
22033,17.487079122981395
22034,14.381434255371055
22035,12.740700096248823
22036,13.059729004556571
22037,15.919588860746316
22038,11.842112736658617
22039,12.622881942188739
22040,11.474708756906708
22041,11.361781013627432
22042,10.548749808330186
22043,20.24800042988655
22044,16.783761841340997
22045,22.373966755712132
22046,23.14103062993071
22047,19.255261315298494
22048,15.170679351711568
22049,17.167960614213907
22050,12.56814792700455
22051,17.560481522448566
22052,19.288628058216702
22053,19.43171590924369
22054,17.609534787367515
22055,12.981293575650241
22056,14.442062255012702
22057,12.924961797371289
22058,11.901845420367291
22059,16.28902848071309
22060,11.46126330295755
22061,16.592549867451332
22062,19.962652348312336
22063,15.494588246198726
22064,21.855503427620896
22065,16.26944707535673
22066,17.342133881067085
22067,15.664905588950262
22068,14.015139788352624
22069,10.656655964714327
22070,13.434941782107584
22071,20.729589204834195
22072,13.453138501313493
22073,14.188356757593251
22074,18.49177364841856
22075,14.993939300776017
22076,15.96424272902222
22077,12.317466741539954
22078,8.526709374480047
22079,17.89235893331861
22080,16.06668374775408
22081,13.762769963641171
22082,13.17229416573486
22083,14.53735049311786
22084,14.759491916422528
22085,16.201636493004948
22086,12.882284843654652
22087,13.406858578181065
22088,19.50886848017324
22089,19.09748470248935
22090,15.407086427655193
22091,16.748849833373118
22092,13.534629684016293
22093,16.145474288376352
22094,13.8230789968221
22095,14.131725696257186
22096,10.969688227701994
22097,16.247958176053306
22098,14.501813145768232
22099,15.504730005505126
22100,14.768518127217975
22101,12.57116287235065
22102,14.977210412239621
22103,13.125082637830502
22104,11.035870459235749
22105,15.228259497483675
22106,14.537685754284919
22107,12.982467820941546
22108,11.043858375329503
22109,13.5847158794875
22110,16.396473711067642
22111,22.322006586717013
22112,13.18740139392109
22113,17.757328675045695
22114,18.33189812318949
22115,14.016056381702676
22116,14.759692879829146
22117,9.65673170701899
22118,19.962703783120702
22119,14.4478227938818
22120,18.150485699390032
22121,16.48335389628552
22122,15.11376610094467
22123,10.83986995446772
22124,12.965435382164259
22125,12.869262355690088
22126,16.264044223337397
22127,15.616926339561958
22128,15.386968354344926
22129,12.119194505256134
22130,11.31143676943356
22131,16.468800623597886
22132,22.025857024357393
22133,11.968638473493126
22134,15.411274212294106
22135,15.181460287358412
22136,16.298615366555957
22137,11.201576912869864
22138,17.767371519997106
22139,17.56293951824777
22140,14.832143839649934
22141,19.524889090983475
22142,10.684539736631507
22143,15.365473732617716
22144,14.652907330878689
22145,13.931972048059661
22146,13.641662171796305
22147,16.594796388982324
22148,14.064217775211095
22149,18.680171430863332
22150,13.472752953419416
22151,11.379801250383592
22152,21.09194234221281
22153,16.65536971192752
22154,10.366162827334716
22155,19.487209625963484
22156,14.450661585248266
22157,14.88044261131076
22158,21.337738576017962
22159,22.579464441574043
22160,10.548553171491847
22161,13.591787130367342
22162,15.052450364727349
22163,14.734173281344866
22164,11.843145402624717
22165,12.55206143385546
22166,19.790079135743362
22167,18.392358884068727
22168,9.419183545487272
22169,15.725215575044022
22170,12.916439102339002
22171,17.554115983786946
22172,12.01361236556945
22173,16.876341224349567
22174,12.070197197951494
22175,13.617667770797697
22176,17.76393020080925
22177,12.608589807700504
22178,11.21145191388498
22179,14.563010927037634
22180,13.620233101882107
22181,13.615031276374346
22182,19.43805529744157
22183,18.11614376003517
22184,14.9784425072842
22185,19.072514187384307
22186,14.628409311835597
22187,12.513263810606478
22188,10.861677473865296
22189,18.348418767999384
22190,15.563188521735123
22191,17.98411565999158
22192,16.174415790611267
22193,14.42223263901089
22194,14.657082111121108
22195,19.40429181406887
22196,12.882314344321788
22197,17.107739939154236
22198,18.382533109428604
22199,20.31799614851944
22200,19.377641899802168
22201,16.91438977926716
22202,14.645505706470997
22203,14.145089060408427
22204,16.228607477123276
22205,16.769767187595413
22206,13.071064006848111
22207,19.010332956464694
22208,14.682833824677978
22209,11.979422406055122
22210,15.521816711380104
22211,9.231964572508765
22212,20.31003510150976
22213,11.816689868200745
22214,17.013412229434195
22215,19.67624993572474
22216,15.855702742038758
22217,12.906225681020276
22218,14.371667937899437
22219,22.276939302304854
22220,16.06173178050681
22221,15.485549892229399
22222,10.388243032326834
22223,15.617153031239807
22224,12.099665864044606
22225,11.46788616828317
22226,7.454265899647593
22227,14.465906462357863
22228,11.831192346200655
22229,12.38336338252525
22230,15.24176827425833
22231,12.645765547365585
22232,22.239256012365107
22233,16.922070842051674
22234,14.50385914119889
22235,11.059074872072364
22236,7.9731220702022885
22237,15.935387205879895
22238,10.404777881346577
22239,14.719920998872155
22240,15.138513438810694
22241,13.322161983734722
22242,15.604185026940304
22243,17.060527498708677
22244,14.851951692171365
22245,17.484506440734336
22246,10.646360718695497
22247,10.907039455071377
22248,15.420557533139805
22249,15.52124937408901
22250,18.488813553505665
22251,11.198070933251909
22252,17.05775614236273
22253,13.513355981019686
22254,15.890125224044146
22255,13.416019348986726
22256,14.892593929307752
22257,21.987380109430255
22258,19.742006942821256
22259,14.429315875701585
22260,17.483959484339827
22261,22.177079547603196
22262,12.659496213974153
22263,19.939951342123276
22264,14.318566761291075
22265,14.393761445974633
22266,17.512045121795435
22267,15.409651021256213
22268,14.660489659274932
22269,15.055268469252802
22270,17.469389619631265
22271,16.54001369172432
22272,8.390238201649593
22273,17.32563752413266
22274,9.788769717700799
22275,14.84861788802668
22276,16.8623453578985
22277,14.271257750095918
22278,12.372636150550779
22279,14.652422690407242
22280,13.11554697469472
22281,18.43124278501553
22282,15.269310905704755
22283,15.730956111124694
22284,13.530945547214808
22285,14.626663244201657
22286,23.013753841582094
22287,12.91560298033166
22288,16.163006839683117
22289,17.94437694400152
22290,16.346070415174868
22291,15.229310023641244
22292,17.832842583142444
22293,15.028021722935396
22294,16.406545373807155
22295,11.84225631926591
22296,16.593554869385393
22297,20.843964431865302
22298,13.386039136642749
22299,18.746265608297545
22300,17.265084626631385
22301,15.590590508316293
22302,10.859001054691541
22303,16.135613425645285
22304,16.872891994909228
22305,14.756968782285773
22306,13.96934164779599
22307,14.258853265565241
22308,17.07826647187456
22309,21.923002100545702
22310,22.765383713509962
22311,16.446483155617848
22312,15.510215039044269
22313,15.732132434516219
22314,17.167003527240137
22315,12.419225657288939
22316,18.118904530678375
22317,16.209719438930247
22318,18.790268262385403
22319,10.76133776424707
22320,19.832552436947843
22321,17.171858412018214
22322,20.386544640404665
22323,19.407176685983583
22324,17.352449921914396
22325,17.60427423033597
22326,15.947246708983506
22327,14.05602628779703
22328,17.062938011891696
22329,21.276418752162098
22330,11.549033026256808
22331,14.65368192282231
22332,17.282635377759956
22333,15.111456713849801
22334,13.339386724226314
22335,17.573529655918293
22336,19.777198977506316
22337,13.980072766397381
22338,17.723792985447382
22339,14.862669178982642
22340,14.656410528783429
22341,14.865489405974117
22342,16.57542568678185
22343,19.988868798570216
22344,11.653534458539225
22345,15.16901512429695
22346,13.45365265691725
22347,18.546735101172175
22348,20.536965332763586
22349,15.030141262882449
22350,18.350697232039767
22351,15.042468388493422
22352,16.706361782674804
22353,22.57971197792761
22354,14.55849713446828
22355,14.146810063008758
22356,14.677955651127188
22357,12.164685159663595
22358,14.89016745599827
22359,12.703170721770455
22360,14.965541343854353
22361,17.18153755814395
22362,16.041049365870137
22363,20.19541737310907
22364,15.897115010565312
22365,9.093308082458814
22366,16.90147867868106
22367,15.449927504229496
22368,18.585346089067933
22369,15.920375255505805
22370,15.554848474237591
22371,16.699205163412593
22372,17.887020889278986
22373,12.991986881536594
22374,13.228907785162013
22375,17.587228757794676
22376,17.9944852923475
22377,8.854665518137013
22378,17.245515519356204
22379,17.011975375579897
22380,15.034299132576203
22381,10.764129813804836
22382,20.004705622108364
22383,18.354677767964155
22384,13.914359646285046
22385,12.417782142674437
22386,18.83394049023036
22387,22.218000639282927
22388,17.03610264313564
22389,19.197980884992617
22390,14.620612327767104
22391,17.067633488273913
22392,19.474613973464756
22393,9.870594910705258
22394,10.5837346478653
22395,11.653129618018351
22396,18.59999241896918
22397,14.192097692606877
22398,20.39883875227219
22399,18.49174547929854
22400,15.755628460763695
22401,16.109527752559046
22402,12.154385720580061
22403,19.74690952650696
22404,22.724446673553725
22405,19.385651237965167
22406,13.721610996122353
22407,19.623301228406234
22408,17.185990919861123
22409,20.71829954002557
22410,17.348563873395378
22411,15.03503882515435
22412,25.460239749462197
22413,12.85194081655337
22414,13.63933953580872
22415,16.263966784733583
22416,17.191338579937053
22417,20.76058042965586
22418,16.651067826956478
22419,11.42855572588417
22420,10.498922835081071
22421,13.802146517456835
22422,13.99890469375828
22423,11.929710662030452
22424,10.62850081872844
22425,14.525250434240188
22426,16.095333343667015
22427,16.36166354209003
22428,16.52128248682926
22429,19.892589415711438
22430,10.029800979798361
22431,13.89999608969418
22432,14.217206451913096
22433,14.844974809914877
22434,13.45208036342086
22435,13.772054139802085
22436,19.56127612046358
22437,15.102726041052817
22438,19.065465849477835
22439,13.869116738714787
22440,15.252094960664559
22441,13.812953439868336
22442,17.960517310357016
22443,16.315410543852522
22444,14.582083213974242
22445,18.051263538714977
22446,12.698377790393394
22447,13.144134814031535
22448,11.688213171003937
22449,15.015199926723191
22450,17.327448343325877
22451,12.790174674387027
22452,9.456833007168642
22453,15.160043682528254
22454,17.071848713388444
22455,11.158761794179044
22456,15.914110567081952
22457,17.183611807437767
22458,12.422588971991065
22459,12.328754955133501
22460,18.41534341519954
22461,15.088517321776344
22462,17.334205029776577
22463,12.512728203887626
22464,19.516981446016985
22465,10.661176423058743
22466,11.858481052650182
22467,15.190081605143448
22468,14.719599049586826
22469,13.906902726375767
22470,17.339240007863175
22471,13.924885660417821
22472,16.74347312539453
22473,11.37550300225837
22474,13.093053784919698
22475,15.512529466471822
22476,15.569166395814028
22477,22.854494792948493
22478,13.590846718258378
22479,13.11105815154422
22480,13.637366500068405
22481,17.20372607324528
22482,12.2244588472071
22483,14.920006756325687
22484,17.572458965681783
22485,9.88788408534208
22486,14.864470899989218
22487,14.09827699327904
22488,17.95292325422853
22489,15.453799300833678
22490,12.986568089105727
22491,14.414538862000038
22492,14.662790211828447
22493,14.041582079324927
22494,18.052859169994797
22495,18.672157858411783
22496,15.12338258221628
22497,18.45080276259536
22498,11.122839186514275
22499,10.56009734198857
22500,19.354329750518872
22501,15.177898054934264
22502,14.210381521687347
22503,8.89991782080104
22504,18.167391730438126
22505,14.954349242715208
22506,13.127336766865351
22507,8.770661826571558
22508,18.178458943664456
22509,20.099578236687698
22510,9.863950105607643
22511,11.631959181613245
22512,19.676979230933874
22513,16.09687847216842
22514,14.334685832526322
22515,10.770219521337644
22516,11.87139297711844
22517,13.227532349878068
22518,15.775416288666214
22519,16.127242265646263
22520,17.64063867996659
22521,16.252126085757798
22522,12.588938157213674
22523,15.66527128598242
22524,20.50912667490646
22525,11.14162213391765
22526,19.16875145664072
22527,9.482660511303665
22528,12.430711194487703
22529,16.415917349380848
22530,17.982054055176544
22531,13.389538458494684
22532,10.886233930262687
22533,17.848205682192575
22534,21.45463308135042
22535,16.676463115525088
22536,17.244371592315993
22537,13.56144398366061
22538,9.554727977985042
22539,23.747094746337286
22540,16.544057871364252
22541,13.555141681349207
22542,13.863188631212724
22543,12.53800501400171
22544,17.77175397691367
22545,14.276739588743979
22546,18.44219900551301
22547,12.201758260328287
22548,15.613657437656869
22549,18.3598801620822
22550,15.779703879566455
22551,18.73282443683768
22552,20.264757319471688
22553,13.62385073403605
22554,15.696566599248428
22555,15.357836147271021
22556,16.47083965756449
22557,13.675448070850479
22558,10.52786766007955
22559,15.258236363687912
22560,16.395321195623566
22561,12.86227648839509
22562,14.129675181816806
22563,24.077736589275652
22564,18.56977275452243
22565,15.498860769687129
22566,13.274569603966533
22567,12.173541304796458
22568,11.63031197405151
22569,14.41772863066077
22570,15.74133488705188
22571,9.968668528026512
22572,18.383861582305943
22573,14.971008678891872
22574,11.805306514071512
22575,16.83023636582997
22576,15.540820130485942
22577,15.20898222278149
22578,14.327570300607888
22579,11.262699711423044
22580,12.424006432595268
22581,19.857600558305307
22582,16.28976724554897
22583,13.74924169837232
22584,17.384591508937852
22585,12.549313284882768
22586,19.746383106345704
22587,19.92895495732008
22588,17.023506995412166
22589,12.659620012585648
22590,13.566004770821996
22591,14.988162441167733
22592,15.113366314809804
22593,12.48968785113686
22594,14.899543557864389
22595,13.203836757935292
22596,10.643300895198013
22597,18.645334088505848
22598,18.337966581547395
22599,16.261566200041567
22600,9.28620961866169
22601,9.559060677528597
22602,10.667744031752692
22603,11.579674699257238
22604,12.746173011745089
22605,22.406070451286162
22606,21.96680927030477
22607,14.858187495391373
22608,18.855908612615362
22609,15.331631983725147
22610,14.415400227229583
22611,8.283301106617975
22612,18.27884987732147
22613,9.618872063212017
22614,16.115794419219892
22615,14.199176001371725
22616,15.442971434135934
22617,21.75709006236412
22618,13.111097776740692
22619,19.724356428479545
22620,19.956700656255045
22621,13.252617194025472
22622,10.795770354358709
22623,14.132483250251585
22624,17.17114331710806
22625,15.569761642144863
22626,15.712852617690091
22627,13.451143392399343
22628,10.46906089205213
22629,13.644808612558604
22630,19.96246716299231
22631,21.354294992302073
22632,17.353979661799794
22633,15.994355324242028
22634,16.067339330762216
22635,9.687494789909191
22636,16.511594888921245
22637,12.752291991028985
22638,23.3804313683191
22639,14.94520507785102
22640,12.626177273056726
22641,15.820450222147226
22642,16.63998866991453
22643,16.707749046360306
22644,17.284527406122162
22645,12.12005333439295
22646,14.899497279596446
22647,12.71443107234516
22648,16.599647202751207
22649,15.14744640813807
22650,17.223502430285524
22651,15.949929515547453
22652,17.674606322710787
22653,14.395424414192341
22654,14.400228642939815
22655,13.055681632176407
22656,18.62457300513303
22657,11.182662451208166
22658,17.74570952936683
22659,11.953851531272669
22660,11.879898893090175
22661,17.83879967282017
22662,15.660992685485626
22663,14.486476100646813
22664,15.577640028081506
22665,15.178712331131855
22666,15.000903033699023
22667,18.94879269013628
22668,20.28094793246627
22669,15.93159369891906
22670,19.567648074629297
22671,15.239427600076027
22672,16.993343710641298
22673,16.341668464537822
22674,13.524174763043034
22675,19.772591384414262
22676,17.92152561780464
22677,16.963349017584576
22678,17.178208013351846
22679,9.648479871115338
22680,18.056091444247375
22681,14.149420674503228
22682,22.54153541421145
22683,14.550478444839007
22684,10.361039316779463
22685,13.75356166340337
22686,15.639320778040123
22687,10.63333807984554
22688,9.68214720314012
22689,9.637049387746698
22690,16.421031443938887
22691,19.37424173674215
22692,13.287630305864514
22693,11.266372926772515
22694,14.61953480919256
22695,12.861670979986865
22696,15.013086575521438
22697,14.426701136087768
22698,19.309686563802806
22699,16.591101297719643
22700,15.577682138028088
22701,15.07947066448985
22702,11.36343746930996
22703,15.055917456917069
22704,13.638134227515913
22705,14.121713508289364
22706,10.747951228450498
22707,17.711184475206686
22708,16.721569438859937
22709,18.164934589213708
22710,16.12920327029895
22711,17.205818504446636
22712,12.940332690644604
22713,18.031215927540106
22714,23.231089583507114
22715,11.598203904179105
22716,14.355783318787223
22717,18.767126892176133
22718,16.72693448773022
22719,16.76528844518891
22720,22.930859451918522
22721,15.704093329355988
22722,15.691774854062674
22723,15.05769513300888
22724,15.475356064470231
22725,18.414097290850496
22726,21.44473369702674
22727,11.19503979973897
22728,13.634796920543046
22729,20.074065156297788
22730,15.262242969380802
22731,17.034048884490296
22732,16.208944684274375
22733,15.14038527440051
22734,21.052505924778092
22735,17.974269302941522
22736,14.178418080049466
22737,14.238034444841489
22738,17.97205200484867
22739,19.855242614683867
22740,13.920243500883336
22741,16.758149917577988
22742,14.859224456283101
22743,18.464899437819057
22744,17.856360341534486
22745,17.331387670614273
22746,15.28947708654908
22747,17.981586009140482
22748,10.880005623111892
22749,19.22861581050916
22750,12.677621029138686
22751,16.614148304031197
22752,20.1151688351139
22753,18.001830388349337
22754,14.085174707975675
22755,15.369448020986946
22756,17.172425383669676
22757,15.564737061344042
22758,11.983250183398717
22759,17.754294699821322
22760,17.228365516092225
22761,18.169713107803766
22762,11.708887070218015
22763,14.102432849720879
22764,14.707310939471242
22765,16.58965388401619
22766,17.95455210194468
22767,13.816163659849476
22768,10.438146329496782
22769,12.005149392788251
22770,7.616455572829022
22771,14.447156110161911
22772,14.645643372792566
22773,16.130235400038167
22774,10.458852502015734
22775,14.683315485720328
22776,20.049674935260185
22777,14.791017233908349
22778,15.265854111261852
22779,12.898207266925784
22780,14.3507300045108
22781,14.120276865694823
22782,14.630406367904362
22783,19.486232971231274
22784,10.986749317941797
22785,18.84493772181419
22786,11.305590740582533
22787,16.92224642559046
22788,20.46192397768239
22789,12.614364057850704
22790,22.600298840933082
22791,16.299537832328884
22792,12.02260679551719
22793,16.894361955334897
22794,21.98405139732207
22795,23.610055445208097
22796,20.596554546006104
22797,11.526737547244366
22798,17.224851323173795
22799,18.52031520665459
22800,10.499989640509856
22801,13.913925201231395
22802,17.200852420939636
22803,19.93521967153709
22804,15.449801499356589
22805,16.188424307008724
22806,18.282880081455264
22807,18.175627044683573
22808,13.05822166346589
22809,16.86345740940378
22810,15.998433173257201
22811,12.177242970286327
22812,15.529915958347429
22813,17.15207261341004
22814,14.807022875330972
22815,15.345250515901036
22816,18.230656614364097
22817,14.817898611909714
22818,17.307944803851342
22819,18.789013300006303
22820,17.93408518844945
22821,14.60981203089097
22822,17.345708319339096
22823,11.560448646985073
22824,15.055482972127741
22825,11.048566356027273
22826,15.022678847063062
22827,10.01381978479833
22828,22.426209617813
22829,17.74810182714507
22830,10.096201513414055
22831,13.133779691662006
22832,16.95703137133612
22833,18.512777335305866
22834,13.515203988977168
22835,16.220804917813172
22836,12.615713721320914
22837,13.34659307156395
22838,11.996024774264395
22839,17.370547800602527
22840,16.07954332095308
22841,13.752752113445407
22842,18.847648544414735
22843,17.037917672292505
22844,17.82716999229022
22845,9.96299216066482
22846,22.24976497969272
22847,14.341515558125744
22848,15.495088440040012
22849,19.23662394810538
22850,13.88393297344739
22851,17.26120477787062
22852,20.965830846691176
22853,12.735494717611271
22854,15.222408154672545
22855,8.027128963654974
22856,19.863491042712365
22857,14.509016284458493
22858,15.318111511893493
22859,11.48164669989428
22860,17.946759893912013
22861,19.96329269925147
22862,16.353544866030585
22863,11.196543028250318
22864,13.29415280182469
22865,15.493535493225114
22866,15.72408162672087
22867,19.18202525736479
22868,18.35899357619727
22869,12.684872772121663
22870,22.723674437780815
22871,13.145041967320616
22872,20.18586068448117
22873,14.624108200795035
22874,9.570715837764933
22875,17.988094845643968
22876,14.553334207025655
22877,11.76194172288197
22878,20.221321914458578
22879,11.80973745886028
22880,14.809524314417187
22881,14.28316180938847
22882,14.982816938719756
22883,13.714814686739484
22884,11.80822495632633
22885,14.31766767917449
22886,19.31978776596666
22887,17.18122730041576
22888,14.192968832150836
22889,15.99803491745702
22890,20.027733416276835
22891,15.447105434386893
22892,14.02272893850851
22893,17.5098150877845
22894,14.867665538897095
22895,16.00541009994191
22896,10.472293895916373
22897,19.373028228869885
22898,15.69255598244623
22899,12.429980125182423
22900,13.34451828876358
22901,16.852722630367328
22902,12.950399526398854
22903,14.593574257216352
22904,21.098270587786047
22905,13.678313018450494
22906,15.039195725065168
22907,11.889334768965153
22908,14.755171313704313
22909,12.266163284748187
22910,15.788578256159642
22911,12.020991587286755
22912,17.89569295018712
22913,17.279729630098274
22914,20.330471126335055
22915,14.350939079681249
22916,14.309702650847445
22917,13.228033614946629
22918,21.190764213972074
22919,14.963177370775917
22920,19.191804081146735
22921,15.751448638663499
22922,19.040188439680204
22923,21.245092862399385
22924,8.006038030173045
22925,17.943614276277003
22926,16.25205878595414
22927,11.045949647818693
22928,18.143088426826928
22929,16.349321850700896
22930,16.709818963531774
22931,12.935546058964071
22932,19.31507628396233
22933,14.854807579353295
22934,14.612747762146173
22935,15.98910209962441
22936,13.594066650526436
22937,16.543822223144822
22938,16.112280511127295
22939,17.88198165739078
22940,18.52718489352006
22941,13.855704292859732
22942,6.872352144880486
22943,17.770422270621594
22944,14.714235477383284
22945,15.036831920090373
22946,13.77787318179102
22947,16.833982321173572
22948,17.135978575516294
22949,15.750129954789845
22950,17.843023610031416
22951,16.45537816900635
22952,15.666011497769464
22953,16.842073124931115
22954,17.340505470894506
22955,16.197926905822666
22956,16.517731480771985
22957,18.373567910055097
22958,17.930210897990776
22959,13.205923782190094
22960,14.173816192714833
22961,18.560537408625756
22962,18.23441718861585
22963,14.136395645289182
22964,17.598246854432713
22965,23.351801453834216
22966,13.325210484545051
22967,22.007474853740046
22968,15.95363294157793
22969,18.612529905460676
22970,17.25206644300834
22971,21.036458788430085
22972,13.299632829852023
22973,9.373738349695005
22974,10.347352755808725
22975,18.59402537166195
22976,14.728706321077704
22977,18.33664586381421
22978,17.571279135236537
22979,20.075473765463016
22980,12.42860705427979
22981,15.262905087153083
22982,10.928594301758435
22983,9.156974494512799
22984,10.981881254324021
22985,18.067888968582853
22986,14.118943008542773
22987,11.967236724521223
22988,16.772785573991587
22989,9.190592828841039
22990,13.828057421567003
22991,14.659009436806729
22992,17.836228067895647
22993,19.925176902521706
22994,18.274354549776533
22995,11.54495823308558
22996,15.361250469946032
22997,14.532764623832964
22998,7.454573353342218
22999,17.097208492832678
23000,13.778207870803957
23001,14.264011427078094
23002,13.029115091725323
23003,16.881746989462513
23004,17.279322859591232
23005,13.410583754609839
23006,20.448718081202152
23007,17.032999581540075
23008,8.794053697862509
23009,11.952345443352982
23010,17.557729584319567
23011,18.5626366617569
23012,17.76923521768114
23013,17.092581848201878
23014,14.728829694071884
23015,10.357473701854765
23016,20.884776565160674
23017,15.705236845478852
23018,17.01063231632865
23019,19.642959853640242
23020,23.223916206723914
23021,19.17058504346558
23022,18.071342876501454
23023,16.27484790539243
23024,18.45793236154838
23025,9.743252558097865
23026,12.852695850611697
23027,17.815505236291276
23028,12.162929390834327
23029,16.332305689932923
23030,19.03006735807257
23031,16.71607064385522
23032,16.064506738733616
23033,11.76526253816819
23034,22.406825575114695
23035,15.904314754921273
23036,18.241933958396903
23037,19.079379107677944
23038,17.55761479365563
23039,16.27458996581338
23040,15.97369333092896
23041,19.52378420656621
23042,16.11567927080945
23043,17.422560410361882
23044,12.946439901386375
23045,12.77726713325575
23046,12.68423292309498
23047,11.777048178144486
23048,11.136015040809841
23049,18.69226787563678
23050,13.856084452923586
23051,20.80825215626559
23052,13.167270849064709
23053,12.047301575008367
23054,9.629807785552602
23055,21.14996779616331
23056,12.743754528869056
23057,16.92520147982028
23058,14.936496601564711
23059,19.29225817620914
23060,16.9142949386121
23061,15.47020384818738
23062,10.932894626753004
23063,15.127052423727271
23064,18.877236945757147
23065,17.235055212473668
23066,15.004830555211925
23067,12.722849095645955
23068,15.16324086235555
23069,13.156831791856236
23070,16.345458586987732
23071,12.792897017545554
23072,15.38836450626513
23073,17.10393596209499
23074,20.330702063583054
23075,16.75378484489942
23076,11.030384527138764
23077,15.093889433666732
23078,12.332129862042876
23079,19.573993382084662
23080,15.137966635614923
23081,16.667245141555927
23082,16.173026162249485
23083,16.397586138654592
23084,16.619630448742754
23085,19.775822154103597
23086,16.168067892049596
23087,17.49338714493689
23088,11.661430668907645
23089,12.099277295311868
23090,15.163171581585557
23091,12.319942577326453
23092,13.713555428533613
23093,13.99610858745648
23094,18.395484589337535
23095,13.828258123559161
23096,17.490750773387695
23097,14.459653789596194
23098,16.205886592540054
23099,10.23779637675588
23100,13.210718100063703
23101,16.4160328058308
23102,9.208858378228568
23103,11.837842022828694
23104,16.754027789785283
23105,12.939046163563715
23106,19.711727367726404
23107,15.799730307942315
23108,15.2301428861521
23109,16.47041789195095
23110,10.835265571788975
23111,13.901451550379532
23112,14.724791415233089
23113,15.06795093062199
23114,20.360214776034116
23115,21.27106887018291
23116,9.465759551790812
23117,14.254400873686249
23118,20.659280224616726
23119,14.51346568889957
23120,15.629119031204253
23121,16.27947720649198
23122,13.81384972584209
23123,13.479965125707318
23124,15.508223360541491
23125,16.484810464406994
23126,13.469324807254072
23127,14.736708302694382
23128,16.565718032922785
23129,21.659551325081054
23130,18.261151873588968
23131,18.200705397086157
23132,16.88337287704129
23133,15.471070717542144
23134,16.03305591357497
23135,19.610178605173363
23136,14.273283791934062
23137,15.14002516432036
23138,17.0767459051501
23139,11.868380787701803
23140,17.980172630252476
23141,11.350532707928759
23142,19.77706294581588
23143,12.462112072289962
23144,7.139046116439735
23145,15.74117270770083
23146,14.849558950717705
23147,13.583030863445591
23148,13.19214735868805
23149,9.212173177885123
23150,17.657951053320723
23151,13.479613268107364
23152,21.090893646709823
23153,18.70827717551206
23154,12.519961374064435
23155,12.877259515972185
23156,16.07034724366332
23157,19.462002925842157
23158,17.90986998775839
23159,16.41679583922885
23160,15.549062986154157
23161,15.264842527555528
23162,12.798334407889056
23163,15.29822479856417
23164,9.765117708376888
23165,15.846498953229743
23166,11.26880003542029
23167,13.941894304646327
23168,15.696850060209831
23169,11.238504364872226
23170,16.10078779173716
23171,14.012311280605404
23172,14.882399954085265
23173,13.5398853141944
23174,9.80694332714617
23175,19.604348686909557
23176,14.473217658572887
23177,19.548510504369084
23178,16.023393690197903
23179,12.597357139617348
23180,17.81461490203771
23181,8.071737860250845
23182,18.59828307940293
23183,15.989244130838312
23184,13.446931657335044
23185,8.654564827627695
23186,19.272955908632532
23187,4.994805158952074
23188,18.98603726189421
23189,15.324906625111181
23190,14.013457211454977
23191,16.278923689423745
23192,12.978896747945733
23193,18.431230369130166
23194,14.070897110550794
23195,18.217947633707812
23196,9.270614204492489
23197,21.784091071620328
23198,16.472239079167796
23199,10.270705116097513
23200,11.373650684062529
23201,12.246436190815462
23202,15.933014305872891
23203,14.528297272884744
23204,20.071455574278822
23205,15.60742712528654
23206,16.3397750692982
23207,14.70294605416409
23208,17.269332124714087
23209,17.11477270945482
23210,17.60174370392547
23211,14.198294952567311
23212,19.477405379891668
23213,13.974395335919587
23214,17.50306938184387
23215,11.13819295014412
23216,18.278663982044787
23217,13.499207230303185
23218,18.064587164008543
23219,16.50078039857085
23220,9.867223428095855
23221,18.90940817086942
23222,15.126671857280524
23223,17.39205838832405
23224,15.767638471103647
23225,14.233206084760544
23226,15.257628387313517
23227,20.225679266807028
23228,13.385102980756216
23229,15.29651717079522
23230,14.407443591687922
23231,15.161705266484345
23232,12.768001540709166
23233,18.337964816737344
23234,9.262247375384675
23235,19.62367803090138
23236,17.519536438595463
23237,12.121578603155895
23238,16.02882411700184
23239,20.598918154931162
23240,12.26298043803588
23241,14.425146440473005
23242,15.21709840546458
23243,13.863411908277929
23244,13.760267710828629
23245,16.964734080108446
23246,15.38364007107883
23247,11.063555984978915
23248,13.86052714157741
23249,13.478443028896029
23250,18.98625881493159
23251,20.802655033589517
23252,21.02082052059765
23253,17.27531903382684
23254,15.114460210797237
23255,13.257925026671108
23256,20.76782871175576
23257,11.318565107948604
23258,12.25094290409913
23259,18.91959824736412
23260,13.306365220593136
23261,19.736608977500097
23262,14.277880374741475
23263,9.920581313646966
23264,16.149588155314774
23265,10.587252615540324
23266,11.511416758806343
23267,15.561472545071673
23268,13.420801708584568
23269,14.49376216612214
23270,14.044353237439411
23271,11.739044952767962
23272,11.765515632798241
23273,12.767369852135163
23274,11.574865314579565
23275,8.521051743764723
23276,19.797448555324173
23277,15.507276927189055
23278,11.640553266114301
23279,16.948160794211134
23280,15.632577547020759
23281,13.45878852312372
23282,16.210044406417335
23283,20.153628476975662
23284,11.61895579575959
23285,18.210729788799995
23286,10.28828726245996
23287,16.359133295373542
23288,17.991291053949357
23289,11.089717328069991
23290,17.12705682878112
23291,19.726955103605953
23292,16.92501632549532
23293,11.159104564938824
23294,12.648740787305496
23295,14.304767814343926
23296,13.77580048529393
23297,19.904657472146713
23298,16.217992767231117
23299,8.39023557827175
23300,15.619679408240929
23301,16.972934237352362
23302,15.062424288673553
23303,11.696757509829313
23304,20.88844843804954
23305,15.952534104086975
23306,16.7551046681152
23307,13.082066240894358
23308,16.156294612697355
23309,14.857511685338231
23310,18.652458107527043
23311,18.158504428168172
23312,15.154702723999455
23313,10.593144041522697
23314,14.98406481676896
23315,15.413010737268374
23316,17.050833800357392
23317,18.503663691453674
23318,15.14513061096925
23319,17.822023000597298
23320,10.460945655355227
23321,15.714508883630234
23322,16.979603835850696
23323,19.621104863982865
23324,15.983912566840441
23325,11.684592394910798
23326,14.314808462079357
23327,16.865154413987142
23328,12.732888062516952
23329,14.850711781636194
23330,16.844596699514852
23331,17.12359515476439
23332,18.2695291239606
23333,13.261338752802011
23334,14.777964710407641
23335,10.520774767769304
23336,13.784391970530605
23337,12.97310022794821
23338,12.557409112932294
23339,14.497438980131028
23340,10.1941574081291
23341,19.95705918588269
23342,16.317858615931094
23343,13.715962566872115
23344,20.3877834888674
23345,14.575469236313012
23346,20.937090762929586
23347,12.357311468230098
23348,18.454261306315054
23349,18.873483101135434
23350,17.049380135797083
23351,16.566857140064496
23352,13.132787564389453
23353,9.18081970115647
23354,12.447497338914562
23355,13.646818947525698
23356,17.98298384652556
23357,15.636875906214375
23358,10.635024766505229
23359,12.059836784446667
23360,12.122833886061171
23361,11.961001860152852
23362,18.405025190579668
23363,16.215562081866526
23364,20.581532383279942
23365,17.488235064392157
23366,18.17691819635118
23367,13.01635300008129
23368,15.44669205565876
23369,19.258345774147212
23370,18.64208430456327
23371,12.532154104808772
23372,14.76763721497397
23373,16.054669664813254
23374,14.354662827268553
23375,7.3058743853733255
23376,21.272259380156644
23377,13.001718782199625
23378,15.035224131680549
23379,16.46462023770548
23380,14.624469261303362
23381,10.912861490625115
23382,18.636498944439246
23383,17.611354297228253
23384,14.944443039413011
23385,15.331668545781234
23386,10.1236717946245
23387,15.890102792031831
23388,9.757752698607673
23389,17.63381121587397
23390,17.664880681636244
23391,16.204746031862726
23392,18.017428495186728
23393,19.697974719995052
23394,9.912468313683831
23395,14.345100008018289
23396,8.647641031416857
23397,12.520849184054377
23398,20.475747000782867
23399,15.676359543518714
23400,17.795519284100937
23401,15.610694378325
23402,13.636364470984228
23403,8.66793044684769
23404,17.400658029011577
23405,13.027372908577082
23406,14.059331595000712
23407,11.704499118270357
23408,12.365772060727565
23409,21.082758679333075
23410,16.091470165746156
23411,17.88606547055968
23412,9.613763207567626
23413,13.995413612926939
23414,16.060779836805423
23415,19.05007096159308
23416,11.452163503622323
23417,14.410710968173236
23418,15.125155436780839
23419,13.218968374103849
23420,13.379540067399947
23421,14.062141806580964
23422,12.746940595370875
23423,15.279527108357929
23424,15.782973251439218
23425,14.705281103075462
23426,12.672562360606321
23427,11.59709295967478
23428,12.748224347541772
23429,14.553949874196164
23430,18.551665387239005
23431,16.13936405432663
23432,21.155098266877882
23433,14.717893867196992
23434,14.621862101849551
23435,17.772624716210167
23436,13.999604008189038
23437,16.819690013825067
23438,20.826347380868665
23439,15.530128791323936
23440,17.263517937428134
23441,16.47030466997539
23442,17.622786033238572
23443,16.302190209069785
23444,17.710652201663613
23445,14.387487743337278
23446,17.72372520657321
23447,8.002933134494606
23448,17.62182406947485
23449,17.467157886374835
23450,18.112832862911116
23451,18.127832181152744
23452,14.423922446638533
23453,13.390202969303026
23454,10.542610791403009
23455,12.17288850188895
23456,13.419699876339132
23457,19.06698477379239
23458,18.420291658809745
23459,13.616987386720766
23460,19.689633503117335
23461,19.353356319689723
23462,17.726363963723205
23463,16.834859293208066
23464,15.881165852474817
23465,18.500475784984864
23466,18.925336438320365
23467,16.98107320522748
23468,13.529460062784398
23469,15.277460389326079
23470,11.21816658711876
23471,17.616559528586937
23472,10.660463376377082
23473,12.024830166525884
23474,18.014229507451397
23475,15.644138574598559
23476,14.967494896530233
23477,15.185161528490204
23478,12.209980031620072
23479,16.691207530896847
23480,17.002586138772838
23481,14.376898661596776
23482,14.898881746328895
23483,12.901916004897823
23484,13.686897281215606
23485,17.838839485218706
23486,17.038153398190584
23487,17.174843591158588
23488,17.30167914919129
23489,17.002207440820357
23490,12.651934890841947
23491,12.171289748938449
23492,17.464791849836807
23493,13.633361887912749
23494,11.413226025422201
23495,12.5909690447001
23496,8.523535220889434
23497,9.956211159474908
23498,14.228107625293505
23499,9.113757551913402
23500,15.502711642280946
23501,13.168765158433033
23502,14.011985957279201
23503,15.650381385029165
23504,14.669804111624387
23505,21.20552263350568
23506,16.657551778422327
23507,20.776321744240576
23508,10.155993550600606
23509,13.761562308601974
23510,10.238759335923021
23511,11.482221008146531
23512,17.072541103936736
23513,12.41282883074204
23514,21.72699647183734
23515,18.03165213994668
23516,13.447144874133905
23517,22.30478743351571
23518,14.731216200496329
23519,16.806340204801202
23520,17.117652357062532
23521,14.165175709549164
23522,10.1233449205079
23523,13.177226208653156
23524,19.813934459370692
23525,12.437068333537047
23526,17.86726727979677
23527,21.252076025504607
23528,15.30548070312563
23529,16.734769425892676
23530,18.673002963456003
23531,13.531604204476777
23532,13.390849992510633
23533,11.777321351292318
23534,15.024272088075804
23535,10.8977338135974
23536,11.289389100961856
23537,10.822073165649648
23538,14.864790825168463
23539,14.192014941052848
23540,13.904008952178199
23541,13.528380913357246
23542,14.20931626586157
23543,12.856204997243431
23544,8.977745223742872
23545,13.35555922586941
23546,19.209759849229265
23547,19.994241559944367
23548,16.89835880596863
23549,20.026926464152993
23550,15.36034862751708
23551,14.471929318873816
23552,17.665619093403826
23553,16.476348306281686
23554,17.438974482986175
23555,15.849713577446453
23556,14.51932806989937
23557,9.509811718831916
23558,16.57078166653657
23559,16.01787993803804
23560,10.821901346401255
23561,20.533861695003434
23562,18.319457683590084
23563,19.214222787373387
23564,14.266772990960543
23565,13.552053205875579
23566,12.406320860177209
23567,13.716564522657787
23568,8.086591223614363
23569,11.181872840457924
23570,13.134087704587486
23571,13.969555550256391
23572,14.725426486426354
23573,14.798884031080028
23574,14.925193535620632
23575,14.509542587627266
23576,14.158506363487323
23577,17.317857022790587
23578,11.862540997459046
23579,11.439026745470366
23580,12.623869097785738
23581,13.095365742328877
23582,16.971196107409266
23583,18.21195232998161
23584,17.20099561877206
23585,12.628992989908566
23586,18.183722293936434
23587,19.125138149822156
23588,12.315294982016347
23589,16.893217891923097
23590,14.357467272059772
23591,19.418095297910867
23592,11.079898973228401
23593,16.300153866893712
23594,19.694360402283483
23595,13.038766046130213
23596,10.286330991306569
23597,11.892021686170812
23598,19.176225285180333
23599,16.04684379780345
23600,15.299303756879963
23601,14.314550201977946
23602,21.353056003465287
23603,15.134565731493163
23604,14.471618840916323
23605,12.342367505281342
23606,11.716585835558593
23607,12.375542535826973
23608,18.0096080197935
23609,11.202614314156508
23610,13.578575446567665
23611,18.75915499279144
23612,14.339155227609506
23613,11.548445031687772
23614,15.808846847682505
23615,14.277533292274613
23616,19.67262768770474
23617,16.55040138092467
23618,11.149017671013139
23619,10.8095007818965
23620,15.800645956880624
23621,14.173821245273864
23622,19.90773966485306
23623,13.262152701391178
23624,19.760378132498122
23625,23.771393175505242
23626,15.075743876425669
23627,12.888184354208553
23628,14.162590546444383
23629,11.103423640440255
23630,16.533650759089507
23631,17.91588264893577
23632,9.071287558536879
23633,20.511407905402216
23634,12.31489439322589
23635,17.73539035401017
23636,10.857381683766453
23637,8.635772079124349
23638,11.950967418404726
23639,15.203079684864335
23640,14.427883590701072
23641,11.465206371830064
23642,16.125787585428103
23643,10.43873109803439
23644,16.06580417059897
23645,17.48680036925513
23646,17.863503727737765
23647,12.115089013361732
23648,13.005097872117657
23649,19.887687857010967
23650,17.37311345909573
23651,18.808946197629865
23652,11.206452189685841
23653,12.563855476821685
23654,13.88344277483199
23655,11.842572252817058
23656,17.488446796978792
23657,24.379041578742864
23658,14.455696040227593
23659,15.797036707296487
23660,14.775992644181457
23661,18.191600115630933
23662,12.822943994016903
23663,20.168598337095652
23664,19.11252974336687
23665,20.667921468578818
23666,10.051287794703091
23667,21.450487905057123
23668,18.236338544799715
23669,19.00452751825671
23670,14.332678180041727
23671,17.283861985654468
23672,19.364100578093023
23673,15.511247173726138
23674,15.514815280847165
23675,14.87082386605643
23676,18.782672566718166
23677,15.05761819007363
23678,16.83763731750496
23679,18.16132224195403
23680,19.514381607910796
23681,10.422474414905698
23682,18.456411786791115
23683,20.27073461170101
23684,12.13117153543077
23685,19.43077248904313
23686,17.85862861802063
23687,15.566064162707486
23688,9.817200071857286
23689,15.86281849198285
23690,16.425899927554546
23691,9.852216100901643
23692,13.368500639692687
23693,14.208411020638415
23694,16.80997525635813
23695,17.43279429617656
23696,19.638662428214314
23697,14.811231903876916
23698,13.090813421914753
23699,14.45144059862772
23700,16.122875262926307
23701,18.223330864833784
23702,18.88415733843895
23703,15.130597396289472
23704,13.276166631848541
23705,15.926375659925558
23706,11.62763512657776
23707,14.286816331418871
23708,18.233525530634022
23709,18.342911399879867
23710,18.07241742046189
23711,16.58769247517982
23712,17.85416642704981
23713,21.039335742082045
23714,12.66510856955952
23715,18.336811402570348
23716,10.676650353613226
23717,14.929742075143015
23718,9.039713100880096
23719,17.541415951086705
23720,20.615543534921258
23721,11.974617517473781
23722,16.123126603711114
23723,17.4616406638921
23724,9.065186668826328
23725,11.620233738779074
23726,10.456371264180078
23727,14.735514377499916
23728,19.072780292149083
23729,17.947182823693083
23730,11.953357823077205
23731,16.31633080674226
23732,12.667945262186954
23733,13.23613316356953
23734,22.203020959629654
23735,16.465422475907722
23736,12.113381067635428
23737,11.884872752135117
23738,12.898440729053593
23739,17.71613173968882
23740,15.21197927568451
23741,18.415304666319884
23742,21.34054048758516
23743,16.09344631715374
23744,14.492781920939395
23745,18.507608106930146
23746,17.46387852018243
23747,14.486203397049843
23748,9.700283398407834
23749,8.479545423076019
23750,13.966742401863922
23751,11.296692145394049
23752,14.16290399331227
23753,17.656879406890475
23754,17.91362704659359
23755,15.696278393823881
23756,16.9056370029563
23757,16.195197844078894
23758,15.097720959978789
23759,21.434482884613203
23760,16.96707815451087
23761,15.108651056081378
23762,14.740598047890638
23763,16.04517419738569
23764,10.786728339613704
23765,13.932498408430522
23766,16.13400455171441
23767,14.658382614193753
23768,18.346184740303325
23769,10.195069895052736
23770,21.290122619826526
23771,13.42302175774305
23772,14.886938414917264
23773,14.105977636448745
23774,13.404431038091433
23775,17.291425144224558
23776,13.942304037303984
23777,19.535393461607995
23778,16.09587718451737
23779,16.02250757893975
23780,18.305123487712418
23781,13.112647382128676
23782,15.841167005311581
23783,16.326914938361487
23784,12.15365313455565
23785,15.727248941815649
23786,16.787590222412494
23787,19.797551174415517
23788,9.915074249950788
23789,16.5346164521684
23790,17.239556155511785
23791,13.356599337423274
23792,15.061653738862171
23793,11.709176799058245
23794,13.174936377536557
23795,12.670035960243737
23796,13.993208784251031
23797,10.927428552527788
23798,17.306999083571938
23799,17.190237085616246
23800,17.562781660970295
23801,13.43230933874803
23802,14.746382133422378
23803,19.597869295950964
23804,14.31745230001275
23805,14.611712840930663
23806,11.574191278510835
23807,18.977106986559047
23808,17.252080239058525
23809,12.085387045598019
23810,11.898704276380109
23811,18.722400139222017
23812,18.01410582364723
23813,20.14914286163995
23814,16.298037433017797
23815,11.307945982809732
23816,19.826005221733322
23817,14.232991433209202
23818,16.60445304096437
23819,16.29925383876534
23820,15.34083884532185
23821,14.726381221596128
23822,12.057748763543504
23823,13.595659827971378
23824,11.848341389073093
23825,13.732527325972475
23826,16.224124554351107
23827,11.213825532608588
23828,14.671291877426182
23829,21.956430822547873
23830,14.31138233537813
23831,12.003262644511114
23832,14.554335859267244
23833,14.728540587080335
23834,17.266992937776912
23835,11.814241444495963
23836,14.77188379200129
23837,10.847829081899377
23838,12.920901189117016
23839,17.98066564382271
23840,15.476330482040844
23841,16.607211957578702
23842,17.490836750134427
23843,14.37112677278516
23844,21.992345907388735
23845,20.797366484608542
23846,12.992149303804807
23847,16.114507860821107
23848,18.26328265141699
23849,10.29869249821361
23850,12.309856227617217
23851,15.571192248771647
23852,16.27327714344242
23853,16.192753559633562
23854,13.43854018401025
23855,17.842957143647116
23856,18.443705179201793
23857,11.947781286891239
23858,12.744377328502843
23859,13.723000806670386
23860,16.311277431220564
23861,13.617442311065433
23862,12.896043478534995
23863,12.408114070445905
23864,17.14302807516785
23865,14.24311445990513
23866,17.984257595588154
23867,11.941300524807865
23868,13.149437569176076
23869,12.344893462379389
23870,17.24542145028574
23871,14.747706461870573
23872,17.603749350557848
23873,14.211352821215602
23874,18.51916523244413
23875,17.38588196695489
23876,17.475457198872416
23877,16.08539403945135
23878,18.734019433943157
23879,14.475804973755658
23880,13.244363455795579
23881,17.56491977207728
23882,13.76047461190611
23883,19.287848726219316
23884,22.65524845803866
23885,18.87884879813194
23886,8.270873342011814
23887,20.77680229964222
23888,16.220949425637144
23889,23.62319597354675
23890,12.181875005176364
23891,15.883655670166855
23892,20.428517861996575
23893,16.44092074121041
23894,14.017175466270354
23895,18.782434600964848
23896,15.071143925941444
23897,16.48863075486445
23898,17.65053377737722
23899,15.915685797785269
23900,14.233467343724854
23901,18.08858394331031
23902,20.558087325849428
23903,16.120307353264874
23904,10.476689507543211
23905,16.75853815298073
23906,16.7019716577454
23907,14.787437613609265
23908,18.988171283530022
23909,18.12440862011659
23910,19.459262671490293
23911,12.746561041739579
23912,17.58761606690922
23913,12.619599707495967
23914,9.34123773268367
23915,11.013115360040704
23916,20.34176072587334
23917,22.72683498262446
23918,14.834152349002188
23919,15.482189593120829
23920,17.535692576760106
23921,17.340959391741986
23922,18.70503323144391
23923,14.40565680058569
23924,12.80746675334967
23925,15.839541255897727
23926,12.392294910624964
23927,12.498343781292851
23928,14.350710839774667
23929,16.918086662233193
23930,13.567966862143086
23931,15.693652598813244
23932,14.084583642594144
23933,15.14056181611883
23934,12.734180323900445
23935,15.247136239081739
23936,11.213046405108335
23937,12.521767662930372
23938,16.032993095521395
23939,15.533007365707922
23940,13.175236516696238
23941,18.655767720853643
23942,14.351744937072096
23943,18.96569124432247
23944,18.313343227187186
23945,16.874857106785118
23946,14.767743472117722
23947,12.90212779868921
23948,14.826598229532516
23949,22.002444850646178
23950,17.700082682224384
23951,20.93108786935164
23952,12.724563450665482
23953,13.430898881506849
23954,19.509483824604132
23955,15.045312299293444
23956,12.173867528051098
23957,15.357929244784135
23958,13.65081251332192
23959,17.213269435151783
23960,8.310385588740344
23961,13.363232005833229
23962,15.787934317229476
23963,15.075072767583956
23964,9.565646694590539
23965,15.713016363969238
23966,15.858211320638995
23967,13.876875493057051
23968,16.616400473959892
23969,15.60851879318999
23970,12.532069624328898
23971,22.832933715779063
23972,14.443823770169518
23973,15.62628424742669
23974,18.438625907620025
23975,19.782291960205704
23976,12.066021391764098
23977,14.51636215855433
23978,11.064360812381501
23979,18.735014909469864
23980,15.724539121163378
23981,17.54927948915931
23982,10.235927278743848
23983,16.422624793896986
23984,17.79862792391937
23985,16.267779893048864
23986,11.928294667297921
23987,13.913179180029529
23988,12.16624136830984
23989,10.713485273606487
23990,12.872353581777789
23991,7.709152401807684
23992,17.435704284974232
23993,15.127965161924736
23994,9.923158667509991
23995,12.197758030744673
23996,16.259331841019538
23997,14.148360261779963
23998,18.027268965391187
23999,11.883571594188636
24000,17.490614571398833
24001,18.196224634664297
24002,12.775283829682134
24003,10.94930293306177
24004,16.999388055665932
24005,14.049032398016228
24006,21.20250694835016
24007,21.993507023491354
24008,10.508300472393918
24009,16.391970779759728
24010,10.636864623118022
24011,16.093893157083265
24012,18.22389023530004
24013,16.601143519802346
24014,15.454335234437092
24015,17.38592162086345
24016,14.570689763116883
24017,12.674358163777034
24018,20.735423269319462
24019,12.905654475209817
24020,14.454691652309307
24021,19.179927351424027
24022,13.759570902765292
24023,10.959264920464001
24024,20.287679513521418
24025,13.882190345703041
24026,19.130459221784363
24027,21.97841030393531
24028,15.061137563053691
24029,20.677108039675353
24030,13.624173249105377
24031,15.15945127690919
24032,19.44964066024581
24033,18.848302709036584
24034,14.833241840438973
24035,19.77237375562871
24036,18.287400439175652
24037,16.152365123723307
24038,14.362946717861197
24039,16.27337525772511
24040,18.55540988239224
24041,13.299173178750268
24042,15.645589645678765
24043,13.413682529739049
24044,14.581641875933048
24045,22.200048961303242
24046,13.22284130430251
24047,12.306627625864525
24048,18.1632922214293
24049,14.161198836265545
24050,13.86853269890333
24051,18.004802380296983
24052,17.743543440400277
24053,16.349702582188026
24054,18.813153553594027
24055,13.668308689499963
24056,14.126303356972066
24057,21.674189296532283
24058,13.570226340094392
24059,14.535953595221734
24060,15.270109333445232
24061,19.294613565190854
24062,21.301025641408415
24063,12.40564720534523
24064,12.15038953741536
24065,12.841104381562406
24066,16.384395140271227
24067,14.895476701889539
24068,13.094144595411425
24069,16.066353820632365
24070,19.335400582152868
24071,11.028062212547926
24072,16.717739794137703
24073,16.88295765024527
24074,13.206589251236032
24075,16.577908317869717
24076,13.554628445862827
24077,10.375002892923938
24078,10.142502637649946
24079,10.28434996812442
24080,16.883259229264777
24081,19.405162858036764
24082,17.252627150737904
24083,15.606709666083475
24084,16.522626064857423
24085,13.019614259442841
24086,10.55414622737931
24087,9.442990017859795
24088,7.317499774286263
24089,14.632660462146134
24090,14.997601646024478
24091,15.022260899258118
24092,18.035585381998718
24093,15.988560503042363
24094,16.02885719897614
24095,18.394866151098647
24096,12.098965673163029
24097,13.773503169602616
24098,14.501838812706309
24099,13.56159412883424
24100,21.540574340350993
24101,16.323770062759397
24102,17.441507701676024
24103,15.508408285889088
24104,11.086069287855002
24105,17.95113904151306
24106,13.988740112828538
24107,13.78189741473334
24108,17.66204759241968
24109,16.34143639779785
24110,20.80488981798819
24111,19.50116295205124
24112,14.536627873406426
24113,16.119348907691915
24114,16.670712278877822
24115,16.491597649181124
24116,14.133789089880583
24117,13.440217081741837
24118,16.239181931743556
24119,12.065617919217843
24120,18.386014032307017
24121,19.34826224610358
24122,10.656480352556942
24123,12.61550237127165
24124,17.18155176842707
24125,20.881627533533656
24126,12.708167035190268
24127,20.09931644900875
24128,16.149567076242555
24129,16.407708693215138
24130,18.639243177712782
24131,12.417689781083471
24132,22.651216079343747
24133,14.86759320557208
24134,8.723056736778982
24135,20.816553116436324
24136,15.167273276245496
24137,14.32583476877205
24138,12.8320188431358
24139,14.01526051419938
24140,18.298397551348863
24141,16.293349229541388
24142,16.275264290797853
24143,18.096766964441
24144,21.481514282949718
24145,16.665975980974324
24146,13.657162742694783
24147,22.557798540922356
24148,18.84514402957271
24149,17.6660691933507
24150,22.362189745506953
24151,21.76153317949317
24152,12.355239697367713
24153,9.427245880262328
24154,17.756855365216957
24155,16.92921675665295
24156,9.460225868632282
24157,18.83523975774788
24158,12.530575231600883
24159,12.17224659153224
24160,18.318150486415323
24161,8.078646743182778
24162,16.88512503681165
24163,16.528952483055278
24164,20.37466387814779
24165,11.08316242444803
24166,19.670360029032327
24167,16.99470583462549
24168,17.919900027761244
24169,9.64561513339562
24170,10.915849226347781
24171,15.031369468058582
24172,20.239915681406792
24173,13.448961800170736
24174,13.008336565248708
24175,11.955055937209622
24176,17.46473219921249
24177,17.423836785378914
24178,20.329415216607256
24179,13.428471743813672
24180,19.93360940426932
24181,8.977563636756791
24182,19.32386216617222
24183,10.891346312203241
24184,19.234833406893635
24185,17.602742968995724
24186,17.502790577540633
24187,15.747235554909027
24188,10.077383087267027
24189,13.094435784983226
24190,15.842568478054627
24191,13.344754918930802
24192,14.436293651272205
24193,18.630593814618003
24194,13.781360750578038
24195,15.919260312909438
24196,15.264933900598749
24197,17.810633523422464
24198,15.551783615672832
24199,8.66422605351149
24200,13.18671357285643
24201,10.704908109566274
24202,13.235041572315197
24203,15.542914787795025
24204,12.662314453371259
24205,13.183612791112191
24206,12.87024690418805
24207,17.28774990165488
24208,15.064154936809512
24209,20.163646814874816
24210,13.023690911131421
24211,23.060280570444306
24212,18.472814269566378
24213,19.02999057582427
24214,12.317916871081458
24215,13.01836372862807
24216,15.379735550652322
24217,8.740550893330058
24218,20.85520283117107
24219,14.166920888467416
24220,12.940494547607791
24221,14.562872379980718
24222,20.16989703817304
24223,13.244734758397401
24224,17.063959037196835
24225,14.796493045836753
24226,20.182239183742517
24227,14.170941225647644
24228,15.733321735563411
24229,13.903689288667767
24230,18.284959747338842
24231,15.624790701160624
24232,14.500243729571675
24233,18.421789664475494
24234,13.341772424574064
24235,19.549347680941874
24236,17.38405080334342
24237,14.28718780720867
24238,15.261180549556482
24239,17.090790638621183
24240,12.622522210274253
24241,12.427615997391324
24242,13.702745359381531
24243,15.927813408097476
24244,21.080093188356237
24245,16.674422125020183
24246,20.589593820709844
24247,19.985637528299726
24248,13.073325705013723
24249,15.902276442188516
24250,10.096096869540698
24251,17.54098538442894
24252,19.25968302703039
24253,18.555469245612148
24254,15.677664014484066
24255,11.869998769390591
24256,19.667046185882164
24257,16.078008586487012
24258,10.74839633136769
24259,14.48322428002948
24260,13.330259084788036
24261,13.956377918195244
24262,17.4604889702018
24263,16.619625039068126
24264,15.976872911840973
24265,16.923447072948306
24266,17.655950875127722
24267,6.572978639353309
24268,15.061462748562771
24269,13.725183294880408
24270,16.572858736383306
24271,17.355185990800678
24272,14.23134922996544
24273,14.674207681322832
24274,17.20424460728937
24275,19.495452419260072
24276,11.085481912048394
24277,17.187915251892445
24278,15.608265111373525
24279,20.197608396549906
24280,12.683676173335108
24281,14.344066099091846
24282,11.974934508987362
24283,12.023975215294637
24284,16.02751859292189
24285,12.496842214811307
24286,15.045447332771563
24287,19.651732018197173
24288,15.284755821293906
24289,20.266500401911273
24290,12.548182047447165
24291,19.18986050036863
24292,21.092628047169292
24293,15.74722299328453
24294,16.341553165644424
24295,13.024995079674802
24296,12.080954642387049
24297,15.524689596349198
24298,15.654930872210928
24299,14.09191822704355
24300,17.932048199782756
24301,16.61738196970486
24302,16.326274255132876
24303,13.612870109348304
24304,14.89918973765707
24305,17.334271310353706
24306,15.536352147611703
24307,16.408606667245316
24308,11.907437468160246
24309,11.64159086218415
24310,13.683570521989683
24311,17.26491385217994
24312,11.789805187403907
24313,13.527820814173614
24314,14.25381581228376
24315,11.31242911780777
24316,11.665198233963405
24317,19.340033355988286
24318,18.017177340921897
24319,23.586354264794966
24320,13.818081409971661
24321,18.81463369408499
24322,17.102252453044684
24323,15.426534365553183
24324,15.971780650408492
24325,12.564580202147646
24326,12.283604650035741
24327,12.532355280102303
24328,13.332516751261927
24329,19.03482191548275
24330,14.12074089655166
24331,18.69047180025836
24332,13.486504995176183
24333,10.082773947001938
24334,19.8264062003447
24335,16.77614806991244
24336,16.178204831865365
24337,14.420921542900105
24338,12.735236848828507
24339,10.881776742627043
24340,13.600829427181798
24341,17.436578156243815
24342,19.44843280259971
24343,15.016955814577797
24344,10.52678798443257
24345,19.697895721902825
24346,12.343921235834234
24347,11.595150652858322
24348,17.24681769176256
24349,17.316023475147386
24350,14.326185879552735
24351,16.837204645125457
24352,16.849773838982834
24353,19.050859247751298
24354,19.516447452926652
24355,15.765556268655779
24356,15.696510023342848
24357,12.653221465827045
24358,15.033737072076672
24359,16.354503912104082
24360,14.743474843938156
24361,13.090771281443752
24362,10.775435404420353
24363,15.63692486023469
24364,11.189025794478077
24365,19.404055529924793
24366,18.02330709281335
24367,11.081397583146972
24368,18.72618062507079
24369,16.431562047998845
24370,22.772626332790484
24371,14.077533501094507
24372,14.607358913764122
24373,20.817933103116626
24374,20.899564450586247
24375,17.384605633640945
24376,17.52689459886155
24377,16.011842841724487
24378,20.847473984339167
24379,16.51626374381015
24380,15.86363982918223
24381,15.27872784732898
24382,17.35229196542558
24383,18.740275870466373
24384,11.985920916708153
24385,11.855994768439086
24386,12.060213037235929
24387,16.909954978054518
24388,20.226362247795848
24389,13.316407517485729
24390,10.67976585503714
24391,13.759541157014581
24392,15.768419100575365
24393,17.30487547589967
24394,11.577336276886385
24395,15.829971263654421
24396,12.680018283565145
24397,19.552746318389
24398,15.317758727709041
24399,11.184680603180764
24400,10.337724726818767
24401,22.64297361066009
24402,16.9863534168329
24403,19.369609978556397
24404,14.610917881142234
24405,16.400202377805037
24406,18.66451028177527
24407,15.332828244240892
24408,12.705320361384704
24409,12.505208149618607
24410,14.602125917251875
24411,15.713110303031225
24412,14.733851593825815
24413,15.621917546130247
24414,12.784221437545636
24415,17.793414079712505
24416,12.940452173531087
24417,20.21709965691739
24418,19.466526895321763
24419,13.745145397466668
24420,10.663880954709311
24421,15.098330288086636
24422,12.596121108692119
24423,14.79853388174463
24424,11.445849582580133
24425,15.75313983553552
24426,11.26660548517929
24427,17.090099040826853
24428,15.819025993595272
24429,11.395683545606865
24430,14.837217337362551
24431,13.166181086356431
24432,17.265158811580815
24433,8.504115535486862
24434,13.927076226358636
24435,15.43648742061405
24436,17.290272895360957
24437,13.20284255766488
24438,13.95463699423232
24439,9.626861070489852
24440,20.52675841713061
24441,13.732689334577131
24442,18.08995306723892
24443,12.664867853312124
24444,7.630309332886528
24445,14.658018415676077
24446,16.693817310573564
24447,13.530455246921388
24448,19.74811732517644
24449,13.25593383715635
24450,18.20699461558434
24451,17.601576096316215
24452,21.599429969446575
24453,13.135579992609484
24454,6.745182969571564
24455,11.590987861639732
24456,13.25720206617897
24457,12.294685441426246
24458,19.236569350568775
24459,17.987989981598425
24460,18.149678696437427
24461,13.141536078196637
24462,17.432603203286853
24463,12.91282683765432
24464,11.952605156388604
24465,16.02372336637024
24466,15.371348082217029
24467,15.703983102433769
24468,9.469478221739127
24469,18.31190654454005
24470,16.11868531505059
24471,13.968809268443398
24472,14.774544697652534
24473,14.308416935015746
24474,14.8952083508411
24475,19.98922319693613
24476,11.1841581951217
24477,17.814599460970697
24478,16.836449902301016
24479,20.71119819103926
24480,11.653512380820757
24481,21.472318820330294
24482,18.43080569946788
24483,16.437686392586897
24484,18.792585693354887
24485,12.947266000290671
24486,11.367535616002904
24487,9.370800016446513
24488,16.514286156154704
24489,11.694795658895973
24490,13.854192039242097
24491,14.584607958079157
24492,13.72409037505965
24493,20.313085557131217
24494,15.218089290643587
24495,19.59968978858188
24496,16.19370639462074
24497,23.596971251252786
24498,17.814300242058955
24499,12.506593111997443
24500,15.66477993369213
24501,19.675267352472822
24502,18.11655231754391
24503,16.575416359619645
24504,12.324639325135115
24505,13.73038533170339
24506,19.47136901644876
24507,12.326692956123917
24508,20.977575953604898
24509,17.44427088659451
24510,13.306771807943695
24511,20.82616487551144
24512,16.211345050561338
24513,12.750480351888633
24514,15.84084322077447
24515,13.980120560720772
24516,12.681198562413211
24517,14.670310037373262
24518,15.744962284010274
24519,18.75216892087958
24520,13.849494427373292
24521,19.211834797478552
24522,10.413041711429974
24523,17.35945648857348
24524,17.08848497303396
24525,14.272960751824872
24526,15.994949278752845
24527,13.877338722188071
24528,22.41370593729893
24529,14.363091955511191
24530,13.814097286639972
24531,18.447801964437595
24532,11.371246737059632
24533,14.643900085660016
24534,14.169400560397602
24535,11.633186697663751
24536,16.75497262277855
24537,8.557321597206688
24538,21.404342029115366
24539,18.46811462769658
24540,13.629976362201008
24541,13.740935391339264
24542,17.71061702216463
24543,14.88525403614527
24544,17.01193320781895
24545,8.110024390096699
24546,19.122508032051243
24547,13.951330993323563
24548,18.123850883364145
24549,18.17612546025067
24550,15.11798324677409
24551,13.497519594946036
24552,19.359597876461763
24553,16.71981135547527
24554,16.734398577090527
24555,8.377288930793405
24556,16.417474644658416
24557,20.818426629671215
24558,16.055097811078447
24559,14.102864343556309
24560,18.20509970477847
24561,17.56912851405404
24562,11.376180969056923
24563,15.517974796209717
24564,12.585785763875277
24565,15.26644273680306
24566,15.293323181387047
24567,16.062965480077775
24568,17.05228974897802
24569,16.70181114569742
24570,17.23277164357838
24571,8.038514548857526
24572,15.471238635033137
24573,18.520417397088654
24574,17.872628458822295
24575,19.984976174425448
24576,10.473604803783145
24577,17.463736986376304
24578,12.280112425124711
24579,13.82555119086515
24580,15.765200235575415
24581,17.217886261055508
24582,15.727977921736311
24583,16.618031533771457
24584,16.291438944729663
24585,17.13455412137277
24586,11.689288002612834
24587,20.328229948409422
24588,13.049294168435303
24589,23.948642099415146
24590,17.03887089804142
24591,16.079160842046026
24592,15.813117242186705
24593,12.909920804281661
24594,18.33720633133315
24595,16.960508622972412
24596,16.34131380594107
24597,10.059004500912955
24598,16.99210274708836
24599,12.779302945971516
24600,15.710228754744442
24601,17.799849281922675
24602,11.911533839692577
24603,13.85923495392652
24604,19.21377353615439
24605,14.21050018908447
24606,10.898614217437455
24607,16.637306658817657
24608,19.177087767037023
24609,18.247733740614308
24610,12.818013510599549
24611,15.093135812995916
24612,14.392608734606
24613,22.53261099012754
24614,15.285492552355246
24615,12.416361477190755
24616,11.520563570235414
24617,8.935126807933269
24618,11.641484326989803
24619,13.803324791929352
24620,18.087047793073218
24621,19.541257783309383
24622,17.991181100570547
24623,17.13449782624452
24624,18.946474238419018
24625,22.598992337911312
24626,10.944784909822692
24627,14.40392731008357
24628,8.61655902569263
24629,17.7285011670921
24630,21.46199395796962
24631,14.89614958778077
24632,13.305672341765906
24633,15.508950165622101
24634,14.756966045236558
24635,11.99044120246663
24636,19.717502034366504
24637,16.12823730188158
24638,12.806354465718297
24639,15.48479048126849
24640,16.090778062718538
24641,13.86253467796962
24642,13.301840314157142
24643,11.798163538184395
24644,20.24273230775797
24645,13.438241300476651
24646,16.04826292054563
24647,16.935457320264646
24648,12.353700159312563
24649,17.61429118388237
24650,12.243362569712513
24651,14.855688377741197
24652,10.676727661249068
24653,11.649061507112808
24654,13.598668967445441
24655,18.699293805816588
24656,17.75906771807052
24657,9.933611755229627
24658,17.266585411327853
24659,15.007659029569195
24660,17.87264244405073
24661,15.257182175880448
24662,14.252177540035953
24663,15.236031583730792
24664,15.86656892519558
24665,12.949932826263412
24666,9.034692948858744
24667,16.69060094060003
24668,15.897566301853004
24669,17.267326564947737
24670,19.82715345410736
24671,13.374657973842384
24672,13.265773671966235
24673,7.321140903811344
24674,13.708715121649277
24675,13.633293283729417
24676,17.3826333657489
24677,18.063062365047756
24678,20.90497876931277
24679,16.606033348476007
24680,19.421950924860752
24681,17.568306466258925
24682,15.691852189461558
24683,16.6796875226832
24684,10.605901827440873
24685,15.581147053931966
24686,19.649631157129836
24687,13.963993050356756
24688,15.950606154584646
24689,21.97437133074048
24690,21.46300390243979
24691,18.896605854665168
24692,21.739713361519577
24693,16.019846938926776
24694,12.896484922555596
24695,17.15940934658503
24696,15.102361138503987
24697,18.86868244654001
24698,15.917790586730549
24699,14.056001419917079
24700,14.15199335058397
24701,13.984767380812817
24702,14.589731696226938
24703,20.136594861909295
24704,19.103402424210852
24705,18.401440325644742
24706,15.601337053607196
24707,20.79956306883369
24708,13.893787294747199
24709,20.30176294798797
24710,12.796658284657136
24711,11.804300975182947
24712,15.721138076863246
24713,15.352570384868326
24714,13.547560093026691
24715,17.231461951356934
24716,17.58955503211988
24717,14.909209925698894
24718,13.966675252020455
24719,13.860802908020691
24720,17.345007045983298
24721,17.55619472502931
24722,16.894839213421818
24723,11.679931242153646
24724,13.892119286762407
24725,16.88338219900628
24726,17.184431487381712
24727,17.743422096910457
24728,9.991998740029596
24729,9.998383333654774
24730,10.547893083640522
24731,14.61582205912431
24732,10.664254528499525
24733,15.05183647238568
24734,15.048483529245619
24735,18.67518744149637
24736,18.423395211059145
24737,16.826229093362805
24738,20.302688933997196
24739,18.772266313746588
24740,13.187190764951296
24741,15.412997703723546
24742,21.24425283975287
24743,13.340048638191245
24744,14.340188705344755
24745,17.392834296588706
24746,16.479785379781564
24747,21.898478676985867
24748,19.356157355425633
24749,21.208751735018758
24750,15.246877121910476
24751,15.027878466627083
24752,14.850549311122023
24753,13.341134116120571
24754,11.160163275204356
24755,10.891792503509965
24756,12.6920890130798
24757,7.459536824363555
24758,21.00666012528311
24759,11.403900494460963
24760,13.57129568534848
24761,14.359909042429408
24762,13.855714954731805
24763,18.85171554209781
24764,11.943665718173952
24765,17.760112009514913
24766,15.37278211628763
24767,7.973183043633705
24768,13.200319613804336
24769,17.31396840392581
24770,17.604444695223158
24771,16.653941632570824
24772,18.55199126731417
24773,17.76745336239158
24774,22.575636896288785
24775,17.956256519216183
24776,18.617945263049428
24777,14.3140001440505
24778,15.603888359635473
24779,18.764240994501552
24780,13.117578600798161
24781,11.51581383870348
24782,18.55233999332961
24783,11.199296786624243
24784,12.925515394628839
24785,14.320691080305426
24786,12.472517389894866
24787,10.085838627655145
24788,13.822050457946757
24789,21.0721698218807
24790,14.400360823942453
24791,18.20581702047189
24792,20.031037639694297
24793,22.635887908632654
24794,16.23946752797397
24795,16.096829996250953
24796,14.78596584728005
24797,21.781174562987612
24798,14.028035943981234
24799,12.045198678022077
24800,14.736775851890979
24801,16.857209919169282
24802,14.480080111928514
24803,18.24891194399442
24804,17.604798962662063
24805,17.14585646923726
24806,13.161707136860054
24807,14.729589679993797
24808,12.500613212669938
24809,17.147712506829176
24810,15.778677191185482
24811,13.899800783919328
24812,19.067565995268897
24813,14.560622018229807
24814,13.19940299231136
24815,20.15473748729267
24816,19.361506405945246
24817,9.564885356205155
24818,17.448071063944123
24819,15.654289064484313
24820,21.107060074838078
24821,16.497869705803396
24822,11.429272583244117
24823,17.40672862959126
24824,9.859556139487196
24825,16.81808259052702
24826,15.438751859582924
24827,18.918489972988937
24828,15.73455216013555
24829,17.24375356689303
24830,10.134954972883403
24831,10.228438684773904
24832,17.905275033535226
24833,15.156623462061207
24834,12.734389331654246
24835,15.503828287089679
24836,14.794121889093743
24837,15.491590180123724
24838,19.048766230827304
24839,14.217230815183155
24840,11.52179086262737
24841,16.120933490412035
24842,21.249685476544563
24843,16.680970861220885
24844,15.590732718594728
24845,19.44813575349386
24846,18.18358167076626
24847,21.246995249472867
24848,22.359863048500735
24849,15.705291481928967
24850,17.499395841734007
24851,13.542443248800767
24852,15.026814861407935
24853,13.208622685217483
24854,15.078878515062186
24855,11.68206007684132
24856,16.5806915717077
24857,12.222355524794912
24858,13.978554139121375
24859,17.33716008686647
24860,12.185453232401303
24861,13.401064270975274
24862,16.606528782722698
24863,12.969552269286769
24864,15.065168315705767
24865,14.573700631903874
24866,19.38205047951378
24867,17.2155914799047
24868,14.651986704903564
24869,17.20875269387526
24870,12.957351437723538
24871,15.160093249129046
24872,17.311976538872273
24873,12.19479752587723
24874,14.394360135295766
24875,14.069929239836634
24876,12.69706356835182
24877,17.621506796830015
24878,16.77096946599838
24879,16.38685962565914
24880,14.466887757043425
24881,20.340622819414243
24882,12.352828751905566
24883,11.040845161234438
24884,14.406640175159211
24885,17.844569347322285
24886,15.898670855302196
24887,11.192375433840727
24888,11.096181704520415
24889,16.20222992838693
24890,13.35235465142302
24891,21.713785570866555
24892,15.04283419982459
24893,13.94513110779998
24894,15.874095953331357
24895,14.518736960820293
24896,22.17225260770107
24897,11.092872578399467
24898,16.944508261362554
24899,16.676593317357646
24900,17.90178305411546
24901,15.479564720486465
24902,10.356342784802228
24903,18.676281719648014
24904,16.037856039230803
24905,18.36379379766568
24906,15.881541722539524
24907,18.66443065277326
24908,15.782085527706256
24909,18.52459609643562
24910,12.266244869770814
24911,10.445593740929992
24912,14.969897401876654
24913,12.264743431654148
24914,13.56878868637486
24915,15.288060915068746
24916,18.647910080684216
24917,13.031577178499635
24918,13.563135950325682
24919,15.973089037362328
24920,15.722749370314684
24921,11.711293914406141
24922,12.610445032743453
24923,12.93974056841022
24924,10.162315211771608
24925,9.707752300169904
24926,14.307247594636548
24927,18.492320270785854
24928,15.733909434830155
24929,12.308949825816738
24930,19.087324265194532
24931,14.167009973688854
24932,19.11645211981322
24933,16.63909629042559
24934,17.77122544210013
24935,12.971388355815218
24936,14.943397061571783
24937,15.650996380956082
24938,16.895375764273847
24939,15.57059830928491
24940,17.63217723251359
24941,15.949297483480155
24942,17.536179273058135
24943,18.516544501718574
24944,17.987817810256576
24945,13.379635817891733
24946,18.45702059595786
24947,19.368331299198207
24948,16.337274815739278
24949,11.322743556825163
24950,16.977822150590104
24951,19.33414594495592
24952,23.347732486839654
24953,14.065922259931774
24954,14.00098770802536
24955,15.206839153760313
24956,19.134738577289237
24957,9.937576842623299
24958,14.68352611635751
24959,15.488748075807344
24960,16.016828115177145
24961,14.51310365341297
24962,14.424990282758175
24963,11.004833590018578
24964,11.753026759571679
24965,14.071411574292458
24966,13.40189124624539
24967,19.675984312728804
24968,13.102343360242317
24969,11.988359867758614
24970,12.886513923833277
24971,19.740037125310728
24972,20.83097443901307
24973,16.77028451101605
24974,12.953647289130593
24975,12.937617542789411
24976,11.682296452983056
24977,18.307135991111082
24978,12.493887202200359
24979,21.648262422149436
24980,16.259814629159088
24981,10.114594696075104
24982,16.55080633847895
24983,7.947893495721877
24984,13.589086434951872
24985,15.382067787513417
24986,15.175688490757071
24987,14.20965108133526
24988,17.152066090168155
24989,16.820377973203964
24990,14.553851118385657
24991,17.97767013217696
24992,18.364417925592235
24993,14.839440507202655
24994,14.847943682567655
24995,15.68245321463574
24996,19.93658116548469
24997,16.933667802383493
24998,17.764814555122843
24999,15.125629035221207
25000,17.1869785712033
25001,19.535874239675604
25002,11.29514333624201
25003,14.661867559839136
25004,10.987888150671452
25005,10.18653642700504
25006,15.16055421538719
25007,15.312203165802526
25008,17.363540234752076
25009,15.367782272378399
25010,17.284174862389484
25011,14.350943098514048
25012,17.76349109789526
25013,15.82788535381172
25014,13.382678721720765
25015,14.656723957317215
25016,15.020352943471233
25017,16.345474749063943
25018,9.70322234147736
25019,10.231678122726208
25020,17.552773066303356
25021,15.230266747872628
25022,13.603844734924063
25023,13.56901543112017
25024,12.216966178713635
25025,16.104670573869257
25026,17.599410775087755
25027,9.7749433263455
25028,15.546856746283034
25029,15.934972121131542
25030,12.70122609705416
25031,18.187969623919702
25032,19.0347873713749
25033,13.758851041654289
25034,18.378655295854315
25035,17.88743978032945
25036,13.042023690964026
25037,16.317791784119645
25038,9.372862889725312
25039,19.60872339578815
25040,17.08841487638406
25041,18.691401302057862
25042,17.596391506439073
25043,12.063485181333332
25044,14.635312855576274
25045,11.84487249788809
25046,17.249141726133775
25047,13.978333554047637
25048,21.02180816605075
25049,10.401923016431901
25050,16.83201741195142
25051,15.776120457982376
25052,21.49761445447016
25053,12.147755468226157
25054,17.292256297679305
25055,8.98834721749371
25056,19.5756154976403
25057,15.042181813821536
25058,14.781677727917817
25059,11.626565272311167
25060,20.860619912427513
25061,11.776787804892589
25062,14.159063281478868
25063,15.306541339074625
25064,11.333037075944796
25065,18.31888838916738
25066,19.179177833147833
25067,16.993664950968547
25068,13.8328551051387
25069,18.80963918205423
25070,17.019636759472235
25071,14.634209340613992
25072,14.33398684025263
25073,18.79398162576568
25074,17.805914629761418
25075,19.693368327859705
25076,16.369869175509006
25077,15.306933285904599
25078,10.990819065995945
25079,16.969765394635512
25080,20.593221908290833
25081,19.5739203353377
25082,14.550372125431672
25083,11.709127244510679
25084,16.986366654371526
25085,14.431996753836414
25086,14.212576203469144
25087,12.509318317011541
25088,17.211796414515497
25089,20.504533882922498
25090,19.819533908950294
25091,14.145671657990516
25092,16.428632328175375
25093,16.814307059059427
25094,15.869934133172933
25095,10.609670091771353
25096,14.146556887464524
25097,13.067417577265015
25098,18.11954934040353
25099,23.1898284007936
25100,15.820858679043205
25101,15.95077997997266
25102,13.695113286643748
25103,15.723726124701919
25104,12.289824431959442
25105,15.859122104847971
25106,17.232904449227906
25107,17.03460295978466
25108,15.241114015739882
25109,10.665002161460883
25110,20.03157088721616
25111,12.410332904603326
25112,18.901852676343502
25113,16.105339901792583
25114,12.955703899527999
25115,16.75901928865258
25116,13.679190093470107
25117,12.889116880561694
25118,13.453750624990908
25119,17.358484460184687
25120,12.185238226511117
25121,15.284302536711117
25122,15.267812550780562
25123,12.067333501215277
25124,17.237140399740746
25125,15.454025821617481
25126,17.515033461378263
25127,16.037411610068553
25128,14.618531036058927
25129,16.621097910695028
25130,17.768250289323323
25131,17.257235168402865
25132,19.448881217660034
25133,21.27863207182203
25134,7.458740958435695
25135,15.141691605393627
25136,12.697628050809854
25137,12.22840806291591
25138,17.848511773734064
25139,15.681111578308856
25140,20.50920523642283
25141,19.26054851064829
25142,15.120981212670262
25143,21.69535020407882
25144,13.868205386804432
25145,11.754368218481542
25146,10.377924360474445
25147,18.311457802600508
25148,15.738770234593595
25149,15.408407102478789
25150,15.898500356289745
25151,8.400816488733053
25152,19.62243717152912
25153,15.93478463896104
25154,14.933384981403037
25155,16.063440202725815
25156,11.089593614315278
25157,13.074374934293257
25158,15.628262750926607
25159,9.739964173701146
25160,18.203697225770952
25161,14.419061002829185
25162,14.138456316587877
25163,13.371716399879228
25164,12.457001220498418
25165,15.368408160213772
25166,15.649531097327074
25167,18.088483144282907
25168,17.747396400244547
25169,15.932143635824977
25170,11.434090923113029
25171,16.8603942586006
25172,16.029361807761006
25173,13.426317845666375
25174,7.64894365243852
25175,18.783727089747106
25176,18.038043522612448
25177,12.690056122703322
25178,10.827849609189492
25179,15.610349977912696
25180,15.397996792542004
25181,13.980347194392014
25182,14.543821059834666
25183,13.12600776041818
25184,15.37243956612974
25185,12.389722505715678
25186,14.862317715648803
25187,20.301496605387946
25188,14.481515880910411
25189,16.030329925506557
25190,16.090778382597986
25191,16.99102498968619
25192,14.78433575636089
25193,14.489875143872387
25194,15.004401715261146
25195,16.568487843254385
25196,15.324752346710365
25197,13.293391317250741
25198,19.43564231428548
25199,11.340129784836876
25200,20.42508181162052
25201,14.957474852496746
25202,15.114545299490285
25203,12.955555495438107
25204,17.76097968018298
25205,19.338778209174006
25206,15.262035213536468
25207,17.20476060003682
25208,21.19201763008251
25209,13.88287180117962
25210,17.216625100202386
25211,15.733016559986515
25212,13.756617922017428
25213,18.63648085318126
25214,18.69428440585524
25215,11.41325837699377
25216,17.245834153601873
25217,17.135281557848664
25218,15.103754378241195
25219,13.497508631011867
25220,14.958137751249302
25221,13.354484244366086
25222,16.626587374668325
25223,18.3140199445864
25224,18.371102356025794
25225,14.695960047921087
25226,15.35728716984351
25227,8.652040463981695
25228,14.899182671439698
25229,19.062013789574404
25230,21.179070851643665
25231,16.381485327960075
25232,13.95220576365113
25233,14.301820203010326
25234,15.378782942890977
25235,11.25685997559598
25236,14.448825699783844
25237,19.450535579952763
25238,15.246907108750115
25239,18.88224801892145
25240,16.31712409109512
25241,12.102877813701191
25242,10.175899558125543
25243,16.01514124697012
25244,13.375571045756868
25245,13.023557889285282
25246,13.069863537199613
25247,14.55611465374401
25248,16.98819599639174
25249,19.603990129970388
25250,11.224864199274897
25251,10.618839880111869
25252,14.683618036927475
25253,14.56520000619767
25254,12.379997218384847
25255,14.896517042970418
25256,17.02163977187531
25257,13.648885618614392
25258,13.777528309957354
25259,14.537738442509287
25260,15.105642771293242
25261,17.096675764100517
25262,13.861061009746463
25263,14.036345105351517
25264,15.523428024411476
25265,11.047310795514537
25266,14.390662754744918
25267,18.509473506506918
25268,15.362959324842425
25269,17.273824825218167
25270,11.057732838402384
25271,13.325921618758125
25272,18.647320227654866
25273,15.422661103916624
25274,19.961563218666633
25275,17.09761349452064
25276,15.657305592895439
25277,14.195799436891454
25278,17.026224202911845
25279,13.377304273708368
25280,17.278435161941786
25281,11.04769485732124
25282,15.274320351195032
25283,10.69993379289592
25284,15.512922443735293
25285,18.902357239920082
25286,12.254294188312848
25287,11.681931429906674
25288,14.729940629310791
25289,14.913024871228924
25290,16.91135909369657
25291,16.052539734051578
25292,22.0358587421525
25293,20.838580415750837
25294,15.595198657073528
25295,15.873492404533133
25296,18.833304787771187
25297,12.287076985742413
25298,14.579516036882888
25299,19.250388303295214
25300,19.570028786725988
25301,12.9242043821326
25302,17.24312017275874
25303,13.240624770294637
25304,9.384271596101337
25305,15.487906252601421
25306,10.763542474595933
25307,18.12272904457948
25308,16.041877684111054
25309,14.051551631476714
25310,14.978435666757719
25311,13.7442274779559
25312,14.245050589681473
25313,21.15629313873898
25314,14.851485879089688
25315,20.078566329596576
25316,12.679129510640937
25317,13.160252853890903
25318,16.867067582586973
25319,13.64909743311515
25320,15.8341080257959
25321,9.216227883653733
25322,18.647588471685225
25323,13.680677694522892
25324,14.511662720604805
25325,20.760752044942667
25326,13.57064436164523
25327,11.672983793395863
25328,22.499129058311265
25329,17.86052383759617
25330,13.703896337387867
25331,17.186916883861556
25332,13.60352070212479
25333,16.70359834026754
25334,17.088576683398127
25335,12.304337645350483
25336,15.71699055024516
25337,10.099238707851875
25338,11.707090022144616
25339,13.425122232422607
25340,19.705824885688116
25341,12.56825831555528
25342,16.17899703783198
25343,19.823845214386253
25344,13.219252597471327
25345,13.557009731758438
25346,14.869140539354612
25347,20.235988912122764
25348,19.86560222635424
25349,16.2678604794947
25350,15.389639897232959
25351,14.837480532206516
25352,15.57716270711236
25353,13.239584552565058
25354,14.046744335180275
25355,13.653063251457336
25356,11.178150348989696
25357,17.044125862409118
25358,17.098318511969747
25359,13.836456072103068
25360,11.288000905685296
25361,12.607022820673887
25362,16.739450798189317
25363,13.382567748827212
25364,14.02221432703361
25365,17.71280561680596
25366,16.460635149162314
25367,17.26321011210526
25368,9.375059717691158
25369,15.95077411279348
25370,11.741297048794802
25371,13.691354031053752
25372,20.6419745797144
25373,17.80495680777051
25374,18.415679972353907
25375,15.041001742444362
25376,19.300469747751045
25377,12.265162729142986
25378,16.152615990125845
25379,13.918799565459665
25380,13.815977119330118
25381,13.61991721623093
25382,15.187898137669814
25383,14.268029555262272
25384,12.281946828034
25385,17.247585062568216
25386,17.327045444482007
25387,10.141997031541587
25388,16.50980770224761
25389,17.368665127965066
25390,14.453768378996878
25391,12.975224326044458
25392,13.456084086953426
25393,22.586444253833918
25394,18.084208093766286
25395,17.490436446189296
25396,15.076921998617872
25397,17.904395075033243
25398,20.843724433150022
25399,13.917707549858221
25400,10.715000917374015
25401,13.585522924090714
25402,13.349294152483994
25403,15.789437552719791
25404,16.17071283945201
25405,12.814891165049994
25406,20.615656414155378
25407,19.43088619613095
25408,13.960385567577564
25409,11.744883676656048
25410,21.69643969831629
25411,11.999096574704055
25412,14.681704851882449
25413,14.61878307515887
25414,12.260154299646503
25415,13.862233813477896
25416,17.51458042206042
25417,15.751365114486937
25418,19.69113049948745
25419,10.121766478338287
25420,15.637814106398938
25421,14.951968857182017
25422,17.642928952889612
25423,18.500020374771236
25424,23.526857373221127
25425,16.967206917995647
25426,17.793371741795145
25427,12.387570219373657
25428,15.444475275716975
25429,17.47809635117241
25430,7.281851123906447
25431,16.319940624208737
25432,17.784220139609292
25433,10.259870152188546
25434,11.09963802839145
25435,17.591866546717092
25436,13.769737521524839
25437,11.903754350573793
25438,9.886150157921822
25439,17.64753740305091
25440,19.26930948595215
25441,16.358968926397367
25442,23.0329164757983
25443,16.297723577512258
25444,13.526481268857014
25445,22.309796629374436
25446,15.775288653114604
25447,18.728385950918025
25448,16.667242902880478
25449,16.635930623313595
25450,15.085862103370289
25451,15.029102048760725
25452,18.246958931816952
25453,21.130807614982494
25454,18.570212872190858
25455,15.146384831423452
25456,11.709030893006343
25457,14.205373790895205
25458,17.588086049883216
25459,10.437325535711178
25460,15.891013227682103
25461,19.55597578643738
25462,17.463073906186168
25463,15.631578820267093
25464,9.697034821963602
25465,18.631422455881612
25466,21.122094628299745
25467,12.8675287554757
25468,13.272752038766921
25469,10.342869076338221
25470,21.161665729371997
25471,16.446595073396328
25472,14.812362650486234
25473,13.104480573022544
25474,10.384986548797567
25475,14.65447744205342
25476,15.062747455386754
25477,12.695965240964373
25478,11.561672094795792
25479,10.437717626493514
25480,13.161415393742303
25481,11.304328149408176
25482,17.316192751019347
25483,9.745013521967401
25484,13.803375691028085
25485,17.81498222406014
25486,14.985254237771768
25487,18.201020349142123
25488,18.40607723840177
25489,15.60858903118074
25490,11.513005404922609
25491,12.00181492902245
25492,19.84242756006179
25493,18.79936458927041
25494,16.05042819887945
25495,9.894919172822341
25496,11.285026539657245
25497,10.897722617027952
25498,11.579245295029741
25499,14.746166771759007
25500,12.638224386832437
25501,15.659869266910206
25502,16.209255876968946
25503,17.33154302641084
25504,14.798728576985102
25505,20.65206931526223
25506,16.516204520416075
25507,21.171527936042068
25508,17.12113376108928
25509,15.841498416988438
25510,14.689418848281543
25511,14.890706961336338
25512,13.568283766662464
25513,16.50291212660037
25514,21.420897261540105
25515,14.800034058754983
25516,18.37238232473745
25517,14.560275736395667
25518,9.416383507810059
25519,14.080387872128178
25520,15.335419418539331
25521,13.954222455207889
25522,16.74493918793563
25523,13.500822375832346
25524,18.399095191475617
25525,7.842989252412945
25526,15.02172835072502
25527,10.60711514746501
25528,15.54862907337895
25529,16.227562729534096
25530,16.6625637888392
25531,16.84611382101121
25532,15.6703686669881
25533,10.653795874106798
25534,10.118145526694342
25535,15.024552000560282
25536,13.147541458997484
25537,14.74852388896223
25538,19.68544625536886
25539,10.961429779369707
25540,11.425555558769238
25541,13.2994277631675
25542,12.430882670453741
25543,12.815657116298006
25544,16.21110234084018
25545,11.127222930485724
25546,17.344495943642254
25547,20.574381536051007
25548,12.400604507762901
25549,6.4734233879567835
25550,18.28151506833396
25551,14.525487603130259
25552,19.504378493114444
25553,11.443077257433794
25554,22.271138589789327
25555,15.933374554063636
25556,13.820266250411748
25557,15.8530830882302
25558,11.948339927217363
25559,12.464506624817288
25560,11.046376022120057
25561,19.00348349377501
25562,13.638916937123073
25563,13.128681141152661
25564,13.898097032931751
25565,14.357630019118117
25566,17.18967235360241
25567,15.136340132683662
25568,9.943860504485492
25569,13.730033930825995
25570,18.582459650119862
25571,13.09741527268142
25572,19.314710735975744
25573,17.68415308540871
25574,16.33005001019111
25575,16.795825899474902
25576,17.13634905725653
25577,14.90576424031484
25578,8.635534085897419
25579,13.585263383315185
25580,20.825023069877624
25581,21.331638269078773
25582,15.13404555040327
25583,16.599723170594686
25584,8.9971932385553
25585,12.35197719082541
25586,14.718986389243273
25587,15.751114645033848
25588,16.09834336899233
25589,12.652356057745036
25590,9.54975942323086
25591,18.10342086070103
25592,9.494264691785867
25593,18.62346545702436
25594,11.731171468771837
25595,12.864962707722414
25596,17.187478431408625
25597,15.230761769885213
25598,8.738949966244844
25599,14.086726081484388
25600,11.336294444928509
25601,11.975190207972183
25602,16.708174405815768
25603,15.084422296923677
25604,18.742990904136818
25605,14.743639753592083
25606,14.34640261869166
25607,13.561142853445325
25608,13.527650475480636
25609,12.900388357175803
25610,18.379317705062213
25611,17.323577104919696
25612,15.912793672031167
25613,19.41866307598343
25614,12.463722763635126
25615,20.10828053562056
25616,13.761480160883828
25617,15.359555702786425
25618,18.090806227683316
25619,12.322959057312584
25620,17.309510221375547
25621,15.378710360239543
25622,11.45526725495267
25623,24.17887204907895
25624,17.373669521938737
25625,23.186087541155036
25626,15.67952189601726
25627,14.211354423101966
25628,17.76923742817059
25629,15.689120055063885
25630,17.936912497580035
25631,16.677328896566824
25632,17.281803064876968
25633,19.487023256697466
25634,16.835063548649376
25635,12.905235926909551
25636,16.350199768084988
25637,19.372600113997557
25638,11.028645273728003
25639,16.687551309245535
25640,19.067739392667065
25641,17.849343310327065
25642,12.149738393681496
25643,21.16212170100272
25644,14.427202808397492
25645,20.022487849866373
25646,11.583030132303985
25647,13.890935276763411
25648,16.72150953139678
25649,12.311878340367779
25650,11.555104451942857
25651,12.616361230988401
25652,11.297558228405727
25653,15.583724245109183
25654,19.012504777270546
25655,12.500254853753926
25656,15.937838698383471
25657,11.669819640213404
25658,16.456604272402167
25659,13.41563434079215
25660,21.867818153889694
25661,13.785895304193254
25662,15.38290231421947
25663,14.923084446584047
25664,15.488817838812773
25665,22.631531474339916
25666,17.152545340440106
25667,10.517623143879986
25668,20.496981236636472
25669,14.075831142975865
25670,10.790489016057272
25671,15.43365482991036
25672,15.492284476065853
25673,16.938568572462657
25674,18.366398494211523
25675,17.843927971619244
25676,14.39212985816778
25677,12.77918423674704
25678,15.69898735069336
25679,13.586258455863558
25680,11.467692186036823
25681,16.461023527232996
25682,19.70117035487303
25683,10.14382887212249
25684,14.747281959800942
25685,18.111585592648694
25686,14.757038138120862
25687,11.090592558145193
25688,20.290118481321183
25689,14.278141488591931
25690,15.670762057118536
25691,11.474251696058044
25692,12.670571686390856
25693,16.1871955545627
25694,10.019973402414092
25695,15.968973413879027
25696,17.221778854632152
25697,9.60250779833098
25698,15.689701771720017
25699,14.098944893162265
25700,14.946152326168265
25701,18.073528102053295
25702,11.691138559812778
25703,14.601100177817358
25704,15.20059435148748
25705,15.924488498579265
25706,16.149474920047776
25707,15.458485206810774
25708,17.249590128439046
25709,11.504489200391
25710,13.604085417729696
25711,19.198949607759392
25712,15.313044602655586
25713,21.03019722899808
25714,20.279982552606366
25715,14.89969278341727
25716,15.901391328698358
25717,15.9727885320353
25718,16.08534880496818
25719,14.9793571591191
25720,14.761769226772257
25721,16.288200864268997
25722,12.869795114886237
25723,16.19899195352092
25724,14.926750615090647
25725,15.244669758391785
25726,16.60236697949111
25727,18.47684028814185
25728,11.312901557327564
25729,20.352964339856673
25730,13.299617971792884
25731,20.662655322283413
25732,16.866373620319507
25733,13.431172174579189
25734,14.878849755947114
25735,14.526803124074384
25736,18.1214624914987
25737,13.713364320924578
25738,15.856705724405508
25739,12.222601692588487
25740,10.403877673447582
25741,21.825879429112295
25742,10.493701800360903
25743,15.317725938748433
25744,18.72500317624683
25745,14.196594767671476
25746,12.012638070776799
25747,16.131665197510777
25748,12.774181723863961
25749,14.282075198968109
25750,11.250402812951382
25751,17.377728446257507
25752,12.342363460415626
25753,13.629454459831479
25754,13.252754907599048
25755,16.514027753957173
25756,11.731312634705265
25757,14.185497564499066
25758,20.175753128692598
25759,11.251487210385942
25760,13.840295670626432
25761,10.834317441477921
25762,18.509414179101917
25763,14.620151516592292
25764,19.418604132905728
25765,19.172772972385367
25766,14.808972729236274
25767,14.227659229138244
25768,16.515709910681842
25769,15.803016293702383
25770,12.039306527142958
25771,16.194291826818798
25772,12.580115460167594
25773,20.671938461742055
25774,19.02550159576263
25775,15.493364414493445
25776,13.210962911583561
25777,13.038704146486253
25778,7.186914489752741
25779,11.230995303996803
25780,16.657866178004422
25781,18.387943951197766
25782,13.86785850602061
25783,11.854537987824225
25784,12.776722813285463
25785,18.618187619702784
25786,19.540382637782567
25787,13.525252087939531
25788,19.17623631819414
25789,15.572729689307339
25790,13.907363129059807
25791,10.871611399239805
25792,11.341880962900674
25793,17.646722214987953
25794,15.88027014048344
25795,23.89396913240491
25796,20.15033997113916
25797,14.743134574782104
25798,19.52675650860431
25799,19.617576557311498
25800,12.152028657028147
25801,19.05617259785284
25802,19.17625928737773
25803,12.93429678758029
25804,13.780758637699424
25805,13.633898585174503
25806,21.401437897543637
25807,19.333788598970717
25808,10.163479320668024
25809,17.85264863602475
25810,18.359894545130835
25811,18.407607408951968
25812,19.92418001835732
25813,18.082810092494974
25814,17.730457359714066
25815,12.02039637215644
25816,15.849485208164769
25817,14.658124559284904
25818,16.489968850867534
25819,15.187777009728924
25820,15.09944866644722
25821,21.839049297558358
25822,13.751330080334698
25823,16.74920826942148
25824,12.691853619663489
25825,15.427031798414509
25826,21.662862638750745
25827,13.95160776202153
25828,13.828018189916499
25829,12.377709956789637
25830,14.994806131980864
25831,9.784282189634776
25832,18.695616299270288
25833,10.256263689494656
25834,14.563540469560419
25835,11.602797620240331
25836,15.202329431332847
25837,12.433719204632423
25838,12.276995189761294
25839,13.239143677055033
25840,15.891758062749945
25841,16.595532091211705
25842,18.762021153230407
25843,14.64139938246663
25844,21.19047163373568
25845,16.278090929298372
25846,12.180146533131744
25847,17.003317106680008
25848,12.55856560365663
25849,15.55900660662699
25850,13.604901426441536
25851,19.777787917654084
25852,15.144129090722123
25853,15.116835889832224
25854,15.03550993138019
25855,9.927176729389085
25856,16.753997352027355
25857,19.580523227514014
25858,18.07108121575341
25859,19.95559240438226
25860,20.43121435450989
25861,18.111753116823735
25862,14.979214162695865
25863,11.944378357157504
25864,13.91735102219645
25865,15.82556271704703
25866,14.306204489807119
25867,15.4474457367534
25868,11.60745562773431
25869,16.371162964833157
25870,14.56066968357181
25871,15.514979450210717
25872,13.471124304761938
25873,19.013082194327204
25874,19.14058931982892
25875,20.74729518606855
25876,20.532127687081857
25877,16.87545731684325
25878,21.869116492547906
25879,12.373515068465146
25880,15.480876744418577
25881,14.141986090173473
25882,22.58189436395864
25883,12.331783113646296
25884,20.061088640872384
25885,18.446173866756283
25886,9.83015087500125
25887,17.329149045987847
25888,7.938158603297667
25889,12.538260853577853
25890,11.465162346516035
25891,16.125561810016578
25892,16.307808029261878
25893,12.040470392492212
25894,15.874179514058003
25895,13.646715570224492
25896,10.311247666030344
25897,14.003581666174531
25898,12.290469584324711
25899,13.808327759881532
25900,18.741994740035977
25901,11.484996569570985
25902,16.34550464963505
25903,12.335735867816023
25904,16.090771710197743
25905,13.246432011247295
25906,17.055813649477603
25907,8.83428297727574
25908,12.420890531503145
25909,11.3757341474298
25910,18.826654594693615
25911,13.350785425979529
25912,10.035145391913506
25913,14.608299870481083
25914,13.473233093878886
25915,17.097228417408335
25916,19.25053179758561
25917,9.203908996883793
25918,14.543489810487818
25919,15.836128389951952
25920,14.630233979031848
25921,13.122720701547482
25922,16.29111085560165
25923,17.315566212020943
25924,22.056390467555893
25925,17.547964898688235
25926,17.920062154628823
25927,17.629803960430767
25928,20.569255212392314
25929,17.09097778014806
25930,21.688924227031897
25931,12.802077291309523
25932,12.075647036967577
25933,15.936742476417194
25934,16.358461122861836
25935,22.20281692235029
25936,14.1875493940706
25937,12.185883434321259
25938,17.620237075997412
25939,13.700979481394453
25940,14.94416181996908
25941,13.976164696143293
25942,18.484878277305608
25943,9.370958915157845
25944,12.559179505238383
25945,13.769971009648081
25946,14.016335265196803
25947,18.279211029415013
25948,21.328892059973214
25949,12.650787567998686
25950,15.345741759407971
25951,14.127351716614138
25952,14.744476117320676
25953,22.911510448875863
25954,12.125440822565153
25955,15.7957072224402
25956,15.860616310439653
25957,13.56117497528752
25958,19.66347600412633
25959,17.164700328008994
25960,14.71610163003587
25961,17.343305910276843
25962,11.65547990313171
25963,17.73800711630768
25964,14.448090003666424
25965,13.203407258046488
25966,18.28748177427722
25967,21.156072012431785
25968,15.409250734858256
25969,14.363629798437657
25970,14.130699242043793
25971,14.390937347493695
25972,13.34030950006009
25973,23.35284099663354
25974,10.562635022282919
25975,18.46224404832196
25976,17.080697096299467
25977,15.877357021681465
25978,11.765958286440036
25979,11.720688099424207
25980,9.184752548198126
25981,14.888177431432622
25982,14.191643797593056
25983,13.406451194357002
25984,15.691471451982338
25985,16.8706599074457
25986,13.96327511114973
25987,16.333058593862344
25988,15.684347640521972
25989,16.901809344383192
25990,21.45801900808368
25991,15.434162695877248
25992,9.530964319512279
25993,16.598047051219794
25994,9.32350248276516
25995,16.762123530164097
25996,12.609427105073259
25997,16.422882507086637
25998,15.071230734896663
25999,12.253976049265159
26000,16.891021295766073
26001,15.30092689877445
26002,14.852228565496514
26003,15.280349796337257
26004,7.756195825146478
26005,14.787825233743737
26006,15.426301548460989
26007,13.18076308889377
26008,18.05876422295266
26009,17.164559947287824
26010,14.754750223217377
26011,16.79190721358061
26012,17.87616295407213
26013,22.094984944584628
26014,18.359552340205575
26015,13.182992344738457
26016,16.318969124983546
26017,8.700366896832005
26018,16.08005789987854
26019,21.934245870894475
26020,13.187039151362196
26021,16.257871939970762
26022,12.916657744865976
26023,19.068151882740477
26024,15.932877631782963
26025,14.014953870766487
26026,18.64819973961724
26027,17.975954351780356
26028,11.219557596324726
26029,17.53362135202101
26030,14.096447219209272
26031,15.843976864994707
26032,13.501545023534979
26033,14.471893548788467
26034,11.603076703977642
26035,16.81707769074592
26036,18.67404305074559
26037,21.29260093191523
26038,15.542837522165517
26039,17.515077504977985
26040,13.979658672615964
26041,13.203491253644039
26042,17.3617988284891
26043,11.859090172479348
26044,17.219170259823702
26045,17.41870093520606
26046,14.18826735467254
26047,13.208642907206045
26048,18.71491562296933
26049,17.101714123228742
26050,16.173313464313797
26051,12.245413073789159
26052,13.4820023523793
26053,19.696305037685264
26054,15.578556877447632
26055,11.392978232804262
26056,10.721004176326169
26057,18.3576747791748
26058,20.764049633387437
26059,19.144177436012644
26060,12.095852462952246
26061,18.262572537305925
26062,12.473635620857326
26063,15.489569081989776
26064,11.04105254433803
26065,17.211562640201542
26066,17.340505661023556
26067,14.088339317714672
26068,16.868719074886297
26069,20.68265115539229
26070,19.388285096835535
26071,12.604206697452375
26072,16.71812241857341
26073,20.73296044970071
26074,16.892601473301134
26075,16.464575741958487
26076,14.349305849883025
26077,13.378423062240497
26078,15.038530661613272
26079,13.720484545460314
26080,10.248152683650414
26081,16.94504940673259
26082,16.444897072232447
26083,16.09360620149381
26084,11.87204907101168
26085,11.537871115833099
26086,15.52976426230125
26087,17.064795223083276
26088,10.63412298736239
26089,6.831932000916247
26090,11.871331576402195
26091,19.629888761813614
26092,15.288204478077846
26093,11.455431922232137
26094,17.18036944055007
26095,16.374995197481496
26096,16.544930161070642
26097,22.493173206633102
26098,15.772262453606812
26099,19.757494791881562
26100,15.247956377059163
26101,21.838849721142154
26102,18.655470722651103
26103,16.403348574342225
26104,14.667351816326532
26105,15.729913111730696
26106,9.458415129853044
26107,18.034267922561273
26108,17.92591512793805
26109,18.472406610155428
26110,10.910820344536774
26111,15.902653641597364
26112,20.77266473429132
26113,14.456052370770426
26114,19.363988396883702
26115,15.217788993071803
26116,17.12820307218702
26117,12.961780090675326
26118,12.724846212708297
26119,17.64236774246019
26120,15.728114711101899
26121,16.970139688871207
26122,22.57482760860848
26123,11.825608110686682
26124,14.996783759154052
26125,14.421288231586917
26126,14.299383144587516
26127,10.84557452792584
26128,11.377199766635952
26129,15.368991055007445
26130,12.651092605516189
26131,18.058487187073435
26132,15.10357179340483
26133,22.067804875596554
26134,12.050160196012264
26135,12.152409969723095
26136,17.64461904757851
26137,17.121054588154344
26138,16.129562654827236
26139,13.103928565326985
26140,13.04203576942523
26141,20.67063346996529
26142,12.482131345980427
26143,14.740606611231867
26144,15.585752332977446
26145,18.569132353349218
26146,14.130151507440152
26147,17.85617625125401
26148,13.180772900239678
26149,16.086974689954513
26150,21.065744639466423
26151,24.233847938741537
26152,13.382910644787211
26153,14.953328382295354
26154,14.815708321034814
26155,10.54889656222328
26156,18.9110586743353
26157,14.941036743957707
26158,14.721339379881833
26159,14.483400030809022
26160,20.23448205033811
26161,12.106535896757848
26162,13.985297633089575
26163,14.176250490269153
26164,17.170489582751102
26165,17.1839746214161
26166,17.075188481445366
26167,14.615529873448645
26168,17.887095962200632
26169,11.652908806135631
26170,20.044152168269278
26171,17.338024597195307
26172,16.491019407173038
26173,15.091666907749358
26174,11.2960188427501
26175,21.207882978654204
26176,12.987246152049924
26177,16.79218991282997
26178,12.770018220925147
26179,15.667891161374266
26180,19.21749670344228
26181,18.997874052707274
26182,18.152107187035153
26183,14.608315373424738
26184,12.310961040229701
26185,20.728730410633915
26186,14.776787304416695
26187,15.864148017241952
26188,20.479341636332812
26189,21.630346594064157
26190,17.442012121745492
26191,18.264305860729355
26192,18.09466248579296
26193,17.144393652099406
26194,15.67101238023275
26195,12.33311474770182
26196,13.788330281157348
26197,11.398968519038354
26198,20.013920941318297
26199,10.007835735389992
26200,9.893487671672025
26201,14.107990573293073
26202,14.697178706244545
26203,8.446133848515572
26204,12.869384653483689
26205,14.528987721755326
26206,10.586708495658515
26207,14.448465130206507
26208,20.19127369512106
26209,19.25369673932177
26210,21.678290207051035
26211,12.408521387712563
26212,21.93873483306298
26213,13.896189232890293
26214,11.938799816655031
26215,16.256035873469386
26216,18.171266451333516
26217,17.166886313359527
26218,16.69531855666535
26219,19.063505659476498
26220,13.886336425585622
26221,16.072404283422333
26222,20.396249388140745
26223,19.21363763220746
26224,13.316876528101886
26225,15.372903789486614
26226,10.82710839832242
26227,19.493564354483958
26228,16.951759209051406
26229,17.433566460994896
26230,8.098892257795136
26231,12.562934660945132
26232,13.331670085978995
26233,14.963988136249494
26234,18.79957514370042
26235,16.96673228276218
26236,13.603182788225464
26237,18.07018522311468
26238,11.451458133755546
26239,19.33179203962434
26240,16.422977675941986
26241,10.884514362184047
26242,18.053236498610804
26243,17.212992052243553
26244,14.423203051825809
26245,17.030683190943904
26246,11.393982374681913
26247,14.655357758689693
26248,12.88360590776794
26249,12.602927271021375
26250,19.94140832509792
26251,13.165408985995612
26252,14.456681033127582
26253,15.44142514090671
26254,16.467722301326543
26255,17.88113782653802
26256,18.467197724494206
26257,6.795450880505069
26258,14.580372159244718
26259,11.799384039698765
26260,13.609373057454869
26261,15.856806839025237
26262,12.567790357848665
26263,13.60225375702922
26264,20.568951237726292
26265,17.80383540963171
26266,13.20758421174809
26267,16.35801370774345
26268,17.685050819586863
26269,15.590928140750682
26270,14.665684957786144
26271,18.381233390605118
26272,16.645720063085104
26273,15.935494596495923
26274,13.134702346649918
26275,16.31739666670593
26276,17.627883273025372
26277,19.939376331327765
26278,14.671383307138681
26279,18.08032978378125
26280,17.603410937227586
26281,15.3882902756558
26282,18.51939168978154
26283,15.308291439528286
26284,21.173513297515683
26285,19.050538078604966
26286,10.9494008371948
26287,12.528821889113905
26288,17.986241485573085
26289,16.685894137436005
26290,11.152052065304225
26291,13.902675421215118
26292,20.436920704107763
26293,14.181653745571738
26294,14.329776844093868
26295,16.68082368852552
26296,10.388383857799148
26297,17.0502588708577
26298,15.178853897583851
26299,21.821845647479094
26300,17.114839816603535
26301,14.25960954896838
26302,19.690817667017
26303,17.841035476819634
26304,15.280874100038442
26305,22.154380136238416
26306,14.447181109694407
26307,15.040308473644352
26308,14.502093072222866
26309,14.668726597131352
26310,21.71682263307909
26311,22.66674820989659
26312,16.77593509754787
26313,13.079010939639225
26314,15.562478995990851
26315,14.3030503350472
26316,17.790236816035918
26317,14.756437081441645
26318,15.815200781748121
26319,11.108820551186929
26320,16.350768752345672
26321,9.66365748282608
26322,15.198994603133361
26323,13.068350716016829
26324,12.727040971405989
26325,16.69219656384108
26326,11.031117873930027
26327,18.411929393811207
26328,15.913669105970097
26329,14.679858195794246
26330,17.36400641343795
26331,11.362713483288818
26332,11.860677038727172
26333,13.304234736777376
26334,14.86212510007988
26335,22.62551595221405
26336,16.309936979041343
26337,18.33418500092823
26338,18.517996649232774
26339,12.531341395437448
26340,14.911804177393885
26341,18.399801295235402
26342,18.264733931720986
26343,12.067865218513237
26344,16.47828353076244
26345,11.922668706441788
26346,17.68904120252807
26347,11.80036719791039
26348,11.917720081909334
26349,19.2557668067466
26350,13.566119923618832
26351,14.439764015055633
26352,19.092099564984576
26353,16.03317120816466
26354,14.22547168551577
26355,22.53702233211269
26356,10.90946783519662
26357,17.959628910776324
26358,12.952938778104885
26359,19.77293080285824
26360,15.415448904968667
26361,18.022367596932227
26362,10.722833150786533
26363,8.04175821650114
26364,13.238146755063944
26365,17.497931430353997
26366,21.165919855271092
26367,17.88950924858536
26368,18.712868191162194
26369,18.69826263064452
26370,16.596000000812825
26371,15.743890979056381
26372,16.328268861229283
26373,12.81366644384888
26374,10.590581289581438
26375,11.536480003825691
26376,21.273910317441192
26377,21.036445061748978
26378,18.02955003779168
26379,11.233371707373184
26380,15.029496587997539
26381,14.144452848475703
26382,8.961248490716764
26383,20.08311836715785
26384,20.540131369874885
26385,10.63017282441636
26386,16.705952060876676
26387,14.769256037464011
26388,12.90918584749857
26389,17.96897322298338
26390,11.016291058817476
26391,19.877661077082713
26392,14.723797068155868
26393,16.37339421494297
26394,19.540439426335304
26395,16.71313322432963
26396,17.63740936171692
26397,15.101956505537716
26398,13.290750251694973
26399,16.382229562367883
26400,14.277169961086223
26401,14.109965178383298
26402,13.242926675473244
26403,15.521486092367576
26404,14.257309641842985
26405,11.3409968434119
26406,20.987526553229657
26407,18.369661006628853
26408,14.767278124570986
26409,13.499012695948544
26410,16.04003458588938
26411,12.44627663364194
26412,14.075624210427776
26413,13.897363539616887
26414,14.26537674051193
26415,19.266301135338445
26416,18.490637832070394
26417,21.778659830545898
26418,13.408486922493916
26419,13.057770462545214
26420,17.276798791817917
26421,20.62916103812249
26422,23.285420820032236
26423,11.014245921159805
26424,19.654143808485095
26425,11.06717668746723
26426,8.895639996527727
26427,19.866610602476385
26428,12.55381679344062
26429,17.847919095580224
26430,13.200408010534929
26431,19.180487964543826
26432,12.23007418784652
26433,15.08334878711535
26434,20.024747532135528
26435,12.445772694490236
26436,23.141271176973127
26437,13.53072469465074
26438,19.996894261189485
26439,15.694351691197141
26440,15.749461862014618
26441,20.681837570724525
26442,19.55135405580118
26443,14.222491379350469
26444,11.218182406089193
26445,20.460107729110902
26446,18.25339452499003
26447,15.951769665298192
26448,12.045995347142508
26449,21.607642320630873
26450,14.028987943388929
26451,14.829298698500876
26452,13.124437684952088
26453,13.40457608232583
26454,17.30177678013688
26455,17.223019526895992
26456,11.604786360990923
26457,16.81044998450703
26458,13.855070545561576
26459,11.955673114483607
26460,16.270025526964574
26461,16.715866851245043
26462,20.442385342630274
26463,14.58520088325932
26464,14.20879796655026
26465,10.372322165640856
26466,18.796924045607696
26467,13.237101848108388
26468,10.798663912157902
26469,13.829964402894213
26470,11.83657142066469
26471,10.864904691946148
26472,15.011812460391837
26473,11.043805236898251
26474,14.32319023734336
26475,12.859559551702047
26476,16.014639532050463
26477,17.411099309859893
26478,19.112194283250375
26479,13.984963342170602
26480,18.94974007079179
26481,19.734011345385603
26482,15.689279585434239
26483,14.492589782179861
26484,10.637646572985755
26485,13.11519577002505
26486,15.793591133951704
26487,19.011265125855502
26488,16.424300716133324
26489,15.000145515004887
26490,16.373546156119264
26491,14.801415750071458
26492,16.322702263467516
26493,15.285381545549452
26494,19.55617333784185
26495,14.42075774466463
26496,12.61864692438477
26497,16.597789825723957
26498,17.75041369763865
26499,17.275716640049968
26500,18.275416545416462
26501,17.222108452693643
26502,19.085612686157994
26503,11.095950608869593
26504,16.162692746203078
26505,7.125679080660888
26506,12.421044265031016
26507,16.83624895778572
26508,11.003317059597885
26509,22.42917538246855
26510,23.0416700858611
26511,15.231715606531496
26512,18.845445501386283
26513,17.573110640562902
26514,19.02323155645903
26515,16.04635762094347
26516,18.338989828669735
26517,11.638069877038873
26518,12.479404960716012
26519,7.989609142612033
26520,16.890982642128506
26521,13.032889261773276
26522,11.860678833387727
26523,14.637157011192386
26524,16.109134734258536
26525,11.745539691388592
26526,20.93327243765065
26527,14.441242059605965
26528,13.512242396775715
26529,19.294583430453578
26530,13.954868998110108
26531,21.195946311032937
26532,16.203828127471322
26533,20.11389225664407
26534,15.46887651034051
26535,16.88902753689474
26536,13.807144948475221
26537,15.182743681549029
26538,13.485122520219024
26539,10.959138579333086
26540,17.736110993719052
26541,13.910249336876847
26542,17.831320541375792
26543,19.27429638342782
26544,10.472888217167446
26545,16.958684143709952
26546,17.414659338386212
26547,13.727439351191245
26548,18.463429200924665
26549,13.698065016162818
26550,10.85482464625336
26551,11.402031826110193
26552,14.349679140166884
26553,17.38406397066401
26554,16.008146026479622
26555,17.43849263567186
26556,15.36573750339663
26557,13.926721765675387
26558,11.775619370007162
26559,16.329987904118543
26560,9.477906305589542
26561,17.088950268685647
26562,15.332890052935054
26563,16.793503299746543
26564,13.412597558358838
26565,13.476162797431911
26566,16.346447736361817
26567,15.265221152971042
26568,18.880689746555632
26569,19.487502385823255
26570,12.489622196566602
26571,15.417639931071108
26572,18.265200908963305
26573,15.879599053310455
26574,12.943578324864303
26575,14.13674473327415
26576,18.96961828816914
26577,13.830496650852043
26578,15.154415230610073
26579,19.374533158767694
26580,18.00906650508422
26581,16.687220159090995
26582,11.588982990016362
26583,15.295894891911695
26584,10.61260530789956
26585,21.055924922002458
26586,14.22720106601618
26587,11.774899315609797
26588,13.023812581883398
26589,11.462578930069547
26590,13.632534691677957
26591,18.052717390235422
26592,18.566428473281483
26593,16.34050101471735
26594,18.265603191670504
26595,16.57617879935313
26596,19.479059239247142
26597,18.556640154217533
26598,16.59371263602393
26599,17.78530855151701
26600,17.84828904435752
26601,13.786986572579755
26602,15.912124587768178
26603,18.42143217838471
26604,13.381782830100871
26605,15.059198843818544
26606,17.696360359217742
26607,15.752845010311283
26608,13.298693941938483
26609,12.390410450467824
26610,11.891122252379487
26611,16.149595475892486
26612,14.961446024861708
26613,16.557166052820964
26614,17.02868946801637
26615,19.86158485099396
26616,17.22507812693766
26617,16.292229099823352
26618,12.65814753617008
26619,15.992836586811032
26620,19.22966898741463
26621,17.77279925944691
26622,14.624274802057467
26623,11.753883736991787
26624,10.53424083658724
26625,19.878554663762284
26626,14.433973615005227
26627,9.19040268833728
26628,17.45805089624682
26629,16.65241127962971
26630,16.989303697417828
26631,10.656121033892603
26632,17.469691768941498
26633,13.167592884365641
26634,10.888335919367908
26635,10.387489014842464
26636,13.198754108199523
26637,10.145742824562312
26638,11.143568134824315
26639,15.86570583118057
26640,20.90271603260259
26641,17.649883195862486
26642,12.159464084598405
26643,15.120330898173524
26644,20.229021332270115
26645,15.203673182374157
26646,13.58935553598154
26647,13.90369195715343
26648,13.62808364917223
26649,11.492880378076805
26650,13.094177299910122
26651,21.104432433228133
26652,13.87478584003608
26653,15.282872308156199
26654,22.566033073225725
26655,15.743950927335367
26656,13.359195837419204
26657,16.06083660949838
26658,13.781904048890118
26659,13.377374223468827
26660,17.196876790919475
26661,14.875564159172313
26662,9.847023572455303
26663,19.226005277942292
26664,12.185408658488459
26665,13.599343722516686
26666,12.994122282263422
26667,16.245437414698916
26668,14.052095403372343
26669,12.707185722920016
26670,13.740515920265985
26671,14.380853925704482
26672,18.612758035350897
26673,14.971999703684512
26674,16.597763936731553
26675,15.545746800824883
26676,14.436451956410819
26677,20.810296839125087
26678,15.211685456021206
26679,16.09936255408025
26680,11.159328632059442
26681,17.206834326853173
26682,18.771133613559115
26683,15.262832268554176
26684,15.692239376271896
26685,17.44204014697874
26686,14.654145142071501
26687,17.900569613861684
26688,13.57369446940167
26689,14.108860276246563
26690,18.738850788865683
26691,17.33817733474205
26692,17.827871825044824
26693,16.818094171599647
26694,14.662694172688544
26695,14.51885099294041
26696,16.18687820851351
26697,17.359708470981108
26698,13.714278358670654
26699,15.408122746784588
26700,18.380259702385114
26701,10.956552375738426
26702,14.759967930451339
26703,13.687068625257947
26704,17.044333111689873
26705,14.9963413782569
26706,15.840387592735759
26707,18.399557072596934
26708,18.505431216143215
26709,14.173956783775676
26710,17.71889517455124
26711,21.91555799854386
26712,15.042304227537308
26713,15.494065623144046
26714,11.460703599099816
26715,13.192998141867697
26716,13.6232643099741
26717,22.02258343742085
26718,20.597110849184887
26719,14.357772608007759
26720,20.20501379591944
26721,7.177134766798753
26722,21.436751898105094
26723,10.13560108338474
26724,12.445057097578655
26725,16.263911342872596
26726,15.448815440659017
26727,10.975886819386666
26728,14.075447487038645
26729,13.704725518839336
26730,13.865105909595762
26731,18.10560814405752
26732,14.771602249724715
26733,12.311983641363334
26734,16.029394027877377
26735,15.196639775003034
26736,11.36222369939647
26737,14.044394047027515
26738,10.082893321396307
26739,16.590323970081965
26740,17.382530076993458
26741,14.735240308037728
26742,14.361680418006973
26743,14.132118624063112
26744,15.755576655674622
26745,15.207489233313353
26746,15.602565146043
26747,13.04354357074315
26748,8.927009611478237
26749,14.472959966454717
26750,10.943562269621712
26751,15.18943844344904
26752,15.75363763845965
26753,18.568552423910038
26754,10.472384621903617
26755,12.186360451446241
26756,13.19785884023856
26757,17.58267365629914
26758,16.186089599236976
26759,16.829715513039716
26760,12.553788005239863
26761,13.307213590764533
26762,7.79227569866965
26763,13.813225835763841
26764,12.70648204618695
26765,16.35747913589301
26766,13.320085141299717
26767,19.47865629315279
26768,17.622876620283787
26769,18.17722183756126
26770,14.96092881836409
26771,17.410351999002764
26772,13.980318120639904
26773,18.05033784479224
26774,11.83785055880619
26775,13.643235801903463
26776,16.925093550828954
26777,12.397534009714281
26778,17.21869576068389
26779,15.23070142605381
26780,12.990364152172004
26781,12.103004778209073
26782,18.60850460935302
26783,13.952932547864767
26784,12.02718164885972
26785,17.41973890447666
26786,12.77643940550525
26787,12.340775144410307
26788,20.131493426445846
26789,17.280540527411624
26790,16.452909816946676
26791,14.75609684238226
26792,20.445880433538708
26793,14.898977834112559
26794,15.470687596667407
26795,20.434814126833402
26796,16.7983302421705
26797,15.759498843101104
26798,13.891647608910805
26799,18.26292027141461
26800,10.676862130365311
26801,13.181593649365134
26802,15.014041003308755
26803,17.93595656147326
26804,16.715738167700373
26805,21.658782302612504
26806,14.242599807533109
26807,19.396724750617427
26808,13.758914429629296
26809,14.690488594263977
26810,9.88793331231931
26811,12.860520695061219
26812,19.293921987445984
26813,15.875493798268554
26814,16.132507327636336
26815,11.402927890847726
26816,14.190187249021337
26817,12.040019672221122
26818,11.868228296124704
26819,19.141105241312218
26820,16.465354934005916
26821,10.82134206215131
26822,14.648801333832878
26823,11.106798445493695
26824,14.014316520480005
26825,17.624927157064853
26826,18.614737505388696
26827,17.81046438599022
26828,14.531724853074621
26829,17.34179793793374
26830,17.558949235233264
26831,10.088764213636813
26832,17.08528942545462
26833,10.964507567759977
26834,12.544416242631492
26835,15.314223118152837
26836,18.602315306590143
26837,17.051947376407657
26838,12.69265968343816
26839,16.161304620178434
26840,6.757520123336217
26841,15.53447535146553
26842,7.382220536990227
26843,18.818193531718467
26844,20.26989769437469
26845,14.759606582400806
26846,12.72798129559838
26847,16.53772988762444
26848,18.125261660882124
26849,14.18952418420345
26850,13.942101392578401
26851,12.891475685655337
26852,21.100589291484553
26853,14.25785099850355
26854,20.83443863583816
26855,19.776102340240342
26856,18.465214411142
26857,14.834055489248763
26858,17.247958250425533
26859,14.617609707855559
26860,18.229278671595058
26861,11.07376840496056
26862,20.165514000281256
26863,18.925100159019955
26864,16.65054677648971
26865,20.013273713840263
26866,13.865036364629667
26867,19.25911460458489
26868,14.397196215610334
26869,12.400738267692548
26870,16.37079917311039
26871,14.787537291058126
26872,12.701760013806418
26873,20.808127011600096
26874,18.044781778583598
26875,19.247021827364566
26876,11.459419477206954
26877,18.321268481512007
26878,18.93090952335281
26879,16.570307549631014
26880,17.106184084963925
26881,19.732123463962434
26882,11.556125721201003
26883,10.935684311208151
26884,14.09256257089822
26885,13.992703533670811
26886,16.75125857804705
26887,12.579869410809334
26888,14.957997378479638
26889,17.355822126977436
26890,12.724880152590684
26891,17.576471885382706
26892,18.761547227720946
26893,18.046598575977374
26894,15.145502375936527
26895,11.385660170420296
26896,14.883296930470141
26897,17.04651788642562
26898,19.168234591850123
26899,14.900831591290206
26900,14.397263449873117
26901,19.401825226079737
26902,13.392580661386738
26903,15.819690739559997
26904,14.850017614206688
26905,11.929354348939155
26906,6.793610801718891
26907,19.405307807342123
26908,21.13936877917654
26909,18.11026743116733
26910,19.055193022873624
26911,18.7975671546593
26912,16.987336499437745
26913,19.60521195928959
26914,12.763286510284383
26915,17.961054166862716
26916,19.52400108545787
26917,13.273189996339376
26918,22.78469129878873
26919,10.788002603573355
26920,21.47211091537455
26921,13.18489867947975
26922,18.48268422051022
26923,13.26316926220296
26924,13.397298744087953
26925,20.23151571245554
26926,17.518367303106842
26927,10.995857825865784
26928,17.139789058888848
26929,22.064842717359575
26930,18.77285450771109
26931,12.447785511604597
26932,15.73109914541242
26933,19.18615898993251
26934,16.390755405735646
26935,13.104206605495577
26936,15.56095468067079
26937,15.602674437611999
26938,16.23406324206169
26939,15.602133577497373
26940,16.141693192775037
26941,11.092245803365573
26942,17.054342784576694
26943,15.11602075818432
26944,18.439655474817762
26945,14.50584154905273
26946,17.137939947204128
26947,15.899045727687815
26948,14.701320894672572
26949,9.511558914812369
26950,13.930311572214269
26951,13.119282223031805
26952,15.503050819237997
26953,15.11691821490735
26954,13.717760530439799
26955,13.68781213686374
26956,17.572952031068834
26957,13.124877743445023
26958,16.483291412829583
26959,16.441435664574602
26960,9.33773478695608
26961,17.394528836062747
26962,19.05502173350338
26963,21.99249590654057
26964,18.31958597408258
26965,13.106046729660324
26966,10.134246034834009
26967,18.479695902243492
26968,19.069945300668888
26969,13.314063161462125
26970,14.022379918405884
26971,15.000170377089106
26972,14.820882390256278
26973,20.191216352709954
26974,13.317076688842485
26975,17.826448198697847
26976,10.722719035497464
26977,16.17691476376826
26978,17.72240360749744
26979,10.987734552726893
26980,15.96332991881683
26981,20.30282872503645
26982,9.460722526605652
26983,17.192590925961312
26984,12.867201045048088
26985,9.90052457617115
26986,18.19926498250999
26987,16.963856806667497
26988,15.103960067732611
26989,16.52147956444111
26990,20.516467347163726
26991,15.457371800395242
26992,11.658923794842268
26993,13.61585299241964
26994,14.874410227924606
26995,14.253975676105252
26996,15.694309189697421
26997,15.1730738277983
26998,7.4344191551953145
26999,19.562559900117424
27000,14.59211109633556
27001,15.912820130432863
27002,18.414341906900013
27003,19.747234970050634
27004,16.340258939821158
27005,14.362243271035842
27006,12.721400711729663
27007,16.252673356385582
27008,12.432094495723657
27009,16.57367594501208
27010,15.369164937872705
27011,20.062864268196336
27012,12.482951596531063
27013,7.576298759976525
27014,20.35514080061936
27015,15.601315312673327
27016,9.433103616329443
27017,19.56585617944547
27018,16.820975981094804
27019,16.57469403332159
27020,15.234184885865515
27021,17.872033879500854
27022,16.05515372460738
27023,18.3255422592084
27024,12.25470350718454
27025,16.540953262254767
27026,14.70558386754915
27027,14.214756875414146
27028,15.55273106800316
27029,18.38360491972486
27030,16.812924864485485
27031,19.130381600149384
27032,20.660739723863177
27033,13.519494017114756
27034,16.67579501220782
27035,10.268724960885041
27036,19.609429466168244
27037,15.348362468818248
27038,13.77666560513867
27039,12.572990955771473
27040,19.13650411855715
27041,14.501116674653877
27042,20.875332949444058
27043,15.585185760064794
27044,17.152564270941234
27045,11.235318970567405
27046,17.082623498033144
27047,14.180945202447404
27048,12.08979410201969
27049,18.13907758966412
27050,13.359371771987062
27051,12.019886741583056
27052,15.389341998918635
27053,18.184151659862682
27054,10.947563419643616
27055,18.31877236103942
27056,13.548240311457336
27057,17.661873839996925
27058,12.986066208056483
27059,19.888047769524242
27060,15.860570245806084
27061,15.91680031608719
27062,16.76021412594253
27063,18.06501184721883
27064,20.758964351081104
27065,13.75515749336667
27066,13.855637508124849
27067,12.750511388618964
27068,19.925467231331993
27069,7.7940757155462785
27070,12.365195839045157
27071,17.579850233618753
27072,12.885370554651315
27073,12.346672985952509
27074,20.45137710259471
27075,17.72199075861786
27076,10.362490583575426
27077,19.965789497987302
27078,17.995404822835823
27079,13.762417088193606
27080,14.03977550149737
27081,14.186776241941246
27082,20.15732445516484
27083,12.527048858636867
27084,17.255706364168077
27085,14.688541288486439
27086,15.443497690193816
27087,13.242365210836464
27088,15.77963797222611
27089,16.802165553242965
27090,18.47269446617046
27091,15.349371726324806
27092,16.77771671122376
27093,16.168076781973127
27094,17.139383336743578
27095,11.047311725546251
27096,15.106610808089822
27097,14.847903418162847
27098,16.006279320434896
27099,12.549805808344935
27100,14.080926251772489
27101,6.68113057922527
27102,18.64171548191321
27103,13.559889248889917
27104,16.791539700637376
27105,10.932611828108739
27106,21.554838436595254
27107,18.36747146589875
27108,17.82483405808149
27109,14.354594528341497
27110,11.66733417844299
27111,13.102089817670088
27112,14.028023662314537
27113,12.141303222894795
27114,16.032892689346113
27115,15.402871708642712
27116,17.593851844954575
27117,16.05366129472125
27118,13.68175765361098
27119,8.693964284980586
27120,14.36430293484785
27121,14.222349354093197
27122,16.195494436429687
27123,14.110673921584075
27124,10.655824419017236
27125,12.597450115430155
27126,20.186874122809616
27127,10.816832666275847
27128,9.857532589451665
27129,15.285736035176999
27130,14.037380442277948
27131,17.052908755149133
27132,17.24265997646476
27133,15.994065854034364
27134,15.45822020686044
27135,11.755631062480635
27136,12.998661971658649
27137,18.19262821448245
27138,12.400621434726748
27139,12.52064785800341
27140,11.446851988474933
27141,12.35567711140245
27142,19.845643642102942
27143,14.832574931848447
27144,16.580958173768707
27145,10.749189737934593
27146,15.471653887524495
27147,15.430661985368495
27148,15.028122195600933
27149,19.081043614257513
27150,15.473178048876203
27151,12.203859412269509
27152,17.824278482672934
27153,13.225580845877545
27154,20.045282628539024
27155,17.73868700208166
27156,12.815646774078889
27157,16.369421916710735
27158,17.51991222675486
27159,13.244277006391838
27160,19.080055777454742
27161,11.320746658234699
27162,16.392953898786182
27163,12.909190834706479
27164,14.873699590216189
27165,16.931367259390022
27166,13.253953095526885
27167,15.810169052616038
27168,10.837282836734914
27169,19.121940109095483
27170,12.188282474282707
27171,21.98849763121199
27172,11.741524112611485
27173,11.99321369008192
27174,15.466725744033376
27175,20.426442385232498
27176,10.447799040353809
27177,15.204671924870377
27178,7.886303180689878
27179,21.553895713456285
27180,13.742057222391786
27181,12.156668067370273
27182,11.88094905400968
27183,8.837727020989757
27184,12.133660679015641
27185,17.736711164002138
27186,17.096290154911596
27187,20.066219432466543
27188,13.883463863567396
27189,15.195340667313486
27190,12.539873914599166
27191,10.640330453126587
27192,19.710249905144167
27193,19.258398832824973
27194,12.120812700503961
27195,16.896358471537457
27196,13.296583141057942
27197,14.508580524508872
27198,17.693688525279217
27199,13.928340139635242
27200,16.06012807062101
27201,17.806813838941977
27202,13.826040908470869
27203,13.072639526671347
27204,16.39721879317118
27205,18.81869701541308
27206,16.517746753930815
27207,21.573272043485375
27208,15.719950875934366
27209,16.778325746274067
27210,13.88260712492142
27211,20.84821521122255
27212,17.399471802215785
27213,18.21061000438156
27214,14.839855767799738
27215,15.748506030985208
27216,18.550362828708526
27217,14.93093298235298
27218,17.243907330626012
27219,18.37652077829196
27220,12.134367361466625
27221,14.221099737951342
27222,17.15555498647005
27223,22.398503824029863
27224,20.524052326946123
27225,12.526060745021887
27226,19.586543948268506
27227,14.025281007701542
27228,9.935844324925162
27229,16.341144469135948
27230,18.909247334250725
27231,16.196164095261587
27232,16.843502957845022
27233,12.731516334806681
27234,13.61254027672886
27235,13.68855805533563
27236,13.740277137135495
27237,13.470250800620288
27238,17.267301982554034
27239,11.871442635577978
27240,14.33191835395786
27241,14.001230114467313
27242,12.693640509169395
27243,14.091294910254987
27244,18.04837079338635
27245,16.19924926703808
27246,14.73524366125107
27247,15.56956871377957
27248,20.84584504398555
27249,13.867809556799907
27250,14.335096458022308
27251,16.102596062754845
27252,15.13583519454598
27253,13.40208448576278
27254,11.472975091156666
27255,15.093271056580381
27256,9.881317035934138
27257,15.624938149650681
27258,15.157927818154995
27259,11.619972972117651
27260,18.28589835472393
27261,14.942525673436798
27262,19.08563617243614
27263,17.34280048352035
27264,13.371759813693789
27265,16.274447377344195
27266,10.057954336294515
27267,12.127578562977074
27268,12.44545184724458
27269,14.960583298992672
27270,18.509889813437873
27271,23.052052919263737
27272,9.990284093060323
27273,21.41925083197606
27274,12.853617431851088
27275,14.357610691861185
27276,14.167228543457068
27277,20.429764788697916
27278,11.534293308406454
27279,14.14866728176834
27280,13.54878788213162
27281,12.79422844162645
27282,16.710183282588748
27283,12.070568015840774
27284,14.567343449954999
27285,7.549735260946068
27286,16.21836881826745
27287,12.98693516537303
27288,10.633259767638904
27289,9.677111590260605
27290,18.584197147989727
27291,17.828544889917286
27292,12.12158668167298
27293,11.832699514255552
27294,17.135101315885247
27295,14.681671909011815
27296,17.7423834112603
27297,15.708710755181373
27298,15.252270071678225
27299,11.67280133593176
27300,17.672434453047636
27301,15.78176223805167
27302,18.166859601703006
27303,25.37485957601004
27304,11.625228281884713
27305,20.116979169843862
27306,11.794875740291658
27307,13.276272665672456
27308,9.689738700001628
27309,17.158637123155437
27310,13.96127722101117
27311,14.903472821449865
27312,16.57417992000991
27313,13.082117652820738
27314,17.423645691648154
27315,9.555199293051515
27316,16.69611161583958
27317,15.266610948139357
27318,16.00726720331587
27319,10.436294810453159
27320,16.290837205095897
27321,14.901282673199214
27322,12.53227004395568
27323,7.9347371211051705
27324,15.208627646998087
27325,14.347330986212539
27326,12.88212944007211
27327,14.343393967422507
27328,14.706883183826125
27329,19.61807689049097
27330,17.474670012431492
27331,19.587871773418975
27332,16.16526614697853
27333,10.912962225435823
27334,11.858096032618253
27335,13.079154034520565
27336,10.879290888878558
27337,15.534316837024695
27338,18.18930781386731
27339,14.635895490770958
27340,10.983180997417705
27341,9.814077160429829
27342,20.308089842215068
27343,14.701222103685687
27344,19.745800326407636
27345,11.267094463215251
27346,15.49627265449772
27347,16.582590628764734
27348,12.889387248751065
27349,10.643626873436428
27350,20.61521877054475
27351,13.13945097135549
27352,14.225245053646182
27353,10.137844371126876
27354,13.174069281413956
27355,15.655284129647185
27356,12.965870744018606
27357,16.94950664051662
27358,13.838816574407273
27359,19.22769630660128
27360,14.408289394622122
27361,15.904814418591956
27362,15.592120966197005
27363,17.8716964425686
27364,12.69120015811173
27365,13.250503620471447
27366,17.59549190876722
27367,10.085759091266299
27368,13.662443002981231
27369,17.163090184483657
27370,16.187098106587033
27371,19.15156284834594
27372,16.86296779380344
27373,12.248816642635038
27374,9.274473519559535
27375,18.887957097550995
27376,9.995530855541531
27377,16.33737756368412
27378,17.678322342384284
27379,20.082380829457122
27380,18.42000762490538
27381,16.749594778976487
27382,16.226756563968646
27383,18.149596090350776
27384,13.370363191048282
27385,11.909911951138747
27386,11.002332929929075
27387,8.804733393853521
27388,16.643027674602216
27389,17.67268263290716
27390,16.117979563175744
27391,15.892685636330945
27392,14.133310346695751
27393,16.69578395849575
27394,12.514982867288252
27395,9.341828454251749
27396,15.159323441343624
27397,14.84375132523047
27398,13.951321566590586
27399,20.441749867218405
27400,17.7359827255632
27401,12.0560431902225
27402,11.771050857689247
27403,10.04306646982966
27404,20.582176746631237
27405,11.377055877689985
27406,13.225155133511304
27407,20.934247587454408
27408,15.468112342637884
27409,16.828873343497083
27410,16.2850648672194
27411,22.105465439562686
27412,14.86591170674505
27413,13.175450095218922
27414,17.173921462213183
27415,21.656396213508746
27416,15.235586169914388
27417,13.287346749298543
27418,15.210136979344437
27419,14.58789591815732
27420,18.066254392413477
27421,20.971695675807982
27422,14.28736197389728
27423,7.854326267951545
27424,9.71602071568679
27425,19.063682214358217
27426,11.459015575211284
27427,13.393290142517017
27428,14.644106352048778
27429,21.902903216937904
27430,16.72979188517518
27431,17.08377877461426
27432,19.00525496878785
27433,17.33985351361696
27434,11.55465633943593
27435,15.03695328464209
27436,18.33574797866738
27437,14.609656251012549
27438,18.032985029784452
27439,18.615111358674824
27440,20.43418240191397
27441,14.38823900724169
27442,19.519341194245065
27443,11.019837616424418
27444,19.632256597936333
27445,16.74833823991932
27446,15.545459811911902
27447,15.271033368288414
27448,20.366376014017675
27449,19.291542671992847
27450,11.606269977985443
27451,16.99166761551934
27452,17.463796971794213
27453,19.999494737977273
27454,13.350486316533662
27455,17.688842623855322
27456,12.749070497977243
27457,17.560085419441453
27458,11.277660547757677
27459,19.117399438101646
27460,16.147956816348263
27461,14.536324481189805
27462,23.102045388366044
27463,15.165131184915728
27464,20.96033564757064
27465,10.532231065385412
27466,21.774687713877306
27467,17.335396344844032
27468,15.03427203079513
27469,19.210956441910405
27470,16.780871254722392
27471,17.0457181230359
27472,19.119509801956813
27473,19.882671548755678
27474,16.393382243481025
27475,20.013030555880164
27476,16.114747830291098
27477,14.423823940871415
27478,15.937832433599485
27479,13.136066088725109
27480,18.974644979950124
27481,14.641468721969884
27482,14.247645722786404
27483,18.49452729550897
27484,22.357632207540007
27485,13.705572222415332
27486,18.101419144625776
27487,19.97377995396415
27488,10.451895788387215
27489,19.305701203061783
27490,15.554296594330777
27491,13.767727332866146
27492,13.275828113216107
27493,13.859166730199641
27494,16.591400371452767
27495,15.192175720102005
27496,9.329368258783518
27497,17.024348506800607
27498,14.71805952607743
27499,17.028019605703584
27500,12.67539711747244
27501,17.539929178965053
27502,17.223470236938777
27503,8.923651373796375
27504,13.989814571984684
27505,15.612718662553107
27506,14.27955280677669
27507,17.997938776026057
27508,19.800727807083355
27509,19.128803968418122
27510,15.092962248502685
27511,16.880142066641454
27512,17.536257549432072
27513,14.751562527384092
27514,14.536395982708985
27515,16.789238482811534
27516,14.583664227831859
27517,15.3803112873274
27518,15.96601479956831
27519,13.400891469149165
27520,18.23383746135115
27521,14.015245158887172
27522,18.951670688822524
27523,18.602515543312784
27524,23.033512591113332
27525,19.73984029515558
27526,14.945895654992306
27527,16.39273185508571
27528,19.183319648757674
27529,11.785002899021059
27530,16.226159965598775
27531,13.458725048408828
27532,11.557841731846151
27533,13.737975248429484
27534,17.910506989585073
27535,19.091387770508348
27536,8.00754753150342
27537,17.381122313044386
27538,16.33005376681557
27539,15.129275256477928
27540,19.047391320623877
27541,15.854701424222574
27542,11.388168680964164
27543,18.294545104342255
27544,10.194972659375583
27545,17.959810007138966
27546,19.227296118860757
27547,14.566694009780656
27548,19.73003863541293
27549,9.81438989671959
27550,13.26783894731265
27551,14.461037554008794
27552,13.473311076906246
27553,16.262648932847036
27554,14.05532941350927
27555,11.631436247894914
27556,12.543115454684989
27557,15.189472951070497
27558,13.424085373878977
27559,17.43833809397989
27560,16.79125218911184
27561,17.46742569446556
27562,19.331754594097426
27563,19.87774562943431
27564,15.34475258320569
27565,20.220990852022375
27566,14.754843235078363
27567,18.52670472169009
27568,17.604640549915846
27569,20.170840431386843
27570,18.549110988676915
27571,22.602632911017775
27572,6.818079737253459
27573,12.464443956553158
27574,16.305510339322062
27575,15.374540201148104
27576,15.063380068386051
27577,11.103016330205692
27578,13.798782344216026
27579,16.303763480191762
27580,17.222876717021435
27581,18.720021534765866
27582,15.345070886739833
27583,16.40500764496879
27584,13.382029835203397
27585,18.230447757086804
27586,20.211479295064112
27587,20.256191026313285
27588,20.48011644410751
27589,17.953206694405676
27590,16.91496110226232
27591,14.144118589986213
27592,18.162832865308612
27593,12.654778460821683
27594,16.11147679403754
27595,14.399234708550729
27596,15.097447749244395
27597,13.078181768561828
27598,14.594734633241565
27599,17.565056364457252
27600,14.595331275139673
27601,16.710612078495352
27602,17.080961716358246
27603,18.00856053458607
27604,20.28055186978458
27605,14.711885626301381
27606,19.43324326540865
27607,17.788463535224604
27608,15.0416178125913
27609,11.881102059800257
27610,13.675316264313127
27611,18.175165817282057
27612,17.206759085752974
27613,15.372650797128134
27614,14.274304086314391
27615,13.112111787803261
27616,17.39193226831881
27617,14.152909502914117
27618,17.723181623293954
27619,11.726226470694904
27620,21.000292841430877
27621,21.01025299712483
27622,9.898090882161245
27623,19.129711793690227
27624,21.101005658669862
27625,13.950008235259144
27626,12.375447265253193
27627,15.750839462883688
27628,16.354741425511577
27629,10.018283990720134
27630,13.72325493235162
27631,13.282415988134785
27632,11.649891128719226
27633,13.640105064883734
27634,19.645187821511218
27635,14.070164619926706
27636,15.012291688193129
27637,13.058943836240534
27638,17.258091994227243
27639,19.681395815287733
27640,11.342912577478227
27641,10.637524354396374
27642,18.733262902331298
27643,9.95597067886084
27644,16.739460504488036
27645,12.288513082833365
27646,19.73121854485998
27647,12.130857303914295
27648,16.88459658095973
27649,14.408512498219297
27650,11.054728799323865
27651,13.020891965824733
27652,9.345455631643135
27653,17.179001578531874
27654,18.01523991021519
27655,13.871414328205505
27656,9.21513513306752
27657,15.345417493212507
27658,13.764036304700742
27659,14.705607801932953
27660,15.560420948274219
27661,17.19246977754417
27662,15.045755057331995
27663,12.838631267990928
27664,16.30404832022559
27665,12.5337724735054
27666,20.922087523658373
27667,14.731849006068511
27668,17.952264259515424
27669,14.875929712009537
27670,16.974381397244354
27671,12.067955239463458
27672,18.492524553240187
27673,12.659736997176882
27674,12.181967312469517
27675,16.441871931860245
27676,14.963809808939288
27677,15.057976178466852
27678,14.801453497616567
27679,11.058800349068168
27680,17.144535659153536
27681,14.62507244497829
27682,8.098618767912683
27683,17.58513286871994
27684,16.55792377243981
27685,11.357108748967494
27686,14.904501931650184
27687,13.747520672186614
27688,15.599748701046785
27689,10.137493751304087
27690,17.508696853481126
27691,19.100721960024206
27692,12.025027520946185
27693,16.275347565507055
27694,13.743591602565889
27695,15.996582981392764
27696,12.446728772302015
27697,16.548361561323077
27698,17.580631100026643
27699,15.853909602338508
27700,16.429514519167956
27701,10.98644923906518
27702,19.1806944924993
27703,17.17252924023966
27704,14.169061705531929
27705,14.756148745617505
27706,17.50961649543673
27707,10.678249105174663
27708,16.327576751155195
27709,19.309441400781232
27710,17.52102361459636
27711,19.348316542834347
27712,12.25005459534885
27713,16.77159682684248
27714,11.660817913160944
27715,18.49559867295215
27716,18.404820903505435
27717,18.889224907515093
27718,12.718770597902388
27719,15.61898512789891
27720,16.126643521794318
27721,12.585150250248127
27722,16.415906995941235
27723,14.665397094924243
27724,19.201790624148344
27725,19.23590025563017
27726,11.395502877132039
27727,19.51802629056222
27728,13.315204247813138
27729,17.00791802900359
27730,13.42386306303393
27731,18.826520049950663
27732,17.295880444149283
27733,16.379696634404166
27734,13.961318496834803
27735,17.534888246620348
27736,16.458479221403483
27737,14.341513327260625
27738,15.044982425625896
27739,19.994195821727004
27740,10.961908539209333
27741,12.028032474539044
27742,11.833237159814018
27743,15.120639909421591
27744,15.269307592907706
27745,15.932521557321998
27746,12.933496204634569
27747,19.51494774596825
27748,24.14594261577343
27749,18.319784790618414
27750,16.407054564352418
27751,12.600873496533957
27752,15.413650726944928
27753,12.917557832021927
27754,15.357190255399516
27755,16.355639120272862
27756,17.639140227311568
27757,21.108042410360675
27758,12.783675492560082
27759,13.350450228265863
27760,13.7709044748512
27761,17.33063148326755
27762,13.763494039694736
27763,9.671996737468877
27764,9.55382562490538
27765,12.379520316059683
27766,16.656075332503473
27767,21.306696407132605
27768,17.4318527096716
27769,14.594597294649216
27770,16.803828821147366
27771,11.86274383930693
27772,18.07252260956513
27773,21.618852757753185
27774,18.124029750229916
27775,13.878681475344079
27776,16.96456986904824
27777,18.4569272453679
27778,13.29296637322616
27779,13.107361920260962
27780,14.587871460482452
27781,17.29584757124025
27782,18.54482008083897
27783,14.349327569372543
27784,12.516618206674337
27785,20.230753267895977
27786,13.585268865541183
27787,16.21602519441391
27788,13.47630595283383
27789,13.466189691349134
27790,15.002344983070467
27791,17.16837687240665
27792,15.436397137038501
27793,20.320694685553853
27794,14.60396540007939
27795,19.687704850457663
27796,12.243392493635987
27797,14.086720993788154
27798,14.41887056743516
27799,11.053590299763114
27800,14.699419114853432
27801,16.46323566870626
27802,14.007820948145833
27803,16.83174008529802
27804,16.827512928213103
27805,12.101806848204575
27806,12.554255894883118
27807,21.68760998475176
27808,16.58907896518832
27809,14.975898642072524
27810,16.28158536448392
27811,16.06086558834474
27812,15.111756203941276
27813,14.02180166976899
27814,10.434219477836631
27815,12.194686241376655
27816,17.816496015084542
27817,14.552131416579241
27818,16.249331449311313
27819,18.139564064174877
27820,17.833800310840783
27821,7.251270330798491
27822,16.184660229115945
27823,11.657091017822275
27824,12.731421541136704
27825,17.30391258034192
27826,20.29899749278216
27827,12.85336004761788
27828,20.254508870039537
27829,15.091375991848803
27830,17.615377834755222
27831,21.533678433804646
27832,12.645546307275385
27833,16.279166316691345
27834,14.72641560127991
27835,10.51831071183769
27836,17.356093346211743
27837,16.69874603227685
27838,17.606674836307988
27839,11.390258854558738
27840,13.075662361564753
27841,13.24147856718624
27842,17.55553257661176
27843,15.282859466303492
27844,16.183845345172045
27845,17.202600247000394
27846,18.489313321277997
27847,12.249957873027018
27848,10.086053719479619
27849,18.399763573560264
27850,12.359491464861367
27851,18.785226462115276
27852,13.629185724298916
27853,15.727521599850654
27854,19.98105369199869
27855,18.16964291309612
27856,17.84988425921153
27857,17.64387097170733
27858,13.630523826280012
27859,11.121423407967036
27860,14.211045894483728
27861,14.266060610689165
27862,20.40711020192945
27863,14.852510160081557
27864,13.578946217199558
27865,6.89526873082708
27866,17.508537652107847
27867,18.823771460691063
27868,17.220708475049815
27869,8.178349111212325
27870,18.37491879990555
27871,15.757102016667675
27872,18.137033688872116
27873,11.24521940359526
27874,15.618618040141511
27875,17.882894097395425
27876,15.37343798985461
27877,15.557153683703842
27878,15.509577435362527
27879,16.033290627427036
27880,13.335649877584792
27881,19.910369718349557
27882,11.35347832413066
27883,13.934520058370277
27884,16.746244695361817
27885,11.959144602110694
27886,16.0231616489883
27887,12.880832328028486
27888,15.378732905361531
27889,11.847490557397578
27890,19.459891074051896
27891,13.376063533695449
27892,18.73148707720674
27893,11.067263135352771
27894,12.105282546713436
27895,15.814923237104576
27896,15.041968497697482
27897,10.835714978215485
27898,9.350314831775728
27899,13.606257982993851
27900,16.942904017641354
27901,12.229548522433703
27902,15.4401558195072
27903,10.243329911771196
27904,21.53260186788456
27905,16.793135809585205
27906,10.97901391776277
27907,16.846910443575105
27908,17.133584280106678
27909,19.662299628262552
27910,18.48165927699958
27911,15.787422726597768
27912,17.52221727769935
27913,17.863964393654648
27914,13.73200024987013
27915,11.92443554095446
27916,12.567738905193451
27917,13.477850394353883
27918,14.911951443923599
27919,14.810156817868696
27920,15.375328187240054
27921,15.626930347599279
27922,16.008560769920308
27923,15.177851241577134
27924,13.85959252419356
27925,14.061536717752446
27926,16.033939483334386
27927,15.975949315505876
27928,17.41635503071648
27929,15.212955494717386
27930,14.96043413720396
27931,16.03059787516933
27932,20.500190135211266
27933,15.07602924840399
27934,14.961406756805383
27935,16.82656091873755
27936,20.623101543919297
27937,9.921272715077928
27938,14.710664231968531
27939,15.985227990064336
27940,11.639736779192912
27941,13.169712410103823
27942,15.514811901881817
27943,14.737438561769391
27944,16.204616289121905
27945,19.163449484914157
27946,20.70387066009452
27947,18.266384223704762
27948,18.580714955813814
27949,16.999917239883292
27950,14.872806663074721
27951,21.27769905249407
27952,13.069892367244009
27953,18.879963805549387
27954,16.565144431438785
27955,13.486946563648011
27956,14.381410824451711
27957,18.30708602715169
27958,14.553326361175822
27959,15.602697648298948
27960,20.409115460244955
27961,19.823768927395847
27962,13.241920256416769
27963,18.860350639801474
27964,18.243679413583656
27965,13.934752148170919
27966,11.037196218559288
27967,15.522312497307148
27968,14.404741916452657
27969,13.880973305911334
27970,16.797088358966068
27971,17.476303106968075
27972,13.950665082780555
27973,20.048446380875028
27974,15.801093512538392
27975,10.830596553693718
27976,20.61172057230908
27977,19.56252755705394
27978,12.417837726828704
27979,9.32536239281821
27980,16.68233827176907
27981,16.401425776731994
27982,19.53512751365487
27983,16.74901172396562
27984,17.397516301480138
27985,13.95398889290937
27986,17.088692162436963
27987,17.466352585370302
27988,18.193777378475698
27989,14.319821977071172
27990,8.594995904408696
27991,16.685307276868492
27992,13.461650083550241
27993,11.350177348103252
27994,19.95725402031496
27995,17.920801669799268
27996,15.025228026334835
27997,15.736988975013565
27998,16.243383342348885
27999,13.66661812705541
28000,19.625778601162594
28001,11.846320633029302
28002,17.427063532257886
28003,13.022870819864044
28004,11.229983015846702
28005,21.967226434111105
28006,17.867951762434636
28007,10.495724492706572
28008,12.931725040720991
28009,14.949479047255906
28010,13.348827808376145
28011,15.397920581797184
28012,19.923151912390576
28013,15.701830164925608
28014,18.728006685925028
28015,16.042395558787128
28016,15.432643591425023
28017,14.785508550306883
28018,17.367100843375184
28019,17.47288397209848
28020,15.570700578546063
28021,20.206538031704405
28022,18.73487831216711
28023,14.320217592311906
28024,11.487666804910148
28025,13.183996606681474
28026,20.733844922931127
28027,11.926550498558665
28028,12.905922755563346
28029,14.659259567129642
28030,7.7379874011899865
28031,17.352179006706123
28032,14.617743309010564
28033,18.059591872919025
28034,14.900488536991094
28035,19.084276087253365
28036,15.280122320662043
28037,13.444411105213817
28038,13.36664818807132
28039,14.22089351142872
28040,20.660844096323295
28041,16.43796144368634
28042,15.535400021274034
28043,11.270892342686022
28044,14.660947552105512
28045,11.146882888636096
28046,11.683336484051946
28047,15.416970148923662
28048,19.034093050730377
28049,15.220757988764479
28050,14.29635771712711
28051,11.49952886103836
28052,20.474835059576538
28053,19.21846925617249
28054,11.14383998900077
28055,8.510565166622897
28056,10.757017457694378
28057,13.428132926657863
28058,14.509047354568835
28059,13.244456694198856
28060,16.221233933704
28061,15.521254765507152
28062,14.122051986816528
28063,19.669080742067624
28064,14.653320997687436
28065,15.427443772493046
28066,17.755627236811353
28067,12.494054931914615
28068,13.700073785193643
28069,11.344767258948242
28070,14.665713646137455
28071,16.804631835738565
28072,6.324825183420883
28073,17.054842434798708
28074,12.27174062987439
28075,17.50976197634082
28076,15.781407530773514
28077,16.87503855774032
28078,12.774530796709474
28079,16.626517204880905
28080,17.242960836344217
28081,17.905196680185885
28082,15.104338660782782
28083,10.281292796248438
28084,12.217008245692245
28085,12.89869703498587
28086,10.565305032291441
28087,13.789076544614872
28088,16.99878478790932
28089,22.44258099110627
28090,18.292116178423107
28091,17.179213009178763
28092,14.217112972660741
28093,12.296247651653667
28094,21.53302598827011
28095,15.043086707967744
28096,16.393745417552527
28097,15.570237970341278
28098,14.863804994080212
28099,13.551223610150048
28100,12.98900177969166
28101,14.819963534104257
28102,17.127729419894838
28103,13.173358333165881
28104,19.801709567143604
28105,15.496502124310753
28106,18.815714486664323
28107,7.889601665325523
28108,15.58458879532783
28109,17.8779071632312
28110,6.6202224627274955
28111,18.216649012041827
28112,12.209684775097095
28113,9.652012524765
28114,10.763260902348943
28115,12.302020219326291
28116,13.720583744358438
28117,13.318782312040724
28118,14.6417267723997
28119,19.77600187140557
28120,11.957396324874091
28121,8.873033574986296
28122,15.873756774671051
28123,18.24745291863059
28124,11.283614761503529
28125,16.63782742588159
28126,11.262074758288293
28127,18.40096117492397
28128,18.178907446784038
28129,12.987590803194173
28130,15.437838167097645
28131,15.349894779770317
28132,13.393859101059213
28133,14.214263777951095
28134,16.248593959248527
28135,16.02036522934491
28136,20.8851860202875
28137,16.41837616114997
28138,11.97756813007284
28139,19.147457823444576
28140,13.32084038725542
28141,11.942209731313818
28142,12.389215913738461
28143,16.07223131282425
28144,9.733671370330875
28145,11.11014083162855
28146,19.747334102372985
28147,19.625912864272266
28148,11.65039366538463
28149,18.031045507845285
28150,18.399115581452964
28151,18.211381697538503
28152,17.744740115799505
28153,16.979481176235325
28154,15.90559995352066
28155,13.747413183003314
28156,12.430684089127954
28157,10.598158729738904
28158,13.593562586211199
28159,10.41315469292061
28160,14.092759200686048
28161,16.429551625156844
28162,14.140779041092994
28163,11.847381708193888
28164,16.634361387219627
28165,14.453190360994745
28166,16.950963706693653
28167,22.113008288418
28168,15.422061092194795
28169,18.360855949285966
28170,16.876244182764673
28171,10.443068001001633
28172,17.057877690573672
28173,14.481356584301087
28174,13.88089321181734
28175,17.834273633989547
28176,14.08855529496918
28177,23.098711360757193
28178,20.037741242441726
28179,16.077321659101504
28180,13.170456431411834
28181,12.805355272995012
28182,10.782113998657627
28183,12.89842368966055
28184,13.28640063498229
28185,20.35769217518977
28186,21.188598010700886
28187,12.128229060595778
28188,16.305191867930624
28189,18.444003849457953
28190,17.471876353384495
28191,12.8481996306631
28192,11.46783679274743
28193,12.541961905145543
28194,18.774796279280743
28195,18.27961718792683
28196,15.781845372748556
28197,10.829195460300221
28198,13.03013205131353
28199,10.937499827135237
28200,15.436768406792915
28201,12.458912140417299
28202,16.55430069448841
28203,17.78566050176471
28204,15.765094137466685
28205,19.03071222209355
28206,18.037132381770643
28207,16.688268662666534
28208,12.662615816798441
28209,13.194527406075593
28210,17.89148504527818
28211,6.727184219232798
28212,16.990447157172174
28213,20.44150749590031
28214,13.861473839381816
28215,16.09409914042496
28216,15.990511886570449
28217,8.922115038353486
28218,16.58711264672015
28219,15.453853149005006
28220,16.545360511682972
28221,9.119346298179448
28222,19.664757755461366
28223,17.308521852112797
28224,19.820989253659782
28225,19.59105913390767
28226,10.54851743597081
28227,14.225979188786589
28228,19.017624525729946
28229,17.696446073856237
28230,15.991098263169416
28231,15.131296032296722
28232,15.369283283836486
28233,16.61669066903106
28234,17.00672605918839
28235,19.69421725573666
28236,18.404995520836216
28237,14.039495553104969
28238,22.641497843594927
28239,17.792716770717828
28240,17.43074934312565
28241,11.633401460042295
28242,16.812093030319133
28243,11.48944125685826
28244,18.87214622977172
28245,16.851240001221242
28246,19.178494978475996
28247,14.74649995585206
28248,8.650368891838248
28249,13.85634374733259
28250,13.788537206161488
28251,21.184263511277685
28252,14.815488760934869
28253,12.148931702993496
28254,15.751684664804891
28255,17.445955765590334
28256,17.358793132760642
28257,14.745042236023306
28258,14.852104060654986
28259,9.380652892064335
28260,12.215018340156286
28261,18.24686449108741
28262,12.01511067939705
28263,13.400632890517599
28264,18.61842549792517
28265,15.519736314933246
28266,13.682481459670075
28267,8.811565068508251
28268,17.6255920085962
28269,12.275048753483752
28270,14.212629356363873
28271,15.618508289857871
28272,19.18988843231423
28273,13.554407405467215
28274,17.645915150255682
28275,22.611630603668107
28276,12.16647273892903
28277,16.902614692206637
28278,16.59601463542118
28279,19.45285716335733
28280,15.084528784078303
28281,11.999185439367531
28282,12.645578416949425
28283,14.493792033329047
28284,14.692800804100616
28285,16.23449280896687
28286,12.286588002342288
28287,16.965714514705617
28288,10.799649281639498
28289,17.42677227095601
28290,15.216460045255594
28291,13.32927786035059
28292,13.743160127056528
28293,7.466536392239073
28294,10.50626818841853
28295,14.749153731637625
28296,21.612111975933722
28297,18.764209215820397
28298,14.824889555869918
28299,16.03546387326141
28300,17.60084419028894
28301,16.091689480076262
28302,15.93488766717581
28303,12.863081801698234
28304,18.55763047867637
28305,15.67085276942275
28306,13.626148835505735
28307,18.47253594721617
28308,13.807992500445387
28309,13.324612822616622
28310,22.074188689470375
28311,8.875254018984513
28312,14.445402942236901
28313,14.342887665831984
28314,14.819563871348764
28315,14.506808112139527
28316,15.404811501190881
28317,13.6365396759277
28318,18.245171442729074
28319,13.924370438491174
28320,13.48988000938156
28321,18.198482587207454
28322,14.07144922440979
28323,13.339010359825176
28324,18.35300366810521
28325,15.344870768713315
28326,17.144869060244396
28327,16.606242087275024
28328,10.889873419442749
28329,16.704691440630995
28330,14.790186214002743
28331,20.165655065929414
28332,16.278247068198944
28333,15.006865207806845
28334,12.031646510229152
28335,11.23845770699054
28336,10.065134454612885
28337,15.05721904705393
28338,15.739425264663154
28339,16.216845253151376
28340,16.78828102223643
28341,11.50872753264514
28342,19.642593176745784
28343,14.85106195299025
28344,17.710217685266464
28345,13.134099396946837
28346,13.925465023043193
28347,14.710230081696059
28348,19.998179237814295
28349,12.59602602061048
28350,21.712006666363152
28351,14.757834121614685
28352,13.681122649134084
28353,10.245550550213173
28354,18.94364073975906
28355,9.491174815680985
28356,19.265817745805954
28357,12.294124832097241
28358,13.489157801729986
28359,19.850493171021856
28360,15.464864932151357
28361,14.738863022499482
28362,19.520409959867443
28363,17.919652373412827
28364,16.373739597283926
28365,15.275262549326056
28366,16.105178882813554
28367,14.358247513429138
28368,17.084232307605852
28369,16.76388263732733
28370,17.55064664931401
28371,15.307914214993492
28372,8.765859943387843
28373,14.714613753223013
28374,18.018240418632377
28375,13.228744987226337
28376,11.992815760588332
28377,12.227282978480286
28378,16.9231259656962
28379,19.67778735490064
28380,13.889833989867634
28381,13.932014093546757
28382,15.464296061064967
28383,13.453065234395481
28384,18.640592457453625
28385,17.325925451484192
28386,17.83588709070394
28387,17.321749630892015
28388,10.21466330735374
28389,18.804243624127515
28390,19.04019840367334
28391,13.463505213032564
28392,14.268897806701116
28393,12.972070659291914
28394,17.369717690196037
28395,14.344969077678526
28396,9.98764244100781
28397,12.974651381159099
28398,17.91475892722521
28399,11.911284050517075
28400,16.61922039095399
28401,16.12398172537176
28402,13.933517463483433
28403,19.563692656450048
28404,17.91308828257837
28405,17.383748734045923
28406,15.626681554736118
28407,16.760553569286458
28408,15.307803747216386
28409,22.82793756970994
28410,17.60470932688628
28411,16.046414965263775
28412,18.241013485218602
28413,14.590123875220222
28414,16.28141142903268
28415,15.67960868080636
28416,15.49487561548892
28417,14.001595816517776
28418,19.691618502375405
28419,16.053771407406654
28420,15.107266967260822
28421,16.19908627514711
28422,20.45029689397427
28423,12.615355670326215
28424,18.536183403816334
28425,15.484067579494978
28426,16.0028730623041
28427,18.382229891511074
28428,22.57392698943581
28429,17.703477549796382
28430,8.458526728230513
28431,9.374417242187526
28432,12.00076947552008
28433,11.356637399229257
28434,15.847508319279216
28435,6.8821098192515535
28436,12.0941891963719
28437,15.812970702409054
28438,16.338881484474204
28439,14.322203980609483
28440,17.472272564333515
28441,15.464071846320849
28442,15.406663071691677
28443,16.204042998301755
28444,13.915843186768436
28445,18.474871703003743
28446,13.375014115471854
28447,16.7103030081207
28448,14.32854031149541
28449,14.156854037093465
28450,13.23145302883746
28451,18.013600592558678
28452,8.483336752344453
28453,15.806955555508551
28454,13.30444869539004
28455,13.81672282907859
28456,16.272021450965763
28457,16.58960118518133
28458,16.77675320943125
28459,17.903101391152113
28460,16.317871270194118
28461,18.003324318432647
28462,12.710317094398192
28463,15.49657359545813
28464,16.781214226917744
28465,10.383604441178171
28466,13.965446144091649
28467,15.21172350192507
28468,13.187218793877747
28469,12.933682874517661
28470,15.163928254799888
28471,19.415387820634454
28472,15.910299395150439
28473,18.18987473138187
28474,12.798658757701284
28475,19.314504114695477
28476,19.329869848639657
28477,15.183787680973015
28478,14.492374422604728
28479,18.28374898805387
28480,16.311589887526022
28481,19.018916363121903
28482,14.917077330310832
28483,21.09353552936068
28484,13.530880739799226
28485,14.439344007088128
28486,9.860855852179322
28487,16.461981178434762
28488,14.272137096051418
28489,10.538176381219671
28490,19.39250659543498
28491,15.109082941583768
28492,19.37083049641908
28493,14.731744658369283
28494,14.765955966477748
28495,14.106772635785505
28496,17.310056351520064
28497,15.989554530405746
28498,13.05067959479664
28499,11.319932971360618
28500,8.86918910762514
28501,14.46965598466682
28502,16.19127082878662
28503,14.07376665201226
28504,16.51466635138676
28505,13.961393931472175
28506,17.936287383980574
28507,15.345214952974018
28508,13.065915978018317
28509,12.544016299129412
28510,16.169015011259575
28511,20.121360861798614
28512,15.653516207392018
28513,15.34890090398788
28514,17.963431766982673
28515,21.64063307319575
28516,11.926010735113092
28517,12.758778874110678
28518,18.82832065253861
28519,13.502167018799915
28520,18.31107412748787
28521,16.308860300071007
28522,11.605486925335041
28523,19.095120241733554
28524,19.792368057205877
28525,15.536803253975409
28526,19.51109174316052
28527,14.535395307593959
28528,12.930962765526335
28529,9.444321793803887
28530,16.304436119088926
28531,13.233368150985484
28532,14.014431352065678
28533,14.24139455163427
28534,14.71044998661488
28535,16.284122304291657
28536,16.056373415327112
28537,16.950504971513382
28538,12.481318943091864
28539,19.874241080965128
28540,18.107607946199433
28541,15.525048967108532
28542,10.600112660146578
28543,12.13654823824923
28544,12.624748368825426
28545,17.87816311945871
28546,19.732796128797524
28547,20.869629795505773
28548,15.550174187202764
28549,16.182538702598414
28550,12.842761035625912
28551,18.094203793588257
28552,14.567789788760205
28553,16.596393738744375
28554,8.516496999029174
28555,13.313528208167535
28556,12.849437089695881
28557,11.861218943867343
28558,16.830741896043037
28559,9.639818267793412
28560,15.852731651492658
28561,15.018222305822217
28562,10.029743108106647
28563,14.244253003372075
28564,14.068840423537543
28565,17.539423653537128
28566,15.964717955336132
28567,11.029450532623375
28568,14.135674548401454
28569,15.892617538284291
28570,15.64548578601681
28571,19.1277897370641
28572,13.96305888486009
28573,19.770031818806356
28574,20.4498771601018
28575,19.10792588590203
28576,13.853784737316891
28577,15.388228453086905
28578,17.806867715692174
28579,11.620568046128119
28580,10.041373529453333
28581,15.723604731526871
28582,12.880815912870567
28583,14.987369925003005
28584,13.820720753380458
28585,16.677562075040665
28586,19.6516891745159
28587,16.084771439707122
28588,14.413099552240629
28589,15.546971954099412
28590,15.622404711664657
28591,19.223198160001846
28592,13.357221727940589
28593,12.03111163172488
28594,12.815757826069012
28595,13.890887796879674
28596,18.39678999007492
28597,14.241141971132386
28598,23.534618299782124
28599,10.733344208705013
28600,15.369340857121166
28601,14.049178991620188
28602,19.002663780132874
28603,14.690928002485418
28604,11.939763051876568
28605,11.875313072602083
28606,16.042478476902126
28607,18.50300687235757
28608,12.67003301718338
28609,15.173006594010506
28610,16.508529055766154
28611,15.1997338713311
28612,13.82223401629169
28613,12.575326657433525
28614,15.951485151327077
28615,18.09860135424794
28616,18.287366309440362
28617,9.585320097254156
28618,14.293981483681213
28619,14.397899196578692
28620,16.00720862464048
28621,18.26249550986888
28622,17.125879639763674
28623,18.48423101198589
28624,14.017467795870093
28625,15.614225763992065
28626,15.709244745616418
28627,19.15382201677798
28628,9.828928091434172
28629,20.247188412590695
28630,15.632042715788485
28631,19.256491576003494
28632,12.4202752158901
28633,10.67250178511132
28634,14.514005396100593
28635,11.45956882198965
28636,19.239994882092876
28637,21.816342593405945
28638,14.660122317338136
28639,13.451947593595849
28640,13.841644119529397
28641,16.385878839653834
28642,13.308281315880075
28643,19.045727352811102
28644,15.681551788122489
28645,18.94253452533325
28646,16.88239162205988
28647,14.927229932067647
28648,15.305522175570214
28649,15.864739199232384
28650,18.08451140942029
28651,10.036950058816105
28652,16.483086150597916
28653,17.44115272381764
28654,19.1611442620188
28655,13.626803062605466
28656,18.018233527562153
28657,17.54291529388735
28658,12.282207237598726
28659,17.155841750904486
28660,18.773449155104267
28661,15.153586785224764
28662,17.986213360724953
28663,14.591603361529067
28664,17.02833529155555
28665,16.651076773568175
28666,15.916934109906027
28667,17.400285931883037
28668,12.052828645092095
28669,16.664717779356476
28670,18.40101779354385
28671,14.094142845848449
28672,14.181160088343097
28673,15.701522634435351
28674,15.715632108633063
28675,10.127028605445105
28676,16.477739923859342
28677,20.77717602189593
28678,15.343866250211338
28679,16.700799777023256
28680,13.14131249784446
28681,18.14632580203623
28682,14.253606496829079
28683,16.077305397011866
28684,15.665738234484976
28685,18.80918903959436
28686,16.196622606945205
28687,18.36423474363426
28688,12.172240177245081
28689,17.19997244803816
28690,15.448382286318994
28691,16.962192721853476
28692,16.14771529396119
28693,18.08113043296619
28694,20.289257340953732
28695,15.24354331416576
28696,16.571186183104352
28697,17.13452384387637
28698,20.55840314826317
28699,22.68559889914914
28700,17.111239485691875
28701,19.08022940466609
28702,18.11208003793771
28703,8.915700726187438
28704,18.56380075876171
28705,11.513406465597729
28706,14.91013288785269
28707,18.95324659301931
28708,13.303156696183219
28709,17.198102042871835
28710,14.97017707583476
28711,17.434045829686177
28712,17.532603859481913
28713,21.319825907274453
28714,9.447595179162695
28715,10.73723168102266
28716,16.70398691778135
28717,17.233538277871244
28718,11.737489735435437
28719,17.617107419871992
28720,16.382574393283804
28721,10.481355859413306
28722,10.506485641608029
28723,14.691065865987838
28724,16.423412304962213
28725,16.720472251406083
28726,19.407127544049608
28727,13.191304998360184
28728,11.680685834194179
28729,13.142271598945866
28730,15.209205383570993
28731,9.6449263884337
28732,12.688311280158297
28733,20.328863170791564
28734,16.75326876530187
28735,23.027904164073263
28736,16.09693575262348
28737,16.879744037271248
28738,14.645186859456157
28739,11.79023307087872
28740,22.449263163678594
28741,15.741005027035479
28742,13.6258641171841
28743,7.4176830234662
28744,13.315709465225307
28745,12.302573536552128
28746,18.98850444881734
28747,13.452814178082896
28748,12.611461925582235
28749,21.34304901145832
28750,10.701735843330537
28751,15.766873298788829
28752,14.89223650468382
28753,20.061339479516135
28754,9.865592410861982
28755,12.092303893870469
28756,12.34726605695786
28757,11.69390546545865
28758,10.104020101569045
28759,13.088748778677004
28760,12.607514647739418
28761,18.461611598533935
28762,16.92417415627774
28763,15.90072991720375
28764,17.4391928066716
28765,16.165477439155147
28766,20.328053495449083
28767,14.703211868868477
28768,15.718016851221204
28769,12.408942288232323
28770,21.334694301292558
28771,19.55571975475128
28772,15.25198768554527
28773,17.17328312837075
28774,17.834246593695806
28775,17.703061280520892
28776,12.197996849298622
28777,12.280423572442128
28778,18.361481345362975
28779,15.619006274965427
28780,18.862631991659722
28781,6.627525723565089
28782,15.422100491179194
28783,16.21744358121944
28784,14.234626733293947
28785,13.137265923477926
28786,12.719605605227779
28787,15.921440917602066
28788,14.589965500390104
28789,15.471188011466642
28790,20.220882049667676
28791,15.421503873089199
28792,13.377549356073775
28793,18.016064538451282
28794,17.878051464766216
28795,14.429110544920789
28796,14.412833579688115
28797,18.42741471714292
28798,16.436837296655572
28799,17.084144668690744
28800,10.539989965581375
28801,16.96588468179273
28802,13.901172130528039
28803,21.439703955597984
28804,9.666443087643955
28805,19.684981873396723
28806,16.14501000552376
28807,19.622708982141923
28808,17.961622674802072
28809,12.52839770840599
28810,10.937469614458847
28811,16.948086311721415
28812,15.780876225883054
28813,20.424811029894336
28814,18.447896845551607
28815,15.532926404397754
28816,15.834843270911472
28817,18.689279358881702
28818,8.671551310383578
28819,14.693140643070347
28820,14.35406230453564
28821,9.434867469704477
28822,14.477181201143035
28823,11.884646672677878
28824,18.649258909057153
28825,13.804360333641485
28826,18.161240553608913
28827,15.983033264443188
28828,23.48717376919597
28829,19.138885610716763
28830,14.312091388968632
28831,12.881155856123186
28832,16.691448404760123
28833,15.854708241802635
28834,19.030877348357595
28835,10.720475324768898
28836,12.94879551421392
28837,14.736571412882117
28838,13.996933167181256
28839,13.974123520831974
28840,18.27538532337619
28841,11.746060575822208
28842,19.806157832335384
28843,17.610873612630883
28844,16.187638717694803
28845,22.2387029650081
28846,21.57129885633717
28847,19.041695739178532
28848,18.369768834843114
28849,15.993617871444085
28850,23.60720351110392
28851,17.369995777083144
28852,17.537695735693923
28853,17.09088829306869
28854,11.835774887409194
28855,18.261762392867496
28856,12.108211872058043
28857,16.201478293549616
28858,14.366291835674549
28859,14.017058798615395
28860,20.50528467868498
28861,9.224982283577607
28862,19.02940280062757
28863,16.86725395782522
28864,15.79358446830053
28865,16.374481088318266
28866,15.97228622062227
28867,14.94165491972961
28868,21.904352890958933
28869,17.259907831772864
28870,13.755572326758223
28871,17.091085454300355
28872,13.178304011370994
28873,16.10387765672538
28874,13.832136359332713
28875,16.52564710214008
28876,12.124795265735168
28877,19.015501711278617
28878,15.687072592594161
28879,19.659245847690055
28880,19.082107875968287
28881,11.564579358848073
28882,14.41452535355724
28883,20.936324570629345
28884,11.32059224292052
28885,17.523662075254734
28886,10.584591799148612
28887,16.712028591338413
28888,12.239356694061815
28889,18.04495448400745
28890,17.2433119499365
28891,21.043783345262234
28892,16.836325261553235
28893,16.52107322821917
28894,13.898681961074878
28895,14.160866454967096
28896,14.957167671851499
28897,16.507806274707914
28898,16.270702448040364
28899,17.73483697669622
28900,13.100407699814912
28901,19.263585362177864
28902,23.735266638839718
28903,14.349283725911828
28904,16.11046056664053
28905,16.196022441307065
28906,11.621962424771304
28907,16.7416202129431
28908,16.031772567095153
28909,16.423833507016408
28910,14.672963209758882
28911,11.3320865548393
28912,14.077301846428984
28913,20.9677337096792
28914,16.016676279654618
28915,14.254015899171758
28916,19.230157664783807
28917,15.338518224372109
28918,22.060951124234595
28919,9.920565325519481
28920,10.744584700356638
28921,12.538291505685505
28922,13.468315091552716
28923,13.72838034750334
28924,14.338918621895527
28925,13.771042086557838
28926,16.501706341596652
28927,12.213863592031236
28928,10.33433271490382
28929,18.489939797918986
28930,12.439504629902906
28931,14.22885752707792
28932,15.289468563196262
28933,14.540776494913551
28934,15.622527918961302
28935,16.980653227044396
28936,21.087650120465156
28937,14.54593491533636
28938,14.320137429773823
28939,15.946468843214756
28940,16.708755544112925
28941,17.197783066193548
28942,16.557557523328935
28943,18.228518880979696
28944,20.901827612118247
28945,16.103519328927796
28946,12.464287356357966
28947,17.418725166806055
28948,18.908150188764516
28949,11.949172066194537
28950,22.249673289629868
28951,18.716581082876978
28952,12.908979019806573
28953,15.35106728125766
28954,13.7081828803592
28955,10.58472934832631
28956,14.802477510527009
28957,11.772531790096906
28958,12.051709897895371
28959,13.665796939339458
28960,9.929814296902165
28961,20.96718725318786
28962,15.398317059782926
28963,14.174711730145717
28964,9.973816499969194
28965,11.553107022802054
28966,21.568982149156714
28967,10.885085351667772
28968,13.835091255446363
28969,14.352772471687386
28970,6.868212813319346
28971,20.31485066786861
28972,23.042578114928947
28973,12.1606524385763
28974,13.847431390955297
28975,12.41210807350707
28976,15.542969811318914
28977,13.643066763899123
28978,14.220058620186407
28979,15.248862203290319
28980,17.054775696511307
28981,14.279945246523175
28982,19.37950664195923
28983,12.242680597509331
28984,15.662656844526298
28985,18.721864278900007
28986,10.911744395897774
28987,18.650051364030645
28988,14.726176350434853
28989,15.603058373126952
28990,18.33472618114517
28991,16.37121352195642
28992,8.786550645620345
28993,17.42121898678244
28994,16.373168407066863
28995,13.433383094869892
28996,18.256496267638827
28997,20.775722225522795
28998,15.007755997873208
28999,12.198432489244777
29000,11.723741801862191
29001,20.932128118256855
29002,16.563414230824698
29003,12.738793850634806
29004,16.458334396806187
29005,18.53619423058613
29006,11.661782970985744
29007,11.004566957187613
29008,14.466627632265881
29009,13.673313870192834
29010,15.413524407421612
29011,10.82636452595464
29012,21.419108139617666
29013,18.050690392622954
29014,14.283900247248205
29015,10.855847795774055
29016,25.500066335030105
29017,15.525989768894606
29018,15.148492405817867
29019,17.891504363781756
29020,22.608405699070353
29021,20.204253557242346
29022,11.46072669435387
29023,18.71832484361988
29024,12.856467034265673
29025,10.279695522830764
29026,19.941229548708506
29027,16.11383612618289
29028,14.51068658463564
29029,16.467110975995155
29030,18.59776791181615
29031,16.881277951508174
29032,14.685361948926648
29033,16.24010020478099
29034,13.884089562967773
29035,10.88840326830773
29036,19.380609940781326
29037,12.81912773914673
29038,16.116472043207008
29039,17.592418829230503
29040,13.399703157110764
29041,17.413689420803955
29042,15.877155704656627
29043,10.716472523364597
29044,17.64808146798742
29045,13.514740546939361
29046,17.190787596414225
29047,15.92043822722243
29048,13.782019615523781
29049,24.26582806678421
29050,20.188235350269984
29051,17.290961551593867
29052,15.723236812430494
29053,19.01175790420784
29054,13.130025720020024
29055,13.759917804430234
29056,17.160863171696665
29057,13.953329961001241
29058,13.885866792415912
29059,17.865667310050412
29060,14.77962254325218
29061,19.18937334752369
29062,17.27076821924317
29063,9.96873362657835
29064,19.697656992043136
29065,15.440881681180679
29066,14.01706963109295
29067,14.521072166330807
29068,15.872590579860628
29069,13.414719971987019
29070,15.13448008110144
29071,17.56935535891484
29072,10.972521308116502
29073,11.86326716301737
29074,7.798111168884088
29075,18.03702429560697
29076,11.344088373584572
29077,16.48738796393117
29078,15.595517494037347
29079,11.893968815687504
29080,15.413578581695713
29081,12.066087927462462
29082,16.22088024560007
29083,18.301848462173425
29084,17.618796465873665
29085,21.089841780577153
29086,19.685957524915416
29087,12.255770701652995
29088,19.326564407234375
29089,18.734343929455463
29090,14.195090041013323
29091,10.500992002925994
29092,17.47755806433274
29093,17.585697758612497
29094,19.831018498054963
29095,15.45276589312606
29096,15.635564288067096
29097,15.169511027262939
29098,14.36907334651066
29099,14.226718763999123
29100,19.183762516167654
29101,18.13718658306534
29102,13.97652107640731
29103,13.717429125732792
29104,16.913595084167984
29105,12.405510629551854
29106,15.255224419765424
29107,20.068989850594996
29108,13.495890842905661
29109,12.09345795819804
29110,13.979603148764276
29111,20.23342495281263
29112,12.130771906989526
29113,14.094807897480301
29114,19.225735092672917
29115,13.92088565316635
29116,19.748822205286086
29117,17.410022738134142
29118,14.173418336996649
29119,15.376314027715585
29120,16.167848700474785
29121,15.427592442527018
29122,13.762501421998255
29123,15.982404404634025
29124,13.729624835588982
29125,17.001267621449376
29126,17.320705529787155
29127,9.861126120861167
29128,14.123771426100184
29129,13.80275193222547
29130,19.36468041451683
29131,21.787072828882426
29132,13.209611027815084
29133,12.360914183065038
29134,10.762174353394009
29135,20.249930802458156
29136,16.766541120319474
29137,16.309394221768954
29138,17.151622217966153
29139,14.045976936807794
29140,16.66787485638478
29141,10.995159828300133
29142,15.238618127682445
29143,19.072534457143856
29144,16.056340183426773
29145,8.589166501605236
29146,17.11508139037862
29147,10.932488885284018
29148,13.273398361189116
29149,18.602192890256923
29150,13.576260529556555
29151,13.981279610984167
29152,12.992338989392776
29153,16.31514002581842
29154,20.14621882971226
29155,14.060662364950705
29156,20.33065053981289
29157,19.104917931567776
29158,20.32636910795037
29159,17.894315045110552
29160,13.784937507922518
29161,20.314430690614405
29162,11.433156888438367
29163,18.26541113397668
29164,17.512236318994464
29165,18.060523018810787
29166,15.414324170868255
29167,13.580765198165746
29168,13.913703520314836
29169,18.21200896914994
29170,13.69549103995465
29171,10.916280386755876
29172,15.482828759010424
29173,15.198808753873841
29174,18.7350200943076
29175,15.701985924114327
29176,7.666023088325802
29177,19.32417741103019
29178,18.146146227632407
29179,14.333389428882178
29180,12.988255819636143
29181,14.070704325143279
29182,13.532180692218187
29183,7.986749497060092
29184,17.106605052277107
29185,17.733545483512373
29186,17.323793579127802
29187,19.542500006100767
29188,18.18443470800822
29189,12.976693974613486
29190,16.36515783612427
29191,8.47849613236895
29192,7.519069189367114
29193,20.29951073851905
29194,12.598769513582951
29195,10.245844199792355
29196,11.826840733783067
29197,17.933566289509262
29198,10.647814022322374
29199,15.430549284060382
29200,15.644308975596235
29201,16.747561171110572
29202,16.44183751469066
29203,15.482988956184766
29204,12.74586279799895
29205,17.798087176913768
29206,15.300441268869823
29207,22.487525502576087
29208,16.4755366338404
29209,18.646595122302067
29210,16.23694000999382
29211,13.264988073719055
29212,12.963880708941105
29213,15.587176043228373
29214,12.105506909539864
29215,14.22754750765581
29216,15.102300865976137
29217,15.873115577746479
29218,16.493791956873352
29219,17.95032731184553
29220,17.999635149781984
29221,12.406969483803767
29222,18.8165346760282
29223,18.21045403750644
29224,17.272245985473564
29225,7.45869525972363
29226,20.11581466466645
29227,15.823388795088775
29228,13.784193297436122
29229,12.029231273600324
29230,10.881002172975375
29231,16.86539489229618
29232,15.697480170015808
29233,17.70235139716165
29234,19.273248779420697
29235,10.381569995283536
29236,18.83636120781759
29237,14.258413478988306
29238,18.201733080473858
29239,12.141014807232033
29240,12.781957772249317
29241,17.571673894472237
29242,16.427097689716067
29243,16.124584342044226
29244,19.421621364112326
29245,16.642046763109953
29246,13.279320608875423
29247,19.83313211847519
29248,18.902492345551288
29249,19.594656465912568
29250,14.553858734322842
29251,20.816681179946006
29252,15.67321385797813
29253,14.013056874802517
29254,16.936674956257885
29255,17.50705825124379
29256,16.80638994566423
29257,11.381857061256547
29258,11.063312137642804
29259,11.860986204385675
29260,17.07374089993804
29261,17.473453472433448
29262,12.776316844090431
29263,12.749130054364624
29264,11.337311219818158
29265,11.681225895497448
29266,14.854340311258495
29267,11.049665818169771
29268,12.285071336462714
29269,19.578462423288176
29270,19.02273557755019
29271,12.592637678211585
29272,19.600975484628112
29273,21.141372645210325
29274,13.285549388729429
29275,9.456243127694563
29276,18.55767411856435
29277,15.270327567600749
29278,10.298846297728865
29279,18.87760490789391
29280,17.05025860498139
29281,12.481201340436325
29282,11.562690084216598
29283,19.280637721565004
29284,16.593985256151594
29285,14.68036054993603
29286,15.626496362370133
29287,17.046104735691518
29288,15.296400767351383
29289,12.098853749339433
29290,12.647371555164545
29291,18.205492603625025
29292,16.882644648501415
29293,17.424878064629183
29294,18.127890886095667
29295,8.877618452404924
29296,12.733800428203697
29297,16.582527237838327
29298,18.402805031354006
29299,21.232601851884198
29300,17.64411978301672
29301,16.91985821269842
29302,19.536204798610147
29303,15.322755651024508
29304,18.10814500668097
29305,15.286251508734257
29306,17.885905576270137
29307,17.472477646360083
29308,21.153958527330737
29309,12.926944285403723
29310,18.93669674294955
29311,13.720918545325484
29312,13.320773020439091
29313,18.179130568444542
29314,13.4347692758375
29315,14.42792861346555
29316,22.08620302553527
29317,19.371676487882286
29318,16.707535409216092
29319,17.497077179819193
29320,16.171079717335545
29321,13.172404899255778
29322,15.541470260581287
29323,15.188488683941054
29324,16.971518558379586
29325,13.271781546292562
29326,12.84804128371061
29327,17.60621726152367
29328,11.828927019606457
29329,17.615228067297675
29330,14.369880492701895
29331,13.304248845201464
29332,11.444983739793152
29333,12.911059339808322
29334,19.963489263557484
29335,18.31222870196366
29336,15.935688774660983
29337,17.553285906535763
29338,7.962380945827
29339,13.771734612005599
29340,13.582381419900559
29341,15.995516375094441
29342,18.144733596198584
29343,14.642866899707613
29344,17.631845474064807
29345,24.47024047755211
29346,14.54090402804836
29347,23.22264827909897
29348,18.85662680014911
29349,14.843594104564385
29350,14.790464977152505
29351,18.80159466314884
29352,14.715713814992144
29353,24.009756761231415
29354,11.167935950509085
29355,10.388605653919056
29356,18.445142131677414
29357,11.124540054698095
29358,16.240555630195207
29359,16.521736979419114
29360,19.24833557348748
29361,17.593734441926554
29362,13.643664879639804
29363,15.061813165873597
29364,18.624673895866394
29365,18.377468513177565
29366,17.174692838870662
29367,15.037948512240193
29368,17.317084984516605
29369,17.972255347310565
29370,15.766139449870497
29371,18.22251130301847
29372,18.882310081412648
29373,14.908632931790038
29374,14.45049208966478
29375,15.577607452538352
29376,19.18507719521369
29377,12.798480734608264
29378,14.6819051865113
29379,14.087003412691336
29380,13.829664608394246
29381,17.265251097593733
29382,13.366140937512725
29383,17.940836913047118
29384,14.091923281985393
29385,15.004691929141194
29386,10.021551868775585
29387,12.69625853897604
29388,12.483300817286077
29389,16.57735337035654
29390,14.100881620539077
29391,19.83162950134664
29392,15.30636195669739
29393,15.784346195009729
29394,12.63000701995797
29395,11.319460594765811
29396,18.109756524584576
29397,8.601395605129541
29398,18.942180307353098
29399,11.680128426488455
29400,13.157779828091774
29401,19.504974678573397
29402,16.543300357728434
29403,17.029955732237344
29404,16.30752362391629
29405,10.848627660787761
29406,13.812885789148524
29407,12.77867174421608
29408,15.73580234025862
29409,16.32586480636103
29410,17.03010689517963
29411,17.275434099292685
29412,10.725637019859796
29413,14.868397964445656
29414,15.77355303283121
29415,15.52946842117316
29416,24.178193112967065
29417,14.397867401435857
29418,17.296710613015097
29419,18.538187940233932
29420,13.349627505170593
29421,14.813841938576656
29422,14.70859424978512
29423,15.539973003386486
29424,13.341006646839745
29425,17.52716112957564
29426,16.221308787887867
29427,12.776305850158252
29428,9.646022445639042
29429,10.103380774680016
29430,12.373848406581446
29431,17.635200031781107
29432,18.690297675081204
29433,10.711653427407247
29434,15.499411024667404
29435,15.619388686871073
29436,12.321258212361645
29437,15.34267887861458
29438,14.108566163659962
29439,18.359421679962413
29440,16.438925495557235
29441,13.546519832068743
29442,12.95070098412694
29443,14.384978322081457
29444,23.928106916835546
29445,20.39822835078887
29446,22.557102020905766
29447,15.492853369012087
29448,16.503917558968034
29449,16.3830157142982
29450,18.26264493795163
29451,16.750204498831145
29452,18.80986103592729
29453,14.322052848144134
29454,7.347901384230765
29455,12.68576425753771
29456,14.401319495067073
29457,14.478918851238339
29458,10.24802446881286
29459,10.902653732638928
29460,12.674021007659821
29461,12.20844914858626
29462,15.197298354341337
29463,21.43758167172934
29464,18.917131169296674
29465,16.269510961261048
29466,16.087765139282165
29467,20.49564210660137
29468,14.238634490712174
29469,17.961692471551395
29470,17.206897880983014
29471,16.900063033189422
29472,13.979657973509468
29473,24.613603021463106
29474,14.841903953540323
29475,18.263606438179245
29476,11.472458549437635
29477,18.464318867181255
29478,11.935797695147372
29479,20.79727985801653
29480,20.373841960668283
29481,14.471534611954276
29482,14.967695126915059
29483,18.151000072843257
29484,17.07683394838898
29485,14.964431839111134
29486,10.681567564951974
29487,17.710429966045343
29488,20.108377968527293
29489,9.192407590063386
29490,12.938696097051375
29491,12.200370065385181
29492,16.161733729123277
29493,17.797020010018556
29494,18.66705398477314
29495,15.537068454760991
29496,6.731540232195581
29497,14.951291481479604
29498,15.589443987547469
29499,13.618044043289578
29500,19.963818832853157
29501,20.461854221546684
29502,18.81864902407619
29503,17.560633309396547
29504,16.850272411834172
29505,16.987550634493033
29506,19.870272674042212
29507,17.094620346376022
29508,16.20343865943253
29509,17.07761121363501
29510,20.595785078880066
29511,12.817407505004672
29512,10.775739319977339
29513,13.962139879303162
29514,17.11185469906252
29515,14.404230428920558
29516,9.619477630558169
29517,13.112459003883178
29518,18.399922136469723
29519,15.997271630150014
29520,16.203179938308736
29521,10.644677971651289
29522,15.733996345803673
29523,17.859906975711045
29524,18.695975836922653
29525,13.148692267032928
29526,10.439555297462785
29527,20.877435541413792
29528,12.640304522915862
29529,12.429303115213484
29530,18.364534432800028
29531,18.261798025092936
29532,14.717189681200937
29533,17.48115360725672
29534,14.934258766370398
29535,13.27254507890629
29536,16.753307202885704
29537,19.514553642557523
29538,15.184666921758488
29539,20.900129759025294
29540,11.84026952940458
29541,13.824823462285076
29542,12.987129685375356
29543,17.086048864382153
29544,9.874493620130483
29545,18.365939439533673
29546,10.740270053773077
29547,10.666076230214998
29548,15.586901872523415
29549,14.622704751889895
29550,17.63141294231121
29551,11.67489265308602
29552,12.23005437838355
29553,16.362094784681695
29554,15.007635067862715
29555,10.789686668737666
29556,13.749755061775655
29557,15.931654946089827
29558,15.51647248500085
29559,14.397907619565581
29560,7.512112455529688
29561,15.554319041432356
29562,20.222256800278117
29563,13.900793296756127
29564,13.772579700029782
29565,14.799131440061508
29566,19.518332841703007
29567,15.951980251753985
29568,16.32366127100638
29569,15.819458710475658
29570,17.456597955258232
29571,12.610421009991157
29572,15.883800031300279
29573,11.325362991375224
29574,15.52243746589835
29575,15.820278546474292
29576,16.392970565632734
29577,16.20205949168539
29578,17.955448147196194
29579,11.660054069804806
29580,13.8900605425898
29581,18.160240276615127
29582,14.8297461397455
29583,15.78428020670584
29584,18.52162988611174
29585,17.43417587682741
29586,14.184405790936157
29587,15.93926264618879
29588,15.9989176942243
29589,15.46259528017587
29590,11.96275745774401
29591,13.675468340989923
29592,14.461444436428863
29593,17.001136705450172
29594,16.032876975565113
29595,12.818177957295621
29596,14.344649466231399
29597,14.626124338040135
29598,18.672312024275556
29599,9.759526320445591
29600,16.285156842304314
29601,7.707949334805008
29602,15.282092942905189
29603,10.053153925926395
29604,17.788462275103466
29605,16.954695757309093
29606,13.98478480059336
29607,19.576218938795396
29608,16.2658876631585
29609,14.232711696222335
29610,13.149436299171024
29611,19.132727802631045
29612,14.481702008490041
29613,12.903601047628207
29614,22.027170923450896
29615,12.59527503576757
29616,14.090479513157195
29617,20.510344156280738
29618,11.629594546879495
29619,13.633459632479212
29620,18.340766790406526
29621,15.127106849240576
29622,16.825729987445115
29623,13.121845491929736
29624,14.75779464059307
29625,17.273624404017276
29626,14.203502014276019
29627,18.24518775872705
29628,15.294950695238981
29629,11.33242198290387
29630,14.653198077120674
29631,13.198755059056271
29632,19.172136941585983
29633,19.046326762766558
29634,17.22492081955781
29635,17.58949554057242
29636,15.442260194776331
29637,12.870198070310458
29638,17.457670038163336
29639,17.8955015124345
29640,16.93486957968315
29641,13.400256564753292
29642,14.84809826949107
29643,13.872802831488801
29644,20.093217505676332
29645,13.772578045422419
29646,16.673725859891313
29647,15.624456174954194
29648,13.360283328100584
29649,10.531067910714516
29650,14.300159529532808
29651,20.385702575600888
29652,17.21306608899185
29653,17.696282509647194
29654,12.337814095805207
29655,11.893363679050184
29656,11.914805860488393
29657,18.082143313009432
29658,12.899463177763
29659,10.432671889527686
29660,15.652171175095734
29661,13.969565585263052
29662,18.860449513245573
29663,19.117709505583523
29664,10.973662500838154
29665,9.182662653490986
29666,7.477544700134546
29667,19.53031681699367
29668,14.277638622768317
29669,17.230266414851794
29670,21.915685729563652
29671,13.146685817442675
29672,17.020527850030636
29673,12.919801412890509
29674,8.176980669515206
29675,17.567912283891516
29676,11.87340016037524
29677,11.502669884898875
29678,16.491657696981015
29679,18.613647110611062
29680,14.604406209334844
29681,20.915802098745335
29682,16.204902623426705
29683,15.016919628611124
29684,14.204762454767367
29685,18.73433359354417
29686,14.429290116907092
29687,14.103867631197389
29688,20.178668454668824
29689,10.45269093528198
29690,16.963538294392695
29691,16.22857010185151
29692,15.426770306069722
29693,13.888393692079468
29694,12.59646309795562
29695,13.670749889001671
29696,17.67103664787195
29697,16.865749223942842
29698,12.281960343379161
29699,16.233667646740383
29700,15.210775047827044
29701,11.573457256164136
29702,19.83964345725801
29703,13.06150328719386
29704,17.62031341817862
29705,19.128616949262746
29706,16.560376456414087
29707,9.89032471528524
29708,20.20118965793231
29709,14.432379610800284
29710,17.762259621732827
29711,12.119356698299882
29712,17.23948168744092
29713,10.543081754298047
29714,10.466606859433607
29715,13.48781977838635
29716,20.728351655823396
29717,18.843003352434586
29718,15.987337520689609
29719,13.159645263541307
29720,16.527746986106937
29721,14.4109850731502
29722,20.272636244846495
29723,7.490845019413234
29724,22.651266115394854
29725,15.956725325621589
29726,14.76842824912008
29727,14.02055509294637
29728,11.202680500220325
29729,19.325104378287158
29730,16.591154448060095
29731,17.488945036541246
29732,16.545284248940664
29733,8.314681786710382
29734,14.8155813398381
29735,17.688337537462797
29736,15.874227202799055
29737,19.36015111010079
29738,15.574518895049401
29739,13.44957330197656
29740,19.07838671646256
29741,10.390784912675217
29742,22.595638221613783
29743,20.662926296508623
29744,11.614116393302702
29745,10.679825212666564
29746,17.758637793696924
29747,14.84242823364272
29748,16.702361187237123
29749,16.132911807376544
29750,23.210853532189294
29751,12.994481629212304
29752,16.274748535582244
29753,17.2576158131001
29754,16.154309668085837
29755,15.849884860327798
29756,13.403051769545943
29757,21.81350848244744
29758,18.529294578217264
29759,10.836853507556231
29760,15.380309043669476
29761,15.404082743897344
29762,16.69901927594327
29763,15.393097062536631
29764,18.517713900876192
29765,13.184798800225341
29766,9.346751496479127
29767,14.105585323550445
29768,15.361934560518165
29769,19.567347132745276
29770,19.310375420666787
29771,15.707263215495084
29772,9.879722722555304
29773,10.177283227764153
29774,12.013511251500402
29775,15.154265036417463
29776,13.447974988984774
29777,17.40428467437819
29778,11.10861421785675
29779,17.148911091586335
29780,17.218356033253
29781,17.328391628426445
29782,13.523136157545276
29783,14.621031334013795
29784,14.301916862312147
29785,16.51999134828303
29786,18.793609272320104
29787,17.218686962469807
29788,13.51412423795261
29789,14.67713541074007
29790,13.15073255928931
29791,17.655725448224047
29792,10.663028663877354
29793,16.392784216822196
29794,15.565002916311558
29795,18.616820248632084
29796,14.627090766681215
29797,17.17067222428092
29798,17.281230624478344
29799,17.129805806396575
29800,11.99491303925852
29801,9.611034236423716
29802,9.686992387336742
29803,12.167293717869956
29804,15.131566593503695
29805,16.753386971992853
29806,17.163228386825644
29807,9.645859872606293
29808,17.170969161323427
29809,19.331484239974543
29810,15.665396615203052
29811,14.2612359195585
29812,16.430610823931822
29813,10.572107407367794
29814,17.297501397541918
29815,16.203185065023114
29816,13.31326751619856
29817,19.42757387844669
29818,14.801274889351959
29819,16.606420429420986
29820,15.366878087157993
29821,14.003059805624016
29822,14.08387665213251
29823,12.943457721355712
29824,14.328343194160485
29825,15.662485236084219
29826,18.202852005420073
29827,16.88697045720106
29828,15.501426676652207
29829,18.540189411133497
29830,19.190278215478028
29831,10.624174185431736
29832,14.19319934031548
29833,8.472609311292697
29834,15.295128342031077
29835,7.909006137487639
29836,18.353046670653463
29837,7.8784524150230375
29838,9.053772547977193
29839,15.992823995699293
29840,19.01847210541132
29841,15.210911050680702
29842,18.54468500356069
29843,12.273316489841402
29844,16.048374421929115
29845,16.070166633771134
29846,19.54373781835051
29847,12.01405045841758
29848,16.5378701586666
29849,16.376609673921145
29850,17.709289949886443
29851,17.42419688819887
29852,21.586286859186053
29853,16.261891466978277
29854,9.095517197819309
29855,12.255838291243496
29856,14.25495463091352
29857,10.158432264255357
29858,14.904421852324857
29859,15.813825556615642
29860,16.127781599383574
29861,10.823520334124868
29862,9.697024967498262
29863,17.373871352184874
29864,11.859249764119422
29865,16.652354059306564
29866,9.748244254862472
29867,17.02499031274245
29868,9.95865070757446
29869,12.938002371372228
29870,16.55486043531942
29871,11.867164728316027
29872,15.638441604641972
29873,15.509051506978551
29874,19.690929754160955
29875,11.40279216226837
29876,17.700801573611564
29877,14.99321879482825
29878,17.39791241364082
29879,17.43845260612207
29880,17.878848057310385
29881,15.006703817278755
29882,12.246818650488201
29883,14.184339410901133
29884,11.675650928146219
29885,12.794057830986029
29886,16.414171748547748
29887,16.95469389387263
29888,14.05773953932438
29889,12.618529592263325
29890,17.4933558882447
29891,19.075270929593962
29892,12.189231160969737
29893,13.736626816014237
29894,17.666801554974832
29895,17.59001142888961
29896,15.88924989457748
29897,15.170138362890523
29898,19.17439682802783
29899,11.380462148007725
29900,15.755844871855793
29901,12.360116648205926
29902,17.796242518770164
29903,12.426469523621858
29904,10.155284714808095
29905,18.773036786331897
29906,12.626730907696308
29907,9.838640549341022
29908,13.86731617017027
29909,12.273583468319261
29910,16.022085504171713
29911,11.367950849262463
29912,14.673574755329872
29913,10.095022932865927
29914,14.844548056246724
29915,16.53357065967973
29916,12.962520000762598
29917,11.98482135184252
29918,19.065547898939286
29919,18.71458347845991
29920,14.23432222641354
29921,21.86206051905549
29922,20.23283569513755
29923,17.45806743733867
29924,13.124513783287362
29925,11.97014205957819
29926,17.215186945985263
29927,14.400543549294825
29928,11.97060598227435
29929,19.619243155369382
29930,12.201275063781772
29931,18.466467373214606
29932,12.014246848103456
29933,17.86444529214019
29934,16.117268738760334
29935,17.785372008025046
29936,14.642791022617558
29937,14.525935685815831
29938,14.926517957798032
29939,20.515619880954475
29940,21.072062201388327
29941,17.836063892313984
29942,13.560659967635996
29943,16.76569238915865
29944,14.273391886843216
29945,19.98999815314493
29946,18.08698035944803
29947,11.725071921928226
29948,16.792659857944265
29949,16.107038792894375
29950,10.093692550790982
29951,18.73015302866225
29952,14.640873894307788
29953,16.228781556651114
29954,20.831347774411974
29955,11.974192022674494
29956,16.53678741474128
29957,17.137401532561086
29958,16.541795926512936
29959,12.267991087619373
29960,16.699521826594506
29961,15.151272720772626
29962,17.9006092220496
29963,16.05058996241138
29964,11.047923968210128
29965,9.947721947630585
29966,10.58033651688469
29967,12.800893366675897
29968,14.894243392880169
29969,13.320485494921842
29970,12.168989113617947
29971,11.180585960689795
29972,13.09886468632605
29973,12.395921177698403
29974,17.996791261859414
29975,15.24923573461543
29976,17.62132072325833
29977,14.690930804517812
29978,12.795993068053818
29979,17.145544895951762
29980,17.052092994939755
29981,16.339576024420225
29982,19.59319481406134
29983,16.271603957713005
29984,11.731013714838157
29985,14.515077958761918
29986,12.180945534267794
29987,16.067645623640317
29988,11.058176446834711
29989,14.768922185775033
29990,15.273737293643677
29991,14.29209110893905
29992,12.866282586122038
29993,12.792269234901172
29994,13.391073743124503
29995,17.41766057273105
29996,17.04564543219807
29997,18.029982081332726
29998,14.784920188590366
29999,15.394332417661305
30000,10.183748882127441
30001,10.29651817486898
30002,18.14844005867641
30003,13.453154866717423
30004,22.692503183019266
30005,15.774802012308275
30006,15.58591731313559
30007,13.274190014396908
30008,5.8302176101895
30009,10.172240463980346
30010,14.773609145033952
30011,13.893575963107638
30012,19.394556900765835
30013,17.054735600324562
30014,20.922958916003005
30015,15.742328281069286
30016,13.815574276930814
30017,16.24647022327881
30018,11.941921422610438
30019,21.348987457682
30020,11.894688190406434
30021,18.09960140349996
30022,14.415516186430715
30023,22.545886368228363
30024,10.368031110122459
30025,14.021057954714172
30026,8.783666235021164
30027,17.89350755139635
30028,12.748310173537227
30029,18.128585424109236
30030,15.291576530325681
30031,15.196910446508195
30032,16.17309528730998
30033,13.230398835867083
30034,20.935556702456843
30035,19.9346184265584
30036,16.626432039007362
30037,12.09829287849671
30038,10.580985148942448
30039,13.675217249503795
30040,13.65400623084053
30041,14.125051784675186
30042,15.004536359294352
30043,16.102082931008567
30044,18.547604240607672
30045,19.76421224510547
30046,15.951904039546264
30047,11.635227259846065
30048,13.93125089934307
30049,10.161095962304303
30050,19.140757038941302
30051,12.12120200900969
30052,16.681986986085324
30053,15.845478861477371
30054,14.116358197951515
30055,20.653770529301195
30056,17.296852292055135
30057,14.135270180355803
30058,13.652136100559165
30059,13.816606603749266
30060,11.5260829696936
30061,9.61468822444691
30062,14.032708538123428
30063,18.972374426480833
30064,18.13887523233258
30065,20.518240330229112
30066,13.962644686942383
30067,16.265800518343895
30068,11.607254330855078
30069,19.256411180247703
30070,14.90449631516771
30071,16.40877704170164
30072,20.24812577321427
30073,13.997321786095835
30074,16.210180917841637
30075,12.913943248193489
30076,14.068455738787787
30077,17.258572881733752
30078,13.01879694777731
30079,11.725977530180725
30080,15.998018317635687
30081,10.897059725262755
30082,11.60092979855433
30083,17.03270365379165
30084,16.29473403792633
30085,8.601260024831639
30086,10.14591214832453
30087,10.959783148644059
30088,13.805257194380538
30089,13.982522700792886
30090,15.242550756085123
30091,17.125946647111284
30092,16.55242004060252
30093,14.330976932766262
30094,15.369363658605419
30095,12.202112606264802
30096,18.70960987077376
30097,16.297257297683803
30098,14.056202555302502
30099,16.371933033663428
30100,13.457910223655954
30101,16.27117737354293
30102,16.293205947492826
30103,17.842612129342115
30104,17.603781359011172
30105,17.819520397728184
30106,17.12022701832252
30107,11.527473685669632
30108,20.382453304426676
30109,13.190230085860776
30110,16.775518079805096
30111,17.74824698057902
30112,18.331761053504906
30113,8.840940275538891
30114,13.693494495375436
30115,15.8696605279363
30116,18.291327266166636
30117,17.555309018323307
30118,14.516402879801216
30119,15.704605619386628
30120,18.34790258870692
30121,16.50605129088972
30122,16.1338808343791
30123,10.659080006301002
30124,14.385023541861889
30125,13.578875849448712
30126,12.042603843408997
30127,11.739124525874736
30128,11.42150506054606
30129,14.895375298024277
30130,11.556950716629494
30131,15.132531892595605
30132,14.476389656637485
30133,14.32780861673356
30134,20.6075436779697
30135,21.687679621629684
30136,17.49263127115163
30137,18.39060015758987
30138,22.314767524875737
30139,18.55672531193349
30140,20.377839133227287
30141,16.94463704881361
30142,18.6361694807111
30143,16.351240646026966
30144,13.339982796245675
30145,17.577967138743865
30146,13.827011519097795
30147,11.606271276196491
30148,15.06179692599059
30149,13.890951653795208
30150,10.85816017060779
30151,11.937644934662044
30152,14.810532867923719
30153,21.56882201687287
30154,21.01906331387704
30155,14.610833673244983
30156,21.221653151258845
30157,16.606775221842067
30158,12.083856632632477
30159,13.300816886427517
30160,10.075519800174924
30161,13.052361901373832
30162,15.577743859960833
30163,21.83463452386867
30164,19.04828121440418
30165,10.98729131537501
30166,13.102315507516469
30167,18.770476747054108
30168,12.551305395858263
30169,19.105038355087718
30170,15.327841961405067
30171,12.4403434519492
30172,18.059854427880378
30173,15.406032853582632
30174,12.08637177054954
30175,11.782643037881927
30176,20.754597660907553
30177,18.47728766144259
30178,14.624093115025884
30179,12.624307185112627
30180,9.480885442498458
30181,15.110896907326495
30182,13.213086433203728
30183,18.181190849799634
30184,17.974617268417347
30185,18.171713900709136
30186,16.457574684049437
30187,14.747451037060586
30188,13.931842728281532
30189,15.907437472418698
30190,15.687551082810439
30191,18.382759420382566
30192,10.400735000855446
30193,16.88734361694174
30194,13.756866057920167
30195,16.896720646710595
30196,14.494079069859588
30197,16.56183751517786
30198,9.442990466142856
30199,12.07688237380934
30200,13.29096251258102
30201,18.49294004126129
30202,19.502375429204694
30203,14.83968065552201
30204,12.441010636769033
30205,15.237706867009495
30206,15.49935761260064
30207,15.05167490746347
30208,13.773627175785647
30209,18.764705138992028
30210,15.71826464812516
30211,12.035624765840094
30212,15.882020429305069
30213,8.073986107342158
30214,15.778820981617747
30215,14.762267970981446
30216,12.124135766503468
30217,17.877463449945623
30218,18.66555686719848
30219,11.099669353829832
30220,11.063966589193495
30221,19.24489722756637
30222,15.88742294124017
30223,10.411353921964396
30224,19.0510859932729
30225,11.691705761004325
30226,13.494649144566266
30227,13.577576821031784
30228,19.642761720209425
30229,14.587491616121898
30230,13.527990535183784
30231,12.765953302685752
30232,17.128819686881833
30233,16.67078062904741
30234,16.86868140882975
30235,16.894700509441236
30236,16.548799977495023
30237,17.207281981325586
30238,17.004212928263765
30239,15.717292214150543
30240,21.51983925203119
30241,19.813321120739452
30242,17.505640293993878
30243,15.195495984342994
30244,19.594572329408514
30245,13.655008749223255
30246,13.753046143248165
30247,18.616356861946674
30248,13.461057204919149
30249,13.793124312375722
30250,9.927802537041913
30251,16.972942744565998
30252,14.622314414141385
30253,15.447341674183365
30254,17.041815559408285
30255,14.544995767896836
30256,11.641236911451887
30257,14.936680709124637
30258,17.584835869447854
30259,14.96557286321492
30260,14.719072806334022
30261,20.440104675126165
30262,13.786432048473324
30263,13.333858396969285
30264,12.230558638536852
30265,20.13521574202719
30266,11.95454703198057
30267,15.773138212803204
30268,18.40149122052534
30269,19.773210456018635
30270,10.603681789203193
30271,12.925562862686816
30272,19.140579427616576
30273,15.2577815868701
30274,15.920753446918852
30275,12.189981099403248
30276,16.817060288552124
30277,20.874567474310197
30278,21.02325056317251
30279,11.87438497868774
30280,17.55595906157677
30281,14.14827897581024
30282,8.967516324425876
30283,19.252960279275054
30284,10.921368240709697
30285,18.73932141123945
30286,12.352297486922563
30287,14.821987423672294
30288,16.949332958861746
30289,14.736531498430825
30290,14.044170807405354
30291,10.801272919583388
30292,20.190644970756182
30293,18.294838911956624
30294,17.81622573569844
30295,18.668643626341723
30296,13.48923172953728
30297,18.067204294908144
30298,21.243816494335604
30299,15.174254030965908
30300,11.688966570514282
30301,18.455712815296064
30302,17.457444262800564
30303,7.919973413815247
30304,13.261631295814247
30305,14.18760674579543
30306,17.111967813231175
30307,13.679219089521569
30308,8.567717203150679
30309,14.901329579146317
30310,9.571052561427859
30311,19.7246156323049
30312,11.21181969878348
30313,18.14232673064621
30314,18.055976888153577
30315,17.295230455835615
30316,18.77330628935134
30317,15.556008915448036
30318,19.3865357327092
30319,17.906038060147605
30320,15.7071177795909
30321,18.212063172959258
30322,16.46363262649654
30323,12.15341292132771
30324,14.570662821172101
30325,17.13082486066749
30326,20.204774156837548
30327,14.246614381075482
30328,14.95093156655482
30329,14.972420588585301
30330,14.717141070048642
30331,14.070322816734645
30332,10.900462079385761
30333,6.522072611408001
30334,10.835081574473355
30335,14.53171203115592
30336,18.11992800975124
30337,17.37220439958866
30338,16.699156229010914
30339,18.65845079161353
30340,18.52344522884364
30341,14.637194433679426
30342,17.017922792059757
30343,15.335547432043779
30344,14.007134245096125
30345,13.747095145338973
30346,19.94757138941246
30347,12.864589197868256
30348,17.08089344745204
30349,14.259037463492524
30350,21.418272203068856
30351,14.927569031337605
30352,9.886344550487594
30353,18.203606463647052
30354,10.274962769626569
30355,13.73108663147632
30356,12.698839214437994
30357,14.883975374506395
30358,21.53020876937226
30359,17.440596148114505
30360,19.593232695771242
30361,12.344760252962391
30362,17.04470330104876
30363,15.435055438815674
30364,11.615303391532835
30365,13.528599491514981
30366,15.323187405393403
30367,11.194010290823034
30368,21.47881747829274
30369,15.16627333119412
30370,14.298580442592739
30371,11.479313459809473
30372,11.609876154686138
30373,14.647699193596607
30374,14.925700885112642
30375,14.060277347775436
30376,16.620637205985396
30377,17.23172369389268
30378,12.536500326497517
30379,16.64680011433985
30380,19.43003698704028
30381,16.134764678942652
30382,12.908617182346514
30383,15.352089804561512
30384,18.999952177849735
30385,15.803097756222009
30386,12.43832564467397
30387,14.086883719937603
30388,14.615319450455075
30389,11.062961957223129
30390,15.985939334324517
30391,16.912529087895948
30392,16.2919356511251
30393,13.916489448379686
30394,14.173597528759005
30395,20.153207843394988
30396,9.806034213762477
30397,10.579700544120705
30398,15.135427542098077
30399,13.105583721308392
30400,14.662340498932956
30401,20.29967310147662
30402,13.26765110292343
30403,8.889551033086347
30404,11.643577575547909
30405,17.899284306576725
30406,9.733659891858267
30407,18.024216540532816
30408,16.517458247914142
30409,11.822918988296927
30410,12.988434603787692
30411,15.59368914507093
30412,17.677360497291353
30413,16.322371190086642
30414,17.086404064176342
30415,22.892725170233476
30416,12.380784273997746
30417,15.004948078690823
30418,15.824167977006018
30419,15.8717384986856
30420,18.38864772081297
30421,17.626033778020727
30422,15.993562958921041
30423,16.414942175769056
30424,16.581052318013057
30425,17.636607638779537
30426,17.865014609388695
30427,16.335429363489514
30428,16.292198787886367
30429,14.773260123682473
30430,11.906117335305227
30431,12.266877585141714
30432,16.11562035550916
30433,14.07488408873285
30434,13.40331809540102
30435,18.178372995324004
30436,14.318666031478305
30437,15.74826629661052
30438,20.550417360241546
30439,18.480261607477466
30440,9.988106325044633
30441,17.965726254324142
30442,11.81374411245271
30443,10.138915832915345
30444,15.140883295576755
30445,13.01722489605947
30446,13.616779883793946
30447,16.158649884999402
30448,16.871455604664874
30449,14.896981220262173
30450,12.939928082795545
30451,19.444654813949064
30452,15.523732384401427
30453,17.296119728213256
30454,16.74525760418562
30455,14.758687636572414
30456,17.584900176037408
30457,14.520998585673187
30458,11.618464385192485
30459,15.30770506895288
30460,14.707700886986874
30461,16.151850553800323
30462,17.850023449915085
30463,11.201142182333498
30464,19.03058178699542
30465,22.531981995076244
30466,19.33352375975383
30467,14.393119887566943
30468,14.356493565611203
30469,17.368721201713406
30470,16.860855677588596
30471,16.973474920536983
30472,15.458889952394697
30473,12.840165346795018
30474,17.1253039126952
30475,15.225770123585432
30476,15.525335219727756
30477,13.51382040457724
30478,16.49920307668645
30479,13.001977487260096
30480,17.657492221046382
30481,19.310719968339722
30482,13.067769534479236
30483,18.43419711462691
30484,21.863597572567134
30485,13.900394405458155
30486,13.475186958474048
30487,12.443979084145816
30488,16.457926609839763
30489,12.397354143374798
30490,14.470999176195937
30491,14.990892221247284
30492,13.119081433944174
30493,15.239419786310021
30494,15.430691030693822
30495,20.40038856554194
30496,14.849373956057562
30497,17.613114526280032
30498,11.754256936936873
30499,19.016163722136653
30500,13.771714871078125
30501,21.461214135849414
30502,18.81983203353157
30503,15.521335380559403
30504,15.820124213209517
30505,11.110775763491525
30506,17.514313083257314
30507,19.11412421480267
30508,14.102441190171465
30509,8.357875287307806
30510,6.904440076014021
30511,10.821703956922805
30512,11.081972923912623
30513,13.481904300413417
30514,19.84066507225505
30515,16.731323381302715
30516,13.759129023229555
30517,12.92598268926705
30518,16.26816026082994
30519,17.615141204113478
30520,12.134903788940033
30521,15.472064793980874
30522,13.198575137183589
30523,14.709515643778476
30524,16.837675998196456
30525,17.923135524263387
30526,13.069076142846239
30527,16.903749586206047
30528,13.558918092764438
30529,16.420978624213795
30530,15.221701272452966
30531,10.852141686921673
30532,12.748514304912323
30533,14.728523127332
30534,12.247960236333736
30535,18.853715361551785
30536,13.087016357483641
30537,12.931114956068642
30538,14.62837703646339
30539,14.925935203147066
30540,16.175081859323335
30541,10.420680535478791
30542,10.596333509117798
30543,14.077934954996973
30544,15.50929536247594
30545,12.046590164873644
30546,9.710076441685292
30547,18.082308902082502
30548,18.44575956610481
30549,18.38321051279156
30550,22.19366842959208
30551,16.45845477944462
30552,15.854466523529915
30553,15.418434691254316
30554,14.862402573516057
30555,19.34322036849131
30556,16.73483180128636
30557,18.723833976279046
30558,14.484985726098923
30559,10.552509141391809
30560,20.80573018699924
30561,20.438568558942354
30562,15.889507931214384
30563,15.358416322149276
30564,12.027654622704489
30565,9.723736034585707
30566,14.704572353349926
30567,9.901523087597088
30568,16.57633880002571
30569,17.574442244320988
30570,12.085115962549354
30571,10.782743283660864
30572,18.22112192674785
30573,18.730384164978357
30574,13.603761224293338
30575,16.72457110033881
30576,21.591747460992842
30577,14.186445576605383
30578,12.632749199460612
30579,10.811964811757164
30580,18.916252538450948
30581,13.137512134556516
30582,13.742478213382592
30583,11.867321550169432
30584,14.63412094444163
30585,25.829787513235416
30586,22.349674375685005
30587,14.886451462376227
30588,19.635197447110038
30589,14.71784017759401
30590,16.340204375413084
30591,14.430984511715666
30592,14.61417744707265
30593,17.33031105437758
30594,12.15336591735526
30595,16.56078468929758
30596,12.389806529156147
30597,18.970497925309722
30598,14.561123315208848
30599,8.445845847387812
30600,17.615801525759863
30601,15.25226385387785
30602,17.68764195125418
30603,13.10740074068627
30604,17.537316902959894
30605,11.446239231989926
30606,14.101903445277545
30607,13.081722854489838
30608,23.90676492573158
30609,12.2081809687399
30610,10.870520354503979
30611,11.487161000583406
30612,14.312720985006948
30613,17.096370017819307
30614,13.451733975393942
30615,19.27765369070556
30616,12.971392416086616
30617,11.402321111070517
30618,19.72582688781742
30619,11.56731585648324
30620,16.08974721727237
30621,13.820940397454327
30622,12.54023100270226
30623,11.232321717989738
30624,16.057584524088956
30625,16.090465899703133
30626,14.398670692959342
30627,18.618974709875804
30628,15.078042178252012
30629,13.193279597161649
30630,17.88027718350081
30631,12.3351768032615
30632,22.010637896346857
30633,9.363312665790742
30634,10.712364239876365
30635,17.805963725531594
30636,18.191721629686704
30637,16.618181871016905
30638,8.859300321383762
30639,16.813661528047913
30640,15.072024869695241
30641,16.105303626440165
30642,12.20551081485214
30643,11.260696152373452
30644,15.533586769594148
30645,18.97351028390341
30646,14.210354919612547
30647,11.762169020247898
30648,12.257336670686644
30649,13.69123807071373
30650,17.264987684864817
30651,19.260922322310527
30652,13.104849088598026
30653,17.1310762736263
30654,17.224383741609557
30655,14.279885730335344
30656,16.63493424107347
30657,19.055577376198947
30658,14.192818958644231
30659,15.692028683951783
30660,16.67465762176499
30661,13.485909497110363
30662,17.585303013245237
30663,19.039438806189033
30664,16.717819659824954
30665,13.761763234196959
30666,13.507356273906018
30667,12.700220206253912
30668,18.136013383922727
30669,15.272245564230468
30670,16.437953692557265
30671,14.745110909333567
30672,9.6008783911448
30673,13.342116687349487
30674,18.650253562306716
30675,17.72717451618697
30676,19.6364098004077
30677,13.01192534423863
30678,14.948292092573432
30679,16.973151539553218
30680,17.635883295403307
30681,20.948539357407604
30682,15.929827603990269
30683,14.463956218615364
30684,13.49788773288659
30685,17.879048605486894
30686,13.799575326118452
30687,11.515103409847583
30688,17.383281413684482
30689,13.311632337082559
30690,15.532967134247766
30691,13.404182375352478
30692,13.391613088362224
30693,15.230993607370795
30694,22.76782819625128
30695,13.589097250662125
30696,14.610978385426531
30697,20.918545939758147
30698,16.93248657227673
30699,16.128642994126956
30700,17.43116201291033
30701,13.163560661906839
30702,14.262264921194435
30703,15.331349528941283
30704,15.78465222505893
30705,9.6203157484506
30706,18.3487659498458
30707,19.438790488699375
30708,18.38458573720452
30709,14.73554092997906
30710,15.27080504116059
30711,15.150326506552926
30712,17.53381780853339
30713,15.646722728320764
30714,12.347412499376937
30715,12.568492378257512
30716,19.563598979533545
30717,19.113579446301657
30718,15.7052613976165
30719,18.976310799302862
30720,17.43726305776541
30721,11.474635747421049
30722,13.037624694628327
30723,15.841160316053926
30724,19.36952372113465
30725,19.32001291790986
30726,15.794113214659733
30727,15.306169890121657
30728,10.735406179194442
30729,15.247255277960996
30730,14.987724307559903
30731,16.17175147712066
30732,11.7259305932796
30733,17.43871128493371
30734,16.999667523067647
30735,17.204906741424978
30736,14.947187258350485
30737,17.059908522528133
30738,12.699360890842335
30739,16.262441320428128
30740,15.69299117523446
30741,14.963161988009963
30742,14.73699255343532
30743,18.107073045316124
30744,16.002697965576726
30745,18.283897739909957
30746,12.527419928282155
30747,14.432851190521415
30748,13.633219702587278
30749,22.12969820177014
30750,18.973436910961173
30751,15.160677909750843
30752,15.807076361568837
30753,9.741483954806103
30754,19.270567009442495
30755,15.487199601793998
30756,16.406459999370306
30757,17.270669584128914
30758,17.90145246306358
30759,18.669164996601147
30760,15.176226642809617
30761,14.059759731527905
30762,15.84357169373062
30763,15.31047593683133
30764,18.58791424211551
30765,12.297350837819138
30766,20.42029493901692
30767,19.069807971315488
30768,17.327922285186222
30769,18.77610776156288
30770,9.269292887436105
30771,13.630897206804356
30772,11.544163522985393
30773,14.238436082112232
30774,11.545911696000356
30775,6.22034652409809
30776,16.294771672643428
30777,18.648762493420023
30778,10.523593192582977
30779,11.512772824787993
30780,16.264959489459113
30781,16.92188118407733
30782,14.377141081798284
30783,15.406058331576332
30784,14.157593382997034
30785,14.808011671451586
30786,19.139164471952117
30787,13.591878540571152
30788,11.346776978600243
30789,15.823515453295153
30790,14.356558226754215
30791,13.314335015250311
30792,15.592471565612229
30793,13.388545682719727
30794,12.00694939702851
30795,9.721691093666259
30796,19.438752727696016
30797,19.775545442622224
30798,13.438139038454862
30799,15.72724497664844
30800,17.488820254698815
30801,14.216150415254567
30802,13.66108057011546
30803,18.781103961934217
30804,17.090664396608183
30805,13.9395650121813
30806,16.151944485741545
30807,9.78959417622268
30808,20.9112256870093
30809,18.270742646557053
30810,15.828189949151893
30811,15.41238977713061
30812,11.325540768085338
30813,18.960701587269494
30814,20.192378406495205
30815,16.838239968341483
30816,12.038894849884837
30817,15.625763125755267
30818,20.145106882665583
30819,13.100363436786818
30820,16.759466177824716
30821,18.77079452789462
30822,20.40888635696151
30823,11.91547829152896
30824,18.246074650699768
30825,14.982651365199125
30826,8.336851246773369
30827,13.055731701006028
30828,19.61215533846753
30829,18.70005874978793
30830,13.125389793129978
30831,14.28843685461156
30832,15.598987982466094
30833,12.527238602534796
30834,18.62328441562679
30835,16.99190186640854
30836,19.385170354739785
30837,15.77718015273339
30838,19.305425104521913
30839,12.977037394701602
30840,16.990410603617335
30841,14.07987700661194
30842,13.942393016793421
30843,17.22590463494004
30844,17.21406891849083
30845,13.209086796633844
30846,11.933498035907768
30847,19.577331940167042
30848,14.17310692072488
30849,15.404332542587355
30850,13.401424822395748
30851,16.72549445891647
30852,15.612515529210052
30853,10.529577876197084
30854,21.333362905500117
30855,12.70700603565475
30856,16.006334425007616
30857,12.34485903851096
30858,16.62583970912197
30859,22.34187657543608
30860,15.899871824575195
30861,16.66722147799399
30862,17.80461536008217
30863,12.238927531299915
30864,16.380144319883104
30865,18.331782855788532
30866,17.00877879163128
30867,14.789188408557099
30868,12.931572218690707
30869,16.629829981040167
30870,16.845301130936726
30871,14.355508597245123
30872,15.827693918955612
30873,18.82894021081828
30874,9.591858272274958
30875,11.459391428694474
30876,17.207158534776266
30877,15.624601936311858
30878,18.60976447971227
30879,9.920969743026617
30880,11.315880651620722
30881,16.54268315983113
30882,11.663848648409473
30883,9.03827945403571
30884,14.899800287778335
30885,16.075436292375983
30886,11.111919844916883
30887,14.555110809309932
30888,16.495100846587547
30889,14.478383566232566
30890,15.20553790379087
30891,17.701669435096033
30892,14.932383777934561
30893,19.27634815884802
30894,15.704657731433436
30895,13.953732748490097
30896,9.568122985452842
30897,15.596645402577826
30898,16.011530037903206
30899,13.613892867714622
30900,11.65338214669012
30901,16.096671244336164
30902,15.332683416068935
30903,22.785667007126854
30904,12.645053642088602
30905,17.5368169421036
30906,18.825989175312667
30907,19.59370852232456
30908,21.23098324282074
30909,14.52610010843042
30910,12.443125957247961
30911,16.882927438775788
30912,14.020159568694961
30913,10.901198297075883
30914,11.946917136603645
30915,13.389275931636032
30916,16.10234769057555
30917,8.90398563843068
30918,12.182856339817192
30919,16.077066384706637
30920,14.537693088458628
30921,14.515849553315359
30922,18.843109398641527
30923,15.467321171573428
30924,16.11694871955518
30925,12.811161489328226
30926,19.07774697543953
30927,13.440515283056273
30928,15.558892348533304
30929,13.984469790662308
30930,16.168820398493576
30931,15.765147678329598
30932,18.808722810810316
30933,16.27791123029581
30934,17.48537428889997
30935,13.082237361964111
30936,20.39306202813653
30937,8.888402168284554
30938,22.096695023589824
30939,12.292594890846138
30940,15.789526727442382
30941,13.682924462246815
30942,18.777635867355535
30943,15.414675230916357
30944,16.035675125590767
30945,14.455325856874255
30946,15.713599425340483
30947,20.162361621498967
30948,10.905252208011609
30949,15.19750381386581
30950,14.840290079167344
30951,15.221426436031122
30952,16.916058394292126
30953,13.81419903316035
30954,16.22932408557568
30955,19.57932988908608
30956,21.592078827302764
30957,17.840096481056946
30958,13.895449906361922
30959,17.06510510694538
30960,15.625788535554179
30961,13.685126058073703
30962,18.126039698842636
30963,16.736213516111757
30964,20.075001384189893
30965,18.930114430118515
30966,19.427314104570467
30967,15.87865747871025
30968,16.98593114909624
30969,22.151792600456766
30970,10.253745200003834
30971,14.00180024293281
30972,16.939493164695232
30973,13.039565531743893
30974,12.940852274625485
30975,18.594656537046625
30976,15.54061052606672
30977,18.84457918593347
30978,19.547595007638456
30979,13.209459777967535
30980,14.350755456853774
30981,10.906447127813859
30982,18.424723658461254
30983,14.916830351955905
30984,13.03793814626857
30985,14.289309261705142
30986,17.76668519551754
30987,18.17637657395819
30988,15.980439150369603
30989,11.916321582192204
30990,18.34272829357166
30991,15.183020681627308
30992,18.268789870677125
30993,10.942378055978967
30994,15.419887602564218
30995,12.486391810577377
30996,11.589611982337752
30997,15.738554691711625
30998,16.387627133347525
30999,16.695611456647164
31000,9.946767640019072
31001,14.973195435466911
31002,14.773619213489352
31003,21.481426416640925
31004,15.52108179252571
31005,14.454838121614923
31006,16.787560458858376
31007,14.235596260739813
31008,16.227488366619497
31009,15.40158312892249
31010,17.956589844332605
31011,9.560207220126031
31012,19.111986453935938
31013,11.204628160816618
31014,13.807973495543338
31015,17.464021999680334
31016,20.433566709377885
31017,16.5392552957284
31018,18.145813300552152
31019,20.940041177047398
31020,11.16138662514668
31021,15.612862758002887
31022,15.320056835875912
31023,20.555535041541596
31024,19.817855070480242
31025,18.521496865122053
31026,14.07274861505724
31027,19.427994252727153
31028,17.17713960747538
31029,10.52138968799374
31030,17.269786629180985
31031,14.177907101262647
31032,12.856461464522464
31033,16.21779229043187
31034,21.71622347324852
31035,14.363068605734362
31036,7.441434665043679
31037,18.39719703178152
31038,19.92791363620387
31039,13.10393419743235
31040,16.111149852978887
31041,16.938002363442447
31042,13.791390720797487
31043,16.18488304555236
31044,7.2371228454736745
31045,13.8650772876493
31046,13.102493686875253
31047,7.866367622171811
31048,18.587416608099762
31049,12.762340447987178
31050,16.2489796586586
31051,11.137833055146288
31052,14.510608595823074
31053,11.010858562252384
31054,13.338621581121302
31055,20.180884459319316
31056,10.850682584089455
31057,14.890496654612036
31058,13.873479116518059
31059,13.204704947489413
31060,17.73692506582838
31061,13.062321692480213
31062,20.027235141703386
31063,13.83978836321928
31064,12.617089003371577
31065,21.903310526640375
31066,23.871503483972138
31067,17.77287981815534
31068,16.151421418771292
31069,18.324537799172216
31070,14.569478035659062
31071,18.236730559504235
31072,14.96516017675489
31073,18.004749178713293
31074,12.765200124195385
31075,16.83943505356637
31076,11.43041227245575
31077,9.425873055027408
31078,16.723075295415295
31079,14.393558312827563
31080,14.025965056924374
31081,15.571853986690599
31082,14.585367585515318
31083,16.801247160219454
31084,16.702630957720555
31085,17.033713711252403
31086,17.28060448763099
31087,12.457129111372513
31088,12.636750179997724
31089,11.478815541736793
31090,16.27047702771026
31091,16.40171085970744
31092,13.711251262722836
31093,11.916203579905975
31094,17.04192105660722
31095,12.078568866592406
31096,8.433381147342804
31097,9.025418390453996
31098,11.786876156042226
31099,14.412994353434652
31100,17.3969594669535
31101,18.960454502868142
31102,20.277880323649743
31103,19.845994653170546
31104,13.58817878103076
31105,19.955442530613343
31106,13.793023340357468
31107,14.37345909072775
31108,18.09234529867375
31109,13.037008196709573
31110,16.52392517023629
31111,20.634590619392156
31112,16.166934900550025
31113,15.68475407026718
31114,12.856140354736672
31115,11.550893967442898
31116,7.966823679767295
31117,13.656026952807153
31118,16.385833903282546
31119,11.440932118069258
31120,17.39611067105931
31121,11.91171816872254
31122,19.092912798524406
31123,14.714698540764545
31124,12.323469784296696
31125,16.411802699793544
31126,11.111129548869512
31127,10.884890179499749
31128,14.3474017085216
31129,8.762380367520237
31130,10.374608748908196
31131,13.459160353236594
31132,14.554227985279322
31133,18.746818100580487
31134,14.850043360987971
31135,11.080178070516347
31136,13.899974048516613
31137,13.638045306843582
31138,12.321408284460402
31139,11.9017731594944
31140,14.655412095599639
31141,16.23811062526594
31142,18.55615367166872
31143,14.507045898288574
31144,20.290963762136002
31145,19.870756939749942
31146,15.060487507789308
31147,18.24594072778297
31148,16.845372723674384
31149,6.974180828143849
31150,15.266334827156603
31151,20.3411065120836
31152,16.77007987441697
31153,18.280021099854388
31154,8.355617089165866
31155,9.32911627024084
31156,17.418871183979075
31157,18.312630619152202
31158,14.520280793402337
31159,10.909071379684327
31160,16.71476862929773
31161,17.519840205136273
31162,16.0608032216026
31163,9.59224152285922
31164,15.483686418351931
31165,15.608091558753229
31166,14.263763746294599
31167,11.471148838031564
31168,16.131011422441247
31169,11.922272976287637
31170,15.133241780257421
31171,16.869652834782052
31172,21.440877733777594
31173,17.660757488426977
31174,16.79179017075686
31175,14.644028040781492
31176,15.563244751494128
31177,16.865315222981238
31178,20.523894100047787
31179,13.10647130711833
31180,13.404696615338883
31181,11.324439187747252
31182,19.370344839171786
31183,15.708762284553591
31184,15.270316295458038
31185,11.48489180770617
31186,14.456459428030294
31187,10.851320028412168
31188,14.44024491105633
31189,14.265702508527477
31190,5.5614521486631645
31191,18.621116810061427
31192,17.153405136102528
31193,20.103962540872686
31194,17.116695806363325
31195,13.456776587198343
31196,15.733364692924198
31197,21.778035921366726
31198,14.531743723204443
31199,20.229440990572392
31200,15.030703158130521
31201,13.482805707502882
31202,17.852887351266762
31203,13.802742985514676
31204,19.086284430019816
31205,15.14461534617513
31206,19.217100671082413
31207,14.759383597642133
31208,13.265465950407059
31209,13.386640782523585
31210,16.474736615506114
31211,17.38767189813188
31212,16.895875109397384
31213,18.319297508913486
31214,19.515269175378783
31215,14.970683465929847
31216,18.72865079608143
31217,15.096633894538067
31218,18.521503583412787
31219,10.358170600177932
31220,19.208330847619113
31221,10.08368003121807
31222,17.093460293701934
31223,14.101602666492646
31224,18.031658708394477
31225,20.39089975779156
31226,18.590198965885435
31227,15.3852038802899
31228,16.222329720391127
31229,16.145484541485942
31230,18.52713041472766
31231,17.22207926543571
31232,8.415078918183006
31233,20.634554475657364
31234,14.367168116881746
31235,15.032384551655536
31236,20.32542155051454
31237,16.363858552069836
31238,12.610782530335253
31239,18.86701607926407
31240,16.604344074338886
31241,15.075257578842004
31242,12.219796684387774
31243,11.692803716320975
31244,11.101988039099414
31245,13.101695601122223
31246,17.442615273764414
31247,16.076165864023558
31248,11.833150094719393
31249,11.750902954097882
31250,15.91180639327873
31251,17.91690787189955
31252,17.84309723450093
31253,13.32226354007085
31254,14.795629134443383
31255,12.549336333946577
31256,12.507445269539332
31257,19.235206039203067
31258,15.534021653822668
31259,17.495494544051127
31260,11.827745576701325
31261,11.643960956030863
31262,15.974963043966666
31263,16.02960246346417
31264,15.229905747933604
31265,15.427926092350372
31266,21.18677540954022
31267,13.603913740168544
31268,7.890505810110746
31269,17.1716138770114
31270,11.752999982414472
31271,14.389984258722402
31272,10.426841977808706
31273,17.084892307335117
31274,13.607511231572651
31275,19.032405369989185
31276,15.976584468301446
31277,15.300729409299608
31278,18.80830076995892
31279,20.874713435671055
31280,15.532049035444057
31281,13.789147977630652
31282,15.256060993649267
31283,12.279164517774419
31284,16.267222503201896
31285,14.24486135121117
31286,11.862135007609673
31287,10.394803884574577
31288,12.292352931767125
31289,11.516065004141243
31290,9.944796869486602
31291,13.452087604465767
31292,18.08994836402487
31293,17.089686371660946
31294,15.996579208110006
31295,16.84036361649443
31296,15.982116963795988
31297,17.42709181674652
31298,12.992260127968528
31299,10.890293800094334
31300,17.60192233625354
31301,21.016234598045475
31302,13.991351932561477
31303,10.835585277179664
31304,15.141696812091327
31305,13.344527779343332
31306,9.495098125988532
31307,14.746257276780039
31308,14.855301429888963
31309,13.667971283703844
31310,13.839154082270475
31311,12.19055639270113
31312,18.016843203015164
31313,15.297699670402906
31314,17.479980253881575
31315,12.567541918767155
31316,19.837730487229425
31317,8.343682257936464
31318,19.945831243289348
31319,15.645889232525974
31320,14.066768409689658
31321,12.367213892134496
31322,12.248311240677124
31323,18.28612988247535
31324,16.54422566085381
31325,16.06184273849587
31326,14.106171289192027
31327,14.277871101407785
31328,16.658780217046008
31329,12.517375910870921
31330,18.287259665931757
31331,19.263846394472164
31332,17.879264892474232
31333,20.942270948776873
31334,10.687012998185578
31335,15.468748235560362
31336,12.548534995705465
31337,16.596606810451124
31338,17.259309652772718
31339,18.26988147994479
31340,15.188720143610569
31341,20.609151186828495
31342,14.756089595546516
31343,14.217397028195776
31344,10.90039478384181
31345,13.184240122328266
31346,17.679528501303917
31347,12.0149225817608
31348,20.840125876662196
31349,15.530639405884735
31350,13.147958227028326
31351,16.900300884577014
31352,18.61902496204174
31353,11.95497390436799
31354,17.164983638441257
31355,17.12597979636174
31356,15.634876082464448
31357,11.504869332004363
31358,17.158372968751564
31359,13.109276728382937
31360,12.465560704648926
31361,17.82137418426921
31362,16.566713887416398
31363,19.041492169210482
31364,19.97463085235521
31365,16.608060857254113
31366,11.036940188135386
31367,16.20410190161447
31368,16.646864358677703
31369,10.481891990718069
31370,18.081272830123428
31371,17.73424994174971
31372,15.043891585068549
31373,21.28393825197566
31374,17.756112663218612
31375,17.42653810275859
31376,15.682373949469564
31377,14.593001242832978
31378,15.191020280925583
31379,14.252147686117727
31380,16.25144832436604
31381,14.191197572966326
31382,15.123039210205516
31383,10.088670910298742
31384,13.611873213462928
31385,17.123972137133087
31386,16.04141982258201
31387,22.43066111016879
31388,16.112819876742353
31389,17.42465064600293
31390,20.391053823312383
31391,12.226490903900238
31392,11.710118530984708
31393,13.055840087530772
31394,11.729216659440542
31395,19.000127263126714
31396,12.858993669478721
31397,16.1141867466711
31398,14.4775283569789
31399,18.708397387345006
31400,19.73502228622373
31401,16.416642939550165
31402,17.00786758536708
31403,12.159198002100815
31404,10.955118163144427
31405,14.037762254648403
31406,12.281753562946623
31407,14.861013304364882
31408,11.346085136497464
31409,14.696071731334927
31410,10.159892070773962
31411,13.227698805596777
31412,13.575919935566528
31413,12.140362671027074
31414,13.545267449593375
31415,10.248583079209421
31416,11.62972078490499
31417,16.01046717059233
31418,14.522976325140023
31419,15.410296807597328
31420,15.03696086604924
31421,17.767775397550928
31422,16.244317042932636
31423,15.865936543867791
31424,12.6866572023629
31425,13.384057616979845
31426,12.269651419919814
31427,15.159459757134993
31428,14.192033161224863
31429,18.403192640525937
31430,16.02438018348644
31431,16.097932767637307
31432,11.66336720574639
31433,12.65638517510045
31434,14.715934669415336
31435,17.182163283329377
31436,14.051783362625507
31437,13.867367021101478
31438,12.782085661437367
31439,15.521243549883343
31440,12.21707495016392
31441,15.57055411509954
31442,16.85935443959874
31443,15.034118294660857
31444,16.354201481499587
31445,23.91760942204258
31446,15.152805121536737
31447,10.544238726005375
31448,16.861219425450894
31449,15.708605376984499
31450,17.71363088485576
31451,13.883625203951794
31452,13.72589156208601
31453,18.94692667767912
31454,18.499618069902326
31455,12.884517577825921
31456,16.359779374360002
31457,15.18129333834968
31458,13.817439805687316
31459,15.429078697843563
31460,13.701875641734933
31461,12.999572308404394
31462,14.41911035278622
31463,15.031946010875657
31464,17.546661095955308
31465,17.04446973483425
31466,12.690435299203203
31467,12.21816793929141
31468,20.356255586163932
31469,15.598591682553044
31470,20.25453306992672
31471,19.78062878059419
31472,11.712169632836538
31473,15.173989402641126
31474,11.913612250406018
31475,19.176956592552692
31476,16.966489341691084
31477,15.830294017837307
31478,14.871336493303971
31479,7.978190427172868
31480,12.086415291625457
31481,7.496617261931856
31482,15.501575075909406
31483,17.891732268625617
31484,18.966463924858765
31485,18.48100913782248
31486,14.997654993919188
31487,16.897268106364923
31488,15.702216284941704
31489,16.4736135262131
31490,18.733959806556552
31491,12.203922474480967
31492,14.526655400329304
31493,13.488927062134701
31494,12.716727798490831
31495,14.47787636427484
31496,15.306765163382304
31497,18.00528198583923
31498,15.544828595416359
31499,15.98579480018334
31500,15.348099669641993
31501,15.233042233219601
31502,14.756576258742541
31503,12.535449757457009
31504,19.22419177959374
31505,12.379137434223438
31506,16.397763985840985
31507,13.541469523646988
31508,10.797286871483786
31509,11.958871638108963
31510,17.83653154757759
31511,16.43211986626062
31512,16.80915904459035
31513,12.641558843699492
31514,17.046908305067383
31515,13.350942684132821
31516,21.363636391192053
31517,14.935926010861182
31518,14.098521026862457
31519,13.217511090035721
31520,18.836586266703122
31521,15.273650331336391
31522,18.621124248252823
31523,13.575286162350972
31524,11.89921720335164
31525,23.233701210571542
31526,11.672207490806748
31527,13.87192240841242
31528,21.358608070637942
31529,16.702794363053208
31530,15.806653137945544
31531,18.261047254124946
31532,16.646400930253364
31533,15.64379586379193
31534,16.10498490493216
31535,16.54966199638916
31536,10.372595596148134
31537,10.72590449027722
31538,12.499904440950026
31539,18.215078523332025
31540,10.243110644969851
31541,13.94846096749206
31542,22.86003836757039
31543,14.406416561751103
31544,13.641893509515993
31545,19.191047198414502
31546,14.746860401029874
31547,15.942627059525032
31548,15.841375311651758
31549,18.07684738306198
31550,12.745160896062194
31551,12.666590176680035
31552,13.557184090894433
31553,14.88177161398861
31554,14.314918030235784
31555,17.860286761972247
31556,11.716636013701757
31557,21.749612384190485
31558,15.06935969707466
31559,22.48939226080214
31560,19.520112019855166
31561,16.358953413659595
31562,13.137489855321098
31563,13.64813152707197
31564,14.896922495244267
31565,18.789254254806327
31566,17.502590890364058
31567,11.768077332862138
31568,20.194299250258453
31569,14.222890601423195
31570,13.949842226177713
31571,14.812226250998076
31572,20.288373961179307
31573,18.427888589885633
31574,15.850473491884129
31575,13.861946932467323
31576,10.027225230904202
31577,16.13696192594085
31578,10.916978561921841
31579,14.50349323329089
31580,15.648425024054255
31581,15.742140776763991
31582,12.472611853496597
31583,15.26621601026098
31584,14.545449114396092
31585,10.799711590125366
31586,16.126089958651516
31587,15.68013991261571
31588,16.248224281102644
31589,17.44034411002099
31590,12.855173511840011
31591,17.363559008430634
31592,19.727511855702705
31593,13.530622550702562
31594,16.205273335849043
31595,12.65655001720369
31596,16.197937771825618
31597,17.18703727954528
31598,21.00088248652297
31599,13.404915643323816
31600,15.324941292833952
31601,22.0589926972906
31602,19.175919029956624
31603,19.272315415837348
31604,17.473547595906787
31605,14.720756714171927
31606,7.3267043211305865
31607,10.32668357564631
31608,16.670106428469296
31609,17.573622097011263
31610,11.683809458380123
31611,11.655449072853076
31612,15.623484983233952
31613,18.13499787505772
31614,13.410252164223587
31615,14.04569640724183
31616,10.053619494878852
31617,12.777505608300405
31618,16.161190604189375
31619,14.833854276821631
31620,18.573890508319984
31621,10.790479799971518
31622,20.76442998709231
31623,9.163639071617528
31624,18.59702544993239
31625,23.172449347354224
31626,14.545082449934688
31627,17.673855375940203
31628,15.532645434578951
31629,8.15848670007868
31630,12.24395601735376
31631,14.569604629731003
31632,10.812342345284486
31633,14.709623371201957
31634,20.776962880837004
31635,10.85121376923789
31636,16.58324492797208
31637,11.320401061752058
31638,12.637668809975821
31639,17.148160254563273
31640,15.52091052582622
31641,16.200960057841538
31642,14.616861261330934
31643,16.39605624114537
31644,14.659529892855723
31645,11.743242492414502
31646,12.763446052313164
31647,16.54090326369197
31648,11.98624835389149
31649,14.902257766077572
31650,12.688031519319239
31651,16.060895549229393
31652,19.225934891568443
31653,16.57200330059841
31654,13.861682211796314
31655,16.273031855342055
31656,8.814187192133021
31657,8.785614573118366
31658,20.322067036976026
31659,16.861645975097755
31660,12.015390790203584
31661,15.041957173788594
31662,16.663350560783016
31663,14.84096598403248
31664,16.92054581900477
31665,14.916689935185863
31666,15.203431868929297
31667,16.105221761516834
31668,14.831009463597642
31669,14.31633544847356
31670,16.98687757380573
31671,18.830418501667747
31672,13.457596797446369
31673,16.53109314579922
31674,15.969421046020466
31675,17.97928417613144
31676,17.83746058052071
31677,17.871368600899505
31678,14.371154701435511
31679,15.843816182554889
31680,9.951944676066699
31681,15.38884899087328
31682,12.149052072572822
31683,13.131963432756772
31684,15.229261691736115
31685,15.417583103149791
31686,19.3461326156386
31687,14.55207539259911
31688,19.633354671275974
31689,13.578476884655299
31690,15.325110713570513
31691,11.125206930835358
31692,14.107582068814999
31693,14.880831649959255
31694,13.36895311694425
31695,16.273280831259797
31696,15.573481947037106
31697,17.798022158757696
31698,16.42159434788727
31699,18.51114417612345
31700,11.453128593499448
31701,17.878932635241537
31702,19.522182641091632
31703,14.78675110442686
31704,14.27437153800002
31705,17.952927926080275
31706,19.4098697385454
31707,16.71770227932609
31708,15.087122649436747
31709,11.70571419080836
31710,9.329467883338072
31711,17.44429602549225
31712,13.301335844137835
31713,17.464837700518984
31714,16.362915036497416
31715,15.497510906546244
31716,9.468525889986893
31717,12.5992620023354
31718,16.132038072796657
31719,14.612698107419853
31720,21.164318241103878
31721,13.030861838522787
31722,15.725413895915318
31723,20.928416976743613
31724,17.41183979218072
31725,19.693662506358056
31726,15.797548877672487
31727,20.53219361677044
31728,16.35149588704388
31729,17.727016082366546
31730,12.199962890638346
31731,14.055968470311347
31732,20.285322898112526
31733,14.139030472077172
31734,20.521296863510464
31735,10.837339315554974
31736,20.436340396135854
31737,13.03812594902242
31738,15.14968692812348
31739,17.676519776705433
31740,22.43341478136177
31741,20.703981866474344
31742,21.932746145602007
31743,12.730244793486454
31744,17.693814706741602
31745,14.711834218472262
31746,18.31716202863908
31747,17.21812517549238
31748,19.913246635806026
31749,16.987862586892007
31750,18.430381661992648
31751,18.12057230333669
31752,7.688173743087535
31753,16.864532018614828
31754,13.088780558991406
31755,21.044640425814734
31756,19.567857981344112
31757,21.38222615172368
31758,19.21850746789032
31759,14.177483447364326
31760,12.414777846366619
31761,18.196828131964757
31762,11.322292564951196
31763,12.316727257585438
31764,13.846283686830947
31765,10.910790298346162
31766,19.02725723763205
31767,19.26173234118986
31768,18.57735822520484
31769,8.927862305047247
31770,19.208193824765807
31771,11.712769674591367
31772,12.591853206134793
31773,18.216846636312283
31774,12.819240858611746
31775,11.409034157672899
31776,18.030572838653494
31777,14.357258015660815
31778,16.400050212330534
31779,14.518264656891256
31780,14.73112406620971
31781,14.184545865961496
31782,15.395022447686825
31783,14.48838494572391
31784,8.125226435563176
31785,17.647271105908125
31786,15.427117433760602
31787,12.171683582560933
31788,12.81203028046561
31789,15.337101022060095
31790,16.91750086093635
31791,12.66240755437444
31792,12.734151574241451
31793,10.548493977014786
31794,16.29367745144853
31795,15.539311313472037
31796,15.860551785318846
31797,16.731316318416816
31798,16.70040891867452
31799,12.026572931150941
31800,17.79190367849992
31801,13.073464307919316
31802,21.514497888824494
31803,16.42839222642927
31804,13.903753886462107
31805,13.006147078321366
31806,18.618841460559054
31807,16.662381172084558
31808,12.768617815781734
31809,19.340421267878813
31810,20.82607622554348
31811,14.329520956165997
31812,17.126527809290632
31813,19.690553271120585
31814,16.039047603569834
31815,19.6540400219749
31816,21.12266601672932
31817,15.329993889282491
31818,14.402101645851014
31819,9.285894244223421
31820,16.490306068716787
31821,14.741764640982916
31822,9.840226386455157
31823,15.82124516559891
31824,14.698151882630402
31825,15.225196767524888
31826,19.13548921820035
31827,18.399099103349
31828,10.123295394972708
31829,17.62542932725673
31830,10.879878470238417
31831,21.010669574344295
31832,9.53630235665442
31833,15.63026386840518
31834,9.978901562359777
31835,12.101967770868844
31836,21.871249162792502
31837,20.519116025465525
31838,14.068855119209218
31839,18.974303159633763
31840,18.864008759667282
31841,10.36470060587615
31842,14.997565138607065
31843,19.155325757382872
31844,23.781560101487358
31845,14.21303767255469
31846,10.808799694163898
31847,14.890238193254113
31848,14.437256362604552
31849,13.488317550364114
31850,16.820667366489232
31851,21.93024343216327
31852,13.186025236900635
31853,13.100316581951372
31854,16.137976490198536
31855,15.69412767420189
31856,17.31776491911506
31857,16.336355929005855
31858,11.959705645165421
31859,13.49027115025834
31860,20.977114628007218
31861,15.912996038945797
31862,12.977952473985976
31863,9.18513264798269
31864,23.68568635650746
31865,15.660764504888872
31866,16.189810943395724
31867,6.92042622130872
31868,12.855438556504842
31869,15.395013910953704
31870,16.80884940612022
31871,17.67015017356344
31872,13.911389873995635
31873,18.710290655888613
31874,16.017693906870864
31875,12.929991530504044
31876,16.346555393552617
31877,16.400304417750824
31878,16.82375933546607
31879,11.547855620207581
31880,12.610133337797649
31881,16.647765877674804
31882,14.349658659365728
31883,16.65302464618804
31884,12.203680168828113
31885,17.543552596853104
31886,14.731934414464757
31887,15.795195455553603
31888,10.35092084929676
31889,18.21010353289141
31890,11.942078387619235
31891,17.237030158595974
31892,9.602886515703489
31893,7.623258559891196
31894,8.149422633826267
31895,18.930400176943724
31896,17.512967280318765
31897,16.975964421945097
31898,16.639722628372052
31899,21.55023568029394
31900,10.122397301095475
31901,13.432114499958397
31902,14.345658221077297
31903,14.290548506255298
31904,10.728069484023182
31905,10.288617630061447
31906,20.807632067211117
31907,4.61161922543252
31908,15.090308664884473
31909,16.69305139193288
31910,19.569052068639834
31911,11.769270021052638
31912,17.54898508089218
31913,20.580955282398975
31914,19.060168943155606
31915,18.135365886369843
31916,17.279261294142877
31917,12.748116045372642
31918,12.66249531038666
31919,15.643905157424408
31920,20.14020179077643
31921,20.41281964929958
31922,11.535638630329352
31923,10.926704165639078
31924,14.313100379842059
31925,15.975783085130676
31926,13.236421115564262
31927,17.96657356732424
31928,16.623645153886997
31929,11.548370302272602
31930,15.155681728628222
31931,16.403820015761813
31932,16.15628463401621
31933,14.74448487877371
31934,15.520828073933533
31935,16.25891742691992
31936,13.133043040839333
31937,14.152378832521535
31938,15.209751936681066
31939,10.861313278414604
31940,19.597053381040634
31941,16.966556626353547
31942,16.84830598921195
31943,13.520330302169906
31944,16.499561238596733
31945,8.721129291427156
31946,11.809083217767377
31947,13.287342429589867
31948,19.642588552564938
31949,14.174196072468707
31950,17.588718992520135
31951,15.183663246138261
31952,11.794220713980051
31953,19.89818023954873
31954,11.598539599181809
31955,14.763813874605436
31956,13.41745826568945
31957,14.05063510341252
31958,14.68310510632753
31959,21.95257651902019
31960,19.02341918659684
31961,15.195070558427584
31962,16.781454904106937
31963,16.991187044744617
31964,10.275905979592881
31965,12.243529187259648
31966,17.39844603502543
31967,17.127570467683036
31968,12.185583448268641
31969,15.92085665321898
31970,13.090841621705502
31971,11.91670352229707
31972,14.895011107402375
31973,16.42579212481761
31974,11.92602106593517
31975,16.313287552405626
31976,15.158159609385832
31977,18.025387603380235
31978,7.160520583880263
31979,17.594709396881264
31980,10.523792658690073
31981,16.23945629366209
31982,18.88246815701931
31983,16.2381386514551
31984,14.503532037116484
31985,16.45656827200367
31986,15.075810645566374
31987,15.038763940420417
31988,13.965754509985018
31989,13.614689575253905
31990,11.623020406136646
31991,10.096258661931895
31992,13.3445178162955
31993,11.548759911702904
31994,10.632959850377311
31995,18.630410609571804
31996,22.61871883840754
31997,13.387126233526326
31998,12.030788290732197
31999,19.322149707630274
32000,14.96814883756549
32001,6.278480047696286
32002,13.38248717483593
32003,18.61437276136474
32004,12.897132662704312
32005,21.27806209309839
32006,10.39831361751644
32007,21.909310324205485
32008,13.687356108148839
32009,13.471083724111368
32010,19.338117809653827
32011,17.506604408674463
32012,16.863476214700295
32013,17.282261456759922
32014,19.65567103508642
32015,14.51069788428
32016,16.50761017305456
32017,15.525704101505102
32018,11.494601265396923
32019,11.561754255045333
32020,13.969596223314207
32021,11.775634968107946
32022,16.405509864242553
32023,11.658309075164821
32024,15.633050392340486
32025,18.243636012530178
32026,15.835231217486557
32027,19.237592852300082
32028,13.447414155201553
32029,10.540782776395565
32030,9.305923835129292
32031,12.634807296365645
32032,10.67560973744233
32033,15.324403236532538
32034,16.488222424760533
32035,14.812425204173806
32036,17.10422166079009
32037,12.899732814714898
32038,16.539672313716995
32039,12.30385901614593
32040,9.873908766166526
32041,14.558818466811555
32042,14.959494225291373
32043,11.010042177660464
32044,15.727031717906929
32045,15.07677587922414
32046,20.227912292322415
32047,14.813562906944194
32048,19.564189309073154
32049,15.820330875510834
32050,15.455226711647366
32051,17.742278185580712
32052,20.316691558267724
32053,12.574136704048168
32054,16.191339731345394
32055,13.905193180815026
32056,15.616950183073914
32057,14.680551295510911
32058,15.559688990266734
32059,12.783018652408668
32060,16.727150919638678
32061,17.16684213308373
32062,12.418821191257148
32063,15.671296597521852
32064,10.890899940775746
32065,14.18680534898075
32066,14.547129497677929
32067,15.032835626802429
32068,11.763982111765552
32069,18.9459645031402
32070,15.620866905060003
32071,13.194648922056269
32072,16.202859194788147
32073,14.533692219321626
32074,10.328020848007247
32075,12.716167925375109
32076,16.90674412779049
32077,13.318488911289311
32078,12.84988160355234
32079,15.348061133615605
32080,14.22215250404626
32081,15.465685103408704
32082,11.200991735331232
32083,15.595951181604022
32084,15.796641582484732
32085,15.077278499151433
32086,21.77216878527905
32087,19.246180706920324
32088,17.065717570347164
32089,11.629112183995115
32090,18.750967718962826
32091,18.11792274761165
32092,15.315882398525243
32093,16.586101670988025
32094,18.295380458619988
32095,11.973009898942447
32096,17.82181261840077
32097,16.74993114979574
32098,15.907086042445954
32099,14.34631190322328
32100,14.312205772708593
32101,19.449712038594704
32102,10.94166499817381
32103,15.876604499179635
32104,16.28720897339883
32105,15.870706857386137
32106,21.410579209460114
32107,16.273477861870703
32108,15.004292862142986
32109,16.13262058078191
32110,12.125983991437646
32111,10.51537090755324
32112,11.567609667644081
32113,14.59026617310988
32114,15.297191435563594
32115,11.327729873742054
32116,18.17465857160164
32117,15.65090519195593
32118,10.230720903575417
32119,15.082703281241585
32120,16.921333029288178
32121,16.699935707801796
32122,19.338842453737705
32123,13.065116900212631
32124,19.962535750944035
32125,14.375045978002237
32126,14.603687024814798
32127,17.39845199075708
32128,14.729714126160896
32129,18.31890180957865
32130,12.4241670677532
32131,16.920268850678692
32132,16.866172915453372
32133,13.065949975348143
32134,18.55920665995669
32135,10.230877793064522
32136,11.9362334617782
32137,21.952618568260018
32138,16.12254858873646
32139,12.241821912367067
32140,15.143531634395572
32141,18.638084317577484
32142,16.480816223702085
32143,15.833902448060876
32144,20.639719805235387
32145,14.682800124252202
32146,11.858333060206341
32147,20.912808027587566
32148,16.25353715539282
32149,13.99947249530959
32150,21.08678868251046
32151,18.735314797819154
32152,23.150024358160508
32153,14.765409121520559
32154,15.997560371388932
32155,12.245786569945441
32156,14.69927571065714
32157,13.992169564704481
32158,15.411678624970643
32159,21.100237943146425
32160,16.336475414241363
32161,14.055750882062874
32162,12.903804750046179
32163,16.137649499905965
32164,15.08563585639307
32165,8.013482864026235
32166,13.37305090741485
32167,16.977668760506525
32168,14.002970104553487
32169,19.602339336625654
32170,8.724389443739652
32171,12.433238609718941
32172,10.506709176240495
32173,18.534513934659966
32174,17.489892895494965
32175,20.713925626585603
32176,21.870256347864718
32177,17.41850276828924
32178,14.53867382220282
32179,16.776162264591868
32180,15.571589397717307
32181,13.861940869766094
32182,11.46185374965652
32183,12.211021986394671
32184,18.93337682398673
32185,18.191404318508752
32186,14.574472878984581
32187,15.527123518948391
32188,16.773712811864147
32189,20.092494347359892
32190,15.887753076935992
32191,11.25006600638872
32192,13.421321918899771
32193,13.791182393029306
32194,18.778627843562848
32195,17.146758222966884
32196,12.778271991048602
32197,13.85168079042969
32198,20.03103738114222
32199,13.32291765537952
32200,13.863205596806218
32201,13.835635410685155
32202,14.556386706179062
32203,15.64448663568074
32204,17.087049598169138
32205,13.009252189374635
32206,15.518992516243461
32207,14.394891556855498
32208,18.352702567555575
32209,13.506686925862134
32210,10.836134461520922
32211,12.643756210999014
32212,17.418573756281816
32213,16.761913487635404
32214,14.707265158948772
32215,17.713031363384918
32216,13.706129884577086
32217,13.633565072604085
32218,11.31056152330497
32219,12.610971577300026
32220,19.04988619865166
32221,12.371252203403289
32222,13.013788330416007
32223,13.55667273138322
32224,19.35722561618473
32225,20.114010147936337
32226,16.64861497012699
32227,19.907552010393477
32228,13.903491334400748
32229,18.572296670906795
32230,12.553552908499594
32231,13.404607467292541
32232,16.491951775144827
32233,15.259531955473538
32234,13.705723184953923
32235,17.50433296125971
32236,11.690831418354549
32237,12.869759877423935
32238,15.018142008052418
32239,15.08405021058564
32240,14.318535548247935
32241,17.21355927007754
32242,14.797757393959754
32243,19.500622381335887
32244,19.46659576828874
32245,11.655336801894236
32246,16.628098130308892
32247,16.184791339226862
32248,19.63725525001965
32249,22.741316425845795
32250,20.53071308382466
32251,8.889723827779145
32252,21.517240171893572
32253,9.82738300439231
32254,11.199206259741327
32255,17.989114995533082
32256,16.735944071174206
32257,20.865725537107583
32258,16.81893090413269
32259,21.662277231181132
32260,15.098609986052642
32261,17.530677784853655
32262,10.700422988515019
32263,18.379832956535957
32264,17.16585596407731
32265,15.657714787236255
32266,13.53306309777268
32267,12.159390508824078
32268,14.066088840341354
32269,16.814325137600694
32270,17.019594462444445
32271,13.738147353742937
32272,14.237697759572706
32273,13.451568433825837
32274,16.025720229410314
32275,11.906130252824147
32276,10.862995502397737
32277,17.606078295037246
32278,12.186047166232326
32279,11.580552499197994
32280,11.610129411935933
32281,11.158332504288417
32282,14.953038423086326
32283,9.827883911925081
32284,14.218456286463695
32285,18.966474559693015
32286,13.37092825094174
32287,18.16380639824099
32288,12.905701626383383
32289,19.01760755174445
32290,14.860650510118566
32291,11.23106836329211
32292,10.821688535519069
32293,10.759331533541252
32294,14.437205805092514
32295,17.67079931870989
32296,15.526324583348048
32297,11.22905489433864
32298,17.356897050801642
32299,17.21616807884647
32300,19.169350028816044
32301,11.975106867021402
32302,13.065425502423023
32303,18.21145186927031
32304,16.24287066201338
32305,14.233870511332825
32306,11.12534435330311
32307,17.201065107288372
32308,17.300626937178663
32309,12.478352283591978
32310,13.654537539423279
32311,11.771741731253968
32312,20.10428107565989
32313,10.564184242275541
32314,15.69967711436338
32315,19.726431316290064
32316,15.69489740198923
32317,14.43560512828019
32318,15.731967217353164
32319,18.237211209179932
32320,11.286316036005893
32321,14.40324839135677
32322,15.248743705352432
32323,16.105877449704874
32324,14.798655538051715
32325,16.32077623934033
32326,15.870618292699433
32327,21.916266558815437
32328,16.472391066246757
32329,17.33202507500831
32330,14.044534350493187
32331,18.392383333556076
32332,12.683693383323076
32333,13.893418123751147
32334,16.64254996041392
32335,10.30547358789512
32336,17.090700145037385
32337,17.373263139750875
32338,19.32800133017612
32339,12.771851858947883
32340,15.230864685515115
32341,20.679139789136727
32342,19.01378844328068
32343,15.24484538363365
32344,22.45640907680064
32345,15.976117622902072
32346,15.93006983463149
32347,17.140520159477507
32348,12.189496667792866
32349,15.062862657453174
32350,11.783556134713137
32351,11.82492984077681
32352,14.593483631567384
32353,14.489647365779271
32354,14.310797682255401
32355,13.643422769681973
32356,13.572797182435785
32357,13.249513993073954
32358,15.352155826479967
32359,12.910044951863611
32360,19.028180411300774
32361,20.8314418755816
32362,19.59782552098777
32363,17.896424454847942
32364,16.71487076860857
32365,21.171355871594585
32366,12.080857227662463
32367,18.382307232110172
32368,17.079646432386557
32369,15.96330839156113
32370,11.059453118681851
32371,16.1308365036217
32372,12.645745613015839
32373,9.78816717623577
32374,10.174466475214508
32375,12.59217400935875
32376,12.425835239220945
32377,17.123890841014887
32378,11.757203962703642
32379,17.525781005157462
32380,12.872764334256928
32381,16.500919722789085
32382,17.024350069406186
32383,15.424012785819038
32384,15.453206941295889
32385,17.492784738118747
32386,17.022692730018136
32387,12.679257437524852
32388,15.84512865324061
32389,17.526962429596757
32390,16.3663516162292
32391,8.437308910213787
32392,15.864738041900951
32393,14.279767173978843
32394,16.190361769063045
32395,22.938049928486954
32396,14.571082611700058
32397,17.338527149019615
32398,15.452007371147253
32399,17.419810301014067
32400,10.607329473272943
32401,17.893910528282177
32402,16.910163475039205
32403,8.725428244121973
32404,12.482765878128182
32405,14.54034797843608
32406,20.922949517649073
32407,13.844030515954586
32408,14.788479722468312
32409,15.530151936851937
32410,17.470002958103017
32411,17.386719418445995
32412,16.797210305873154
32413,19.89839107878862
32414,12.963925895855045
32415,16.990256100816975
32416,16.79751764737759
32417,16.83993217263522
32418,14.940592236412364
32419,20.59394505006944
32420,20.100239027499285
32421,11.771659113826477
32422,9.909160524895908
32423,12.299242992234063
32424,17.078733824186422
32425,12.236352206989014
32426,14.20074872157346
32427,14.961171118153782
32428,17.22863013994634
32429,16.876314917504246
32430,18.899678447397644
32431,14.134403385212408
32432,14.674570746636785
32433,16.440758506203853
32434,15.757898431395192
32435,23.32052513796229
32436,11.278163870087687
32437,13.938146331493227
32438,18.408384584445894
32439,16.9092571049107
32440,18.220771597346168
32441,20.30631674690907
32442,11.891812773650093
32443,15.904415885565077
32444,18.969534848760414
32445,15.28035268589855
32446,16.062546043120246
32447,16.11249977238342
32448,21.037213869621844
32449,16.919465782614058
32450,10.929326288494158
32451,12.609020245706247
32452,8.8847771770563
32453,18.67208024479209
32454,19.05853314356021
32455,15.238172536202146
32456,14.5296938180342
32457,18.80271903771318
32458,22.490019719664424
32459,11.502465003594562
32460,10.560581809809161
32461,16.888145367184997
32462,16.778145615670617
32463,15.476902357665598
32464,12.671078756929104
32465,13.833835778155015
32466,14.723402992469605
32467,13.624099054094613
32468,11.891795319641012
32469,14.125918516452861
32470,14.45179816387411
32471,24.688327590989285
32472,11.69485289020318
32473,14.955843489010071
32474,17.383396295447717
32475,14.923910126496954
32476,17.563312085959826
32477,13.213517541279463
32478,20.712512275973857
32479,13.431074262452213
32480,13.955953997199632
32481,11.308950433307386
32482,16.254706576017696
32483,10.742824486884281
32484,16.46507838450655
32485,18.87708750279107
32486,16.142904390068722
32487,20.42083346224716
32488,14.293913045166258
32489,15.84181839656669
32490,13.147625604767793
32491,12.19335236812717
32492,13.61423920397838
32493,11.442379055509209
32494,14.996096672127997
32495,20.11974769142052
32496,10.668402110328419
32497,18.062061318233145
32498,16.898742678490976
32499,18.455741945424794
32500,19.129034020968586
32501,12.63867592697671
32502,12.144609107159399
32503,13.580938381843595
32504,12.594593059201973
32505,16.90219830770706
32506,15.886773621334887
32507,17.78669705071602
32508,9.914724073633405
32509,14.000505107480343
32510,9.205444483215953
32511,19.386579358550108
32512,21.268472078796766
32513,15.05599966382169
32514,17.627342948145696
32515,15.589375033874333
32516,20.388645251215515
32517,15.915057888249088
32518,13.506726346180946
32519,16.87718149136475
32520,18.510018666275435
32521,14.967486399563185
32522,14.967999510394268
32523,14.750988056779628
32524,16.34950840413413
32525,14.752606037205473
32526,18.382564416894077
32527,17.72512663609693
32528,20.262126745846754
32529,17.316896064277255
32530,15.5754087933996
32531,17.729176577384635
32532,15.373478536531882
32533,20.87160122127007
32534,14.697921250725653
32535,13.788770225504544
32536,11.822638904706693
32537,15.756948449304879
32538,14.238966858289812
32539,14.47802027941772
32540,13.294326124473272
32541,14.181277292248023
32542,13.227889290662855
32543,19.786196850032006
32544,14.8204661539889
32545,18.94349802951792
32546,13.557708858510718
32547,20.669246580464957
32548,19.426040457131
32549,14.09553024197285
32550,18.391554130175265
32551,18.144524842489883
32552,15.08318772437836
32553,14.570131648159554
32554,16.439407463160357
32555,15.493382787328375
32556,17.368495907015127
32557,14.544916462171118
32558,13.159968632508228
32559,16.757763165334158
32560,19.425416228187405
32561,10.81472873552061
32562,19.49292817035231
32563,12.380880021168917
32564,12.242841294744874
32565,14.095798295946528
32566,13.45788075572354
32567,16.397301000021233
32568,18.510839636697284
32569,13.695060834259493
32570,11.500048372550756
32571,19.86129407487094
32572,15.302234394284438
32573,19.006348772225557
32574,15.73688353540854
32575,21.403670538903302
32576,16.20439482762618
32577,16.039869155663304
32578,12.835117149784704
32579,17.43961196931169
32580,18.859211328606246
32581,17.08282277452057
32582,15.741994577213703
32583,13.317559039823898
32584,20.09123357213801
32585,19.889888438176214
32586,8.247323193561181
32587,10.27152220576045
32588,12.48367383792765
32589,19.015040984791625
32590,19.23639376892437
32591,13.393962611106895
32592,15.220984459754993
32593,15.686158721429635
32594,16.11285540302166
32595,17.459768169062365
32596,21.457934987176646
32597,17.826925417814444
32598,16.878212439511174
32599,13.221026085123928
32600,14.27193570504237
32601,16.31836836880436
32602,8.528792331203313
32603,11.679244639485347
32604,17.615856179651754
32605,19.55964169897411
32606,21.641662128047862
32607,19.77545158209393
32608,17.3929094704824
32609,14.553124709644814
32610,20.039655427924295
32611,12.389140879612167
32612,13.05470204999885
32613,17.38212730973934
32614,13.523863260584264
32615,13.333500606536326
32616,13.712136557609307
32617,15.519313993574883
32618,13.06492712122511
32619,16.52366913442265
32620,13.950336134103113
32621,7.919347871057775
32622,15.206421670085943
32623,15.986357350361247
32624,17.899245006023996
32625,18.836580559770677
32626,14.962846775131858
32627,16.36306216818579
32628,17.877407788675853
32629,19.191476025946343
32630,10.534044192438106
32631,13.45325544776766
32632,13.383869552725091
32633,14.98097970605538
32634,18.03964847093755
32635,15.86393391735057
32636,9.369824810417935
32637,12.154160602378703
32638,15.78852243659852
32639,12.168504034155033
32640,10.968396946668271
32641,16.353334247545966
32642,13.926574327326549
32643,15.17201816676134
32644,11.705239134000479
32645,22.501408147553292
32646,15.113477382330874
32647,11.904358703434804
32648,20.246240220231037
32649,23.82551586620921
32650,13.940944270788208
32651,19.14059124376245
32652,16.68244003949689
32653,13.837601887545077
32654,16.23032434148022
32655,17.314417233193094
32656,9.003853213134082
32657,15.810827139600123
32658,15.536652873661085
32659,23.31271133152262
32660,14.647512302438487
32661,10.50121757084785
32662,17.268077454616478
32663,21.862669771200864
32664,19.778290438982204
32665,13.839552646323522
32666,18.110984010546236
32667,15.06745945995339
32668,11.451547306712332
32669,17.970914371510087
32670,10.180309917625667
32671,12.48475742840127
32672,16.116506098064992
32673,17.86532824447328
32674,18.316580589800573
32675,16.533854237544595
32676,19.184388118543467
32677,11.738521005213897
32678,15.840001989365572
32679,12.68093005704601
32680,17.62073404711891
32681,9.581031306996765
32682,12.24648662946775
32683,18.147420091033865
32684,10.838231030966437
32685,12.318318935050454
32686,11.825668990326275
32687,13.273385741840844
32688,14.975369743553463
32689,17.615302095948735
32690,15.79360228299279
32691,12.091235282965815
32692,18.84232195439742
32693,15.105185392676134
32694,10.114332291283887
32695,21.263885722170897
32696,16.44920177404579
32697,15.817422610137315
32698,12.207519030408834
32699,10.249805943401153
32700,21.016058430876
32701,15.180298288262412
32702,19.422249503556856
32703,13.954921728316112
32704,16.344711689902642
32705,9.41322119988002
32706,12.658958665252722
32707,8.421919230064471
32708,10.712447651040758
32709,13.91255212777306
32710,16.49034803044513
32711,14.16368834461434
32712,10.858572554767447
32713,18.89288986034269
32714,17.297659535648766
32715,16.081055099372666
32716,14.540881128269435
32717,8.886623664381835
32718,14.293976849794513
32719,12.428698476988709
32720,18.34459106833818
32721,16.153891394942256
32722,17.996038270590304
32723,9.7940519779293
32724,17.281943210130276
32725,15.358234935916158
32726,14.529203013915522
32727,15.734243072874209
32728,12.030568765117842
32729,16.49475163510717
32730,14.616389061940797
32731,15.206106416831512
32732,10.872600871098232
32733,16.554228925304994
32734,17.58792183573625
32735,21.25246426068564
32736,16.800528806773638
32737,20.439898683930636
32738,14.859073097441803
32739,11.991685101524718
32740,14.498569660161898
32741,19.80679630060969
32742,11.457454973009005
32743,12.70105939562517
32744,17.86064921219323
32745,16.043220438322596
32746,14.94240330146054
32747,16.08333564174106
32748,13.703543774298634
32749,19.738717761246303
32750,16.372909268664674
32751,17.077896205978266
32752,10.512096370973568
32753,18.9163722758694
32754,9.983812270574687
32755,16.58489535343152
32756,14.386135740224809
32757,13.670763037183217
32758,17.667752615269585
32759,21.402120923070537
32760,10.832383697214153
32761,12.92055799215133
32762,15.749392898418774
32763,23.560476347505425
32764,8.655756245505753
32765,14.087616679462936
32766,13.870673920116417
32767,18.801178509269874
32768,15.284771373501815
32769,14.145530064303776
32770,13.778358598842871
32771,9.903306360028944
32772,13.808704463621048
32773,14.654649231640066
32774,14.39851742591471
32775,14.910397410774747
32776,9.080730843531
32777,14.49146254080558
32778,13.210907560179214
32779,15.736045016764661
32780,16.650300974086207
32781,15.374759505959911
32782,17.80290672768367
32783,20.40874704257163
32784,11.829212734105578
32785,18.821315837533604
32786,16.2536286941995
32787,16.691223717743767
32788,13.949975625262168
32789,12.500914492646517
32790,20.425228970253144
32791,17.310751613477116
32792,14.722001717934228
32793,14.82922607010676
32794,15.188482587296111
32795,20.60600992920514
32796,18.996068479213598
32797,19.158374875763467
32798,17.834030007320166
32799,11.90844046849957
32800,16.20517556346652
32801,17.884869916959374
32802,8.351443577309418
32803,15.829593523463233
32804,17.19775608351774
32805,15.255648233711504
32806,23.494760330364194
32807,13.202045095526044
32808,14.388092862885673
32809,16.065135154809457
32810,16.054079333284776
32811,11.378094339587289
32812,24.106733761775423
32813,14.906576989811196
32814,19.560306679234877
32815,13.133970608281668
32816,9.977367478778724
32817,14.925414118221253
32818,12.712933441996316
32819,15.9540841201748
32820,16.983120869226404
32821,16.035592642124403
32822,12.889206477764784
32823,18.606344017317497
32824,15.546492171358658
32825,14.677672663460177
32826,15.283905826863004
32827,17.789311686888617
32828,15.107501802069422
32829,12.83517311702723
32830,22.918119833472964
32831,15.697775885676958
32832,17.298856319313565
32833,19.59151742164399
32834,18.41694696233234
32835,10.138864586210353
32836,20.274986430278993
32837,16.373166778753067
32838,9.545927643406499
32839,12.522466530721891
32840,11.279840511183359
32841,14.29193348531934
32842,16.420571715649274
32843,14.981074889498316
32844,10.422055590503168
32845,13.437610711626698
32846,22.481943607732493
32847,16.713877148526418
32848,10.924729835441918
32849,13.18351114088714
32850,14.965737127748785
32851,18.76925353574172
32852,17.241642355396632
32853,18.235446763170412
32854,11.885173788737948
32855,10.61913690370774
32856,15.753863887353159
32857,16.42210595716829
32858,17.24431945694062
32859,14.256457647729963
32860,17.824028967763347
32861,11.140594785673358
32862,19.27264285231648
32863,19.145025983035236
32864,19.034198003129553
32865,11.74540610009518
32866,18.422169032640053
32867,15.563013924921995
32868,14.4257797511362
32869,18.996177996647027
32870,8.88178625351814
32871,17.105893665695195
32872,13.269657288715841
32873,16.506754157944616
32874,14.128961946071248
32875,8.1134825048382
32876,12.730526545120032
32877,11.766458095264927
32878,17.57056206322046
32879,17.932746286600807
32880,13.903602417668289
32881,11.278227587691777
32882,17.892820871781456
32883,13.233817758218304
32884,17.969696177933287
32885,13.661862690148885
32886,18.310474668995187
32887,19.924581431608846
32888,17.353579947087482
32889,16.4662425177573
32890,14.494172826512653
32891,15.331371479220966
32892,11.701195778069255
32893,12.887579233972819
32894,13.036813540690549
32895,13.796083972064139
32896,16.447181708356574
32897,18.668228752764744
32898,13.454778747087428
32899,17.513566176487785
32900,8.12496512599109
32901,10.881267011102537
32902,17.16081406170702
32903,15.242133511807847
32904,16.500501305241688
32905,15.960789127101972
32906,14.621994592931733
32907,14.839496263258084
32908,15.032154465222678
32909,16.90688796138922
32910,15.838127828267465
32911,15.86605942533466
32912,16.548520860945487
32913,15.801079715247232
32914,20.34079652783149
32915,14.140956023171645
32916,18.32066781260975
32917,16.85284673421833
32918,20.528313120621313
32919,15.544766225060913
32920,19.17335281003919
32921,13.380797737328852
32922,16.18713548398732
32923,16.755391995262425
32924,13.967122825521757
32925,19.001156716377878
32926,15.401432913925074
32927,13.298166908045587
32928,15.172829172703494
32929,10.90311063752766
32930,18.1321146168522
32931,16.196841739237968
32932,15.112821080838614
32933,17.35438209970465
32934,10.729389318740111
32935,15.344690674694604
32936,12.62104158459053
32937,9.564035885060282
32938,15.663145506585698
32939,14.559298405387143
32940,12.999043973551887
32941,16.14459715684306
32942,16.398430448349142
32943,18.514038804754982
32944,8.6152308783908
32945,14.720302340256936
32946,15.17057505268249
32947,15.577763657445402
32948,15.427826484222848
32949,17.120348844281764
32950,15.624340877775275
32951,20.03821743014698
32952,17.096752374948533
32953,6.6720370645860285
32954,12.460326561327069
32955,17.356584025909935
32956,14.788345447102804
32957,22.59441327032516
32958,15.099282761498255
32959,11.176717629153128
32960,12.467694048781874
32961,16.39134269691164
32962,13.844739222143119
32963,18.17791362717476
32964,14.262337471999492
32965,16.98357658685167
32966,17.2177386412271
32967,11.136746469624077
32968,15.10041026489485
32969,15.615311154218503
32970,18.275772082512436
32971,20.011436115398496
32972,16.56507256372164
32973,10.651577655769854
32974,12.796823424085014
32975,16.830608681080122
32976,15.834087526314638
32977,18.50335222777106
32978,17.855947461591867
32979,21.712635616752642
32980,16.74498930119438
32981,15.859870902280187
32982,16.756091374698556
32983,12.86345431234892
32984,11.113135777620084
32985,14.11452780560637
32986,12.140093184844112
32987,13.442636072372256
32988,14.783026348086377
32989,12.099841470509107
32990,15.854765509025619
32991,15.651980685363647
32992,16.858805879278083
32993,11.874862749633378
32994,11.47933157404168
32995,14.347275073578164
32996,14.9202631987564
32997,12.75509742572447
32998,16.73070241009263
32999,12.945863004150233
33000,8.724622963579101
33001,11.683781086845134
33002,15.30313232045569
33003,17.330955034912364
33004,12.257285253076054
33005,22.998207101921096
33006,12.543488474325402
33007,14.563652872533224
33008,16.0498087422058
33009,16.544732610170225
33010,17.02957014325337
33011,16.696842584697116
33012,14.610373231017574
33013,14.683388305733141
33014,15.140889224018363
33015,14.21886236298107
33016,16.882066781792858
33017,9.195757263995244
33018,13.62005739746659
33019,14.824844480897331
33020,19.955528155118802
33021,11.578041358641
33022,16.33660636004436
33023,19.591844841931024
33024,16.941818725414343
33025,17.27029056627697
33026,13.465940502430621
33027,20.723823849159057
33028,12.237064269505353
33029,12.507815924026026
33030,14.667611679522686
33031,13.662982783292126
33032,18.82056296671475
33033,7.196699495122335
33034,22.27673003670329
33035,10.490223661419119
33036,13.615410078492316
33037,17.944182094459762
33038,15.249665723646782
33039,11.893245342975337
33040,14.422664266377376
33041,10.308137409645632
33042,16.887105816727782
33043,8.811225071188819
33044,15.139466226517568
33045,13.994872254921374
33046,10.645012394808717
33047,15.644567473281466
33048,14.829696461409718
33049,13.901852861256915
33050,15.65205651673687
33051,15.444552662533868
33052,17.268277633136115
33053,13.18389426673525
33054,20.905145472808815
33055,16.7074876749656
33056,11.482450037257134
33057,15.598992924434611
33058,20.371241303541336
33059,18.06049762041132
33060,13.62248463769386
33061,15.347359125611698
33062,15.681786652016076
33063,11.649493041936013
33064,13.707685285252415
33065,16.24419726798275
33066,13.413008502130408
33067,20.96995922609702
33068,10.610137036826291
33069,12.733092141735673
33070,13.62582701802381
33071,12.394414268771826
33072,14.641650516959146
33073,13.773187788310867
33074,14.38805679091776
33075,12.195373226616656
33076,14.716550020488674
33077,17.97715705186052
33078,14.75826058125083
33079,12.174418062097098
33080,10.2190304233408
33081,14.392522478309319
33082,11.163101981683237
33083,21.683608993994614
33084,11.787368045880143
33085,11.26433742818691
33086,15.547592796030841
33087,12.322507194446786
33088,12.869009351908252
33089,13.522869124160337
33090,12.158814354421619
33091,12.804729333081529
33092,19.48853354936579
33093,16.558164837747213
33094,13.214324831450563
33095,11.126578064411689
33096,8.532144061652021
33097,18.43663974713487
33098,10.62443422244045
33099,19.401856250916524
33100,13.891601220672346
33101,13.704352948542569
33102,19.46250526091803
33103,15.498368675612527
33104,9.434972688456984
33105,17.200588947693486
33106,12.687001390022225
33107,18.290848188665755
33108,12.293123167922847
33109,15.56937215005848
33110,17.46374381073693
33111,15.8895167164998
33112,12.626319346224793
33113,22.697758966091598
33114,12.102029398315668
33115,17.36079153730083
33116,19.315899916068034
33117,15.02599831683229
33118,17.186696592250648
33119,14.881745875433642
33120,12.672441818871754
33121,15.309253408476467
33122,16.56171729997065
33123,14.928410894137983
33124,9.587532693029154
33125,11.730500277508074
33126,20.3438815137074
33127,16.93922750450274
33128,10.045708137871836
33129,16.425979147475353
33130,15.390374256210926
33131,16.30753277595093
33132,16.230494289972263
33133,17.458066101817117
33134,19.134772041611456
33135,10.95061224454356
33136,13.729498074484374
33137,13.819071411127767
33138,18.969187457764612
33139,17.490717136057125
33140,19.26747585229237
33141,13.971068252338824
33142,16.449812715150166
33143,12.64188628793638
33144,11.24446774703888
33145,18.080942878875323
33146,15.823737486538825
33147,10.74037276147357
33148,15.75987407847391
33149,10.260809191913498
33150,9.71204576324897
33151,18.81511340108267
33152,12.824790245393462
33153,17.47894591147937
33154,16.73790699681337
33155,8.784339427258686
33156,14.347126950586798
33157,23.43927409755778
33158,13.516600526027338
33159,15.704780959012412
33160,19.45559311233889
33161,11.391734023953465
33162,20.101381425046803
33163,19.1621453450859
33164,15.84606469612162
33165,18.50243354157128
33166,13.958842452394851
33167,16.928524736612314
33168,13.185401948304019
33169,15.200974501999239
33170,22.184362299861633
33171,16.453093294805168
33172,16.39708315449465
33173,12.82824484576972
33174,16.46164406400395
33175,9.41065265926617
33176,11.889877309363651
33177,14.068037965125205
33178,9.503183443562925
33179,12.892665245582208
33180,18.48610377086673
33181,15.168720627800562
33182,12.866403121000852
33183,21.559673212154905
33184,16.909122395396658
33185,16.467370179151246
33186,12.28703407539948
33187,13.65298865065902
33188,17.447169404640086
33189,9.987528466216492
33190,16.69168647833304
33191,14.013299944616096
33192,18.661166031816506
33193,17.465900503965067
33194,13.248226598959821
33195,21.0690917103866
33196,13.042655159697318
33197,14.070836538191365
33198,18.752877613633267
33199,18.804294746522274
33200,14.602571516906135
33201,12.285142085329271
33202,17.527040286468175
33203,15.066307526623183
33204,14.63634228290379
33205,14.742639403914731
33206,20.17612277448557
33207,21.02289756476343
33208,20.038897820822726
33209,18.298781034001898
33210,18.16684155273193
33211,10.956638885097453
33212,11.903760053796882
33213,13.023273937153213
33214,10.155383579693112
33215,15.122742124753811
33216,11.83625428038757
33217,11.341676706868219
33218,14.440370876602902
33219,10.10081909655139
33220,14.900763137024235
33221,15.53173105965358
33222,16.1683000907362
33223,12.686719848182353
33224,12.899788521591073
33225,14.610301799545466
33226,16.03506825683
33227,10.233790274052517
33228,18.310942261895082
33229,19.17416436101619
33230,16.068432457853223
33231,18.33994710673707
33232,14.661823625648251
33233,13.85427866919025
33234,15.820004624520967
33235,21.511239626144416
33236,17.208523978634936
33237,13.583301601814552
33238,14.809991660368931
33239,11.192718923943424
33240,20.775864691398105
33241,15.12718397960571
33242,10.809543269092611
33243,18.75515667524038
33244,12.822785842730648
33245,10.95816040619794
33246,22.257570321136328
33247,12.937810665447042
33248,10.451463141060431
33249,9.517610065108311
33250,19.900844738705565
33251,17.61848277928625
33252,14.366560335345772
33253,16.522713849714712
33254,17.730000079653827
33255,15.467868864749711
33256,22.206518108553507
33257,19.128916220933352
33258,13.00377867638989
33259,16.563852687443784
33260,10.769936424804394
33261,11.50965617559532
33262,13.866084117235879
33263,17.436520531491993
33264,16.356029291381123
33265,18.729152775960607
33266,13.883623766058797
33267,14.94668422767354
33268,16.948516777207114
33269,16.782721139450867
33270,19.51788342403265
33271,16.84844890662705
33272,18.938726589505315
33273,12.65336787705753
33274,17.15578766781542
33275,15.261982975832732
33276,15.95594025999331
33277,17.703918441295443
33278,19.44239730146009
33279,16.61182770804083
33280,17.72318369527338
33281,18.139044514860263
33282,10.978581326224319
33283,15.49400197234057
33284,19.133585087514167
33285,14.654214008108346
33286,15.41166799104086
33287,18.882594543544332
33288,17.687236706759435
33289,9.29818915818378
33290,12.689735195893029
33291,15.129571704062176
33292,11.53990087597857
33293,15.351812251919881
33294,10.894739119622633
33295,20.20861882377301
33296,11.001764047996385
33297,14.503023165694472
33298,15.215848228711641
33299,20.19971105420874
33300,16.84767160852331
33301,19.353393642448772
33302,13.596523125229934
33303,14.00717321798535
33304,13.47550311817154
33305,8.483099688267242
33306,19.076436786615087
33307,14.997115092947851
33308,18.550935667292677
33309,10.292164906372307
33310,12.999112736834672
33311,14.727559003634505
33312,19.46522680037926
33313,14.714219805304916
33314,21.123503959422322
33315,18.639153122967457
33316,19.3245526504563
33317,14.394194436841774
33318,10.233030459062915
33319,16.732004048047607
33320,8.224868551476085
33321,15.635616402027386
33322,11.78335345465394
33323,9.361844391791301
33324,13.685439826150446
33325,13.8246815599013
33326,20.16896634297035
33327,19.685390412494883
33328,11.626013884523935
33329,15.28027313192224
33330,17.813019524319184
33331,12.930871107822211
33332,15.003778648807806
33333,12.865220204947647
33334,16.816184141692652
33335,15.680910912481636
33336,14.236759081623784
33337,11.445231449195148
33338,13.47726408380231
33339,17.570572408379487
33340,19.919015026285674
33341,18.66152796363467
33342,7.642635901837099
33343,17.27950446813905
33344,13.357576459995338
33345,14.850718421645006
33346,17.119031484679706
33347,22.72252806836902
33348,19.744727705991373
33349,13.279226717008351
33350,16.072687426171786
33351,14.259560290150233
33352,15.880853363337188
33353,11.152869215377677
33354,17.141463512611924
33355,15.04514728395615
33356,16.731822296378763
33357,15.85615625522496
33358,20.721471101489854
33359,16.63700060985914
33360,15.004993546026338
33361,19.134654704406408
33362,18.326030160304168
33363,19.820318598117257
33364,17.62778649696002
33365,12.775176801192591
33366,16.908628128166107
33367,17.73196321453566
33368,10.764363761063706
33369,15.920370698388723
33370,11.254094238759905
33371,18.245596913758465
33372,16.944886451807676
33373,15.189147509204606
33374,15.099822384291931
33375,23.943095711887565
33376,15.153424899620838
33377,16.597195183426383
33378,14.005952054313848
33379,18.362974085857733
33380,14.921249392990337
33381,14.18270032965992
33382,20.393816113882917
33383,17.31607914782711
33384,21.38862824325519
33385,19.119149951124935
33386,15.997816312512828
33387,10.73744728081477
33388,13.8641616639861
33389,13.893544557888047
33390,9.021307155083065
33391,16.89729748503111
33392,18.064337723967213
33393,17.85526539407611
33394,18.538891458325114
33395,11.369238491614887
33396,14.963996456497643
33397,16.420594561928283
33398,14.697991079508524
33399,12.475315856532553
33400,23.294107589659916
33401,16.286045443392606
33402,15.636404333876953
33403,12.741820349616452
33404,18.32923121606978
33405,20.200929958929834
33406,13.453342176652718
33407,17.77353138407237
33408,11.253612499970954
33409,13.842029841741653
33410,15.688081789453518
33411,5.54023512871947
33412,18.9188434691927
33413,19.809677964363452
33414,15.842849967027023
33415,15.627540703011949
33416,9.756371192652525
33417,11.150952106066361
33418,18.54359152400513
33419,13.923728973713141
33420,18.210434231605127
33421,16.4256149848683
33422,10.375382710946363
33423,12.330086411893749
33424,12.821153305234262
33425,13.043848308594661
33426,11.086486443498037
33427,15.0848360762666
33428,18.839181697318402
33429,20.53058288352471
33430,14.768628621026993
33431,16.84682567302486
33432,12.352653112125164
33433,15.088883650994644
33434,13.940921865596241
33435,12.450511579371286
33436,11.906378620917776
33437,19.598446223724533
33438,14.65618612714083
33439,14.068555530387773
33440,17.215015727530968
33441,16.40078621786108
33442,13.26571784734394
33443,12.40006887618891
33444,14.577619813478313
33445,11.988388904330012
33446,14.256577456130575
33447,10.919506831003178
33448,13.521514710704203
33449,8.640235478108295
33450,16.510886293062107
33451,19.23415862861215
33452,17.333536178536747
33453,20.81518654194172
33454,14.347709355733311
33455,17.08871363351943
33456,9.424694787634586
33457,14.307150020220666
33458,15.952677620660186
33459,18.241556338539784
33460,9.508521311183301
33461,16.143829176280857
33462,20.93062746018604
33463,16.813719789372712
33464,14.098385209770381
33465,15.334998707274277
33466,14.419088060032882
33467,18.59159816452284
33468,20.14948302049917
33469,11.539641413851704
33470,14.86824117824927
33471,18.445835884043277
33472,17.371826995427547
33473,12.699066233846313
33474,16.218861639128985
33475,15.779937615249617
33476,18.239068447598363
33477,16.619032100604365
33478,9.828102958222072
33479,17.244458677921976
33480,18.6477197585668
33481,18.440059135823958
33482,13.645609102395714
33483,11.902402391585523
33484,10.9940701785344
33485,18.056493890884614
33486,13.802955815281697
33487,13.73479132466962
33488,15.959648033737711
33489,15.084199210506945
33490,14.69326147432052
33491,14.358889085244936
33492,15.416712815178924
33493,11.469362288682154
33494,11.933470105492363
33495,13.803207897827596
33496,13.961506450730468
33497,12.741453816029962
33498,17.256713389176603
33499,17.466756594896182
33500,17.483348771328508
33501,17.72287457410994
33502,20.0170060400243
33503,19.713141694817338
33504,14.710820145059124
33505,18.144890492908715
33506,14.172363533584242
33507,12.504603643131505
33508,9.581319175241628
33509,17.338708534133435
33510,17.303156949360854
33511,15.342490635392423
33512,14.370146800802917
33513,11.569598115453992
33514,15.363492902478779
33515,17.702905761979856
33516,11.005690961016043
33517,14.889441037422543
33518,18.66070060919384
33519,21.594358085306723
33520,21.357833744761052
33521,11.273555880517378
33522,12.877727645436213
33523,12.748354144846608
33524,16.30307285106076
33525,17.877362951220626
33526,13.637068121484784
33527,7.596784935424461
33528,11.817167833541152
33529,17.469493693144535
33530,17.18034666685743
33531,16.664976137673637
33532,12.07960506852188
33533,18.318214139719064
33534,21.597889465732717
33535,16.139138139528455
33536,14.188041010595425
33537,14.951051923637571
33538,14.841681153825753
33539,20.367865808068267
33540,16.76468119820609
33541,18.64016896367959
33542,17.12089973361554
33543,13.042581213477252
33544,13.073999299991792
33545,11.53654291935901
33546,18.648203681054007
33547,22.63098559598327
33548,13.651795171224526
33549,13.800370868865356
33550,15.929753873385915
33551,18.080365877192804
33552,16.05142307541271
33553,11.951048730131147
33554,7.609437318247112
33555,14.60910184582735
33556,14.00923604166111
33557,23.391433532062635
33558,12.498905348365057
33559,14.27676609742931
33560,13.194209497783026
33561,15.561382705700504
33562,19.175132743978523
33563,14.732790436144269
33564,19.235188157514106
33565,16.955285558783757
33566,17.19930771595698
33567,19.199274869348923
33568,18.60051078184104
33569,15.737096087053395
33570,13.902953228907695
33571,15.387363317552387
33572,16.73549272287983
33573,11.894309042567443
33574,13.730870078066701
33575,14.257320071031655
33576,18.57174392963288
33577,18.318816415202235
33578,10.585077754196124
33579,16.92270325977678
33580,12.323520317030418
33581,16.14911773298687
33582,13.24656085036121
33583,21.169341224045485
33584,17.49563783647043
33585,10.84546974121823
33586,19.86086074829856
33587,13.625001266431589
33588,13.679021512464525
33589,15.992385479530494
33590,14.908934482950281
33591,15.291136593782593
33592,15.099173279216956
33593,16.3659918731612
33594,19.6130637200742
33595,11.776924041270538
33596,7.091150948293793
33597,16.99720331889513
33598,11.857619717737867
33599,18.666227304240497
33600,17.91490745874657
33601,13.08999832010738
33602,13.3681091891957
33603,12.468620758358542
33604,14.47847155018773
33605,11.285985012447608
33606,10.970047574268555
33607,15.370361799139822
33608,10.039149667253627
33609,16.682337652662174
33610,8.944751910948279
33611,16.465700795237986
33612,12.332406885156063
33613,16.586216991498702
33614,18.66709642534392
33615,14.850925239065711
33616,16.236885998578018
33617,15.849402409508738
33618,16.575705276562836
33619,10.196013018379123
33620,14.269964376105605
33621,15.760136037945001
33622,13.206918336906934
33623,13.807837555378697
33624,16.448293791201984
33625,17.100815477205725
33626,12.909103878440877
33627,17.359172468987133
33628,18.614648024953624
33629,19.94241164959601
33630,10.950216111441886
33631,14.269119191727452
33632,19.944968221066215
33633,15.761168464114332
33634,14.365440263951353
33635,16.211364270672675
33636,14.016414683849325
33637,13.749897687556416
33638,15.31746037361556
33639,15.794391825158057
33640,16.14355272803783
33641,11.561555599131516
33642,16.520455035788682
33643,12.936933075383617
33644,21.16264372053361
33645,19.456101749669987
33646,16.24230543493712
33647,16.62396260687401
33648,23.442288343210883
33649,11.622330910244221
33650,13.959487304346824
33651,8.67513872904087
33652,19.301881586698883
33653,18.918384971792957
33654,17.235414855189347
33655,18.665299022035224
33656,18.531233170376442
33657,16.92033446649016
33658,15.248485281883756
33659,9.653254954129713
33660,19.295144468257472
33661,20.67341339579759
33662,13.754692287531848
33663,20.784175420127333
33664,13.569645378960361
33665,17.99197120741214
33666,11.679916568048753
33667,19.06330331822089
33668,13.812373851298943
33669,18.300111076782766
33670,10.771335617135314
33671,12.915891881359231
33672,10.302775800004927
33673,10.555261166553827
33674,14.508802627159124
33675,18.80111541004451
33676,16.684258652625548
33677,14.578119636582747
33678,16.573496314535785
33679,11.472437968214976
33680,17.039541959483664
33681,16.966773927570586
33682,19.730424745876462
33683,11.61092853267646
33684,11.877085149521625
33685,16.62889465159604
33686,15.314588334505414
33687,16.566629619287326
33688,18.350744588186966
33689,21.270488902477194
33690,16.829032848631705
33691,16.735120463352054
33692,18.737647226751292
33693,12.645037334367249
33694,15.907076105630262
33695,14.937249367476355
33696,20.715537488398006
33697,18.729732281424976
33698,12.349229908831148
33699,11.541914553917533
33700,15.593934624510284
33701,15.481344516841016
33702,20.352340501134446
33703,13.021284671645976
33704,12.59937347244388
33705,18.537438367753257
33706,15.200594842066641
33707,16.287826808294266
33708,12.869134367779754
33709,13.289019828155908
33710,14.238668782195784
33711,13.844384862952449
33712,15.808202032669561
33713,14.963855940871381
33714,11.387043099743146
33715,12.12730874063005
33716,11.645235603678538
33717,19.060023636824607
33718,12.372368725345996
33719,20.040156809118397
33720,12.422430440436935
33721,17.520256371479164
33722,12.68078979918918
33723,18.198960848866484
33724,20.83699374631832
33725,18.568352499454672
33726,12.948377234332447
33727,17.750701800182664
33728,16.631030835240427
33729,11.490062606914108
33730,17.635836970320305
33731,15.035863137696579
33732,18.4247308850466
33733,9.328948339896893
33734,12.049814286639018
33735,10.073401453738096
33736,14.492712700204205
33737,14.089390438776398
33738,7.441912875277904
33739,15.19401213874479
33740,13.778273066092458
33741,12.405039759651606
33742,17.51592040406699
33743,15.521329631612272
33744,16.006285110866617
33745,13.237797222145499
33746,12.07135409378868
33747,18.539400015400613
33748,16.545941937929015
33749,15.90222290055697
33750,17.591640990646063
33751,16.444186304800546
33752,14.334078443522804
33753,13.505435426786029
33754,10.38724591177261
33755,18.76256253510775
33756,12.172158965232525
33757,15.836803527784424
33758,15.597665502069853
33759,15.288792342043724
33760,17.14906011796182
33761,18.350964613202713
33762,15.319073153365895
33763,14.891530485106479
33764,18.553151847564767
33765,12.775495749811746
33766,11.448984418579252
33767,15.928912079789491
33768,15.347432186819825
33769,17.20769814869349
33770,13.141513636080195
33771,11.761514252687094
33772,14.93646613903345
33773,15.631934280417378
33774,14.681454916017781
33775,16.976395827191322
33776,13.07848718246744
33777,16.016923658436276
33778,13.61466233568524
33779,13.884075509744655
33780,18.940685305173734
33781,13.730217976692447
33782,16.479477334930493
33783,11.815854112523708
33784,13.9439869599359
33785,13.651056879914126
33786,17.42831269295503
33787,10.302454566764355
33788,17.867110847254672
33789,18.964567291667116
33790,13.597959243514744
33791,16.568931210544754
33792,19.593137895632644
33793,11.636269824291933
33794,14.871699250735684
33795,15.315088168812588
33796,12.577489431308383
33797,9.619585326110329
33798,10.205507622581607
33799,11.254035118516455
33800,9.325530065871302
33801,16.628580399359624
33802,19.702617950248396
33803,17.634326063955612
33804,13.572685273008318
33805,20.497012642308615
33806,7.461383860420972
33807,16.300109764940107
33808,17.095196045442684
33809,16.403601449784013
33810,17.239556628897184
33811,14.04451143641866
33812,15.26757899734927
33813,12.47680965467454
33814,15.510685680190868
33815,14.69637087802631
33816,13.237396960452458
33817,17.410311705859577
33818,16.275866776942422
33819,17.071101310127638
33820,16.925898506159264
33821,20.64502629476907
33822,17.250495308512637
33823,17.743506792407675
33824,19.368927597146556
33825,14.566625313787227
33826,10.859657198845676
33827,16.400465705913177
33828,12.713496378573696
33829,11.991996899316327
33830,9.705565602547855
33831,19.3080464035703
33832,13.685948976952195
33833,15.904244412701852
33834,14.23804845854946
33835,18.209322983278717
33836,14.38545750106116
33837,14.294450706884719
33838,16.21575394392931
33839,15.545806978486821
33840,12.374131449630902
33841,15.84298080446457
33842,15.743165085837845
33843,19.213091693095357
33844,18.453852228058363
33845,14.533414166530257
33846,22.912158366049354
33847,12.26298504329597
33848,13.970181033602564
33849,14.453767590077586
33850,21.52646214315009
33851,10.315507849781287
33852,17.009961141429073
33853,17.061120903221887
33854,18.23353382137853
33855,14.490920378661
33856,15.420687385188106
33857,15.0992078897711
33858,11.810191849197878
33859,17.9763558272643
33860,16.433857881281746
33861,17.690922516533288
33862,12.676118169345365
33863,13.939824759843667
33864,18.148847203702246
33865,14.71992891689344
33866,14.224279021851357
33867,17.470909474565218
33868,15.507117050016486
33869,11.251973180575055
33870,18.16224425760624
33871,12.798428441002356
33872,20.653344496779866
33873,16.121706322296845
33874,13.532221675804038
33875,14.4436056248726
33876,12.788093901603265
33877,12.560926685782245
33878,13.875247335242898
33879,9.20683945693078
33880,15.936051084111707
33881,11.43965729579488
33882,20.9328089643487
33883,11.56832652819908
33884,11.996233625807356
33885,18.341477543097437
33886,19.96823047928357
33887,17.96177662662283
33888,15.868111375639202
33889,10.190388294017128
33890,17.387259559740247
33891,13.751323076076194
33892,20.30533367563821
33893,18.144517737803696
33894,19.939025161954465
33895,12.83611328795633
33896,10.374837148097267
33897,17.14287409940945
33898,15.03120096513888
33899,16.931909101818476
33900,19.73532799407058
33901,17.712839100719197
33902,17.006295820343023
33903,21.83161962198566
33904,7.69059602989302
33905,5.622772023810745
33906,13.210371624965987
33907,18.816020474831195
33908,16.253753585721626
33909,13.021925167722433
33910,10.027759415714693
33911,8.9342241290448
33912,18.27936933417875
33913,16.62033156627319
33914,14.8630825981711
33915,14.436622757831596
33916,9.26893968007581
33917,12.580746722732629
33918,16.578984277335387
33919,16.574526087290973
33920,14.348772313069922
33921,15.87875147128553
33922,15.027709823985061
33923,15.501249556209721
33924,13.61575428299578
33925,17.79337088818337
33926,19.38227229790273
33927,9.828967159956601
33928,13.567738734825346
33929,15.985373153824943
33930,12.183520255931063
33931,18.405844902578533
33932,13.658612299182181
33933,11.797654561842823
33934,14.67016569409071
33935,22.640823753667085
33936,12.097196850069883
33937,9.38080741188783
33938,10.940387985903865
33939,10.475430902091565
33940,17.579998150131225
33941,16.11695381185588
33942,14.513782969824032
33943,17.204013079432553
33944,16.953376833792422
33945,11.724402990462256
33946,20.04112353907768
33947,22.538407906652985
33948,14.08598895206066
33949,16.316783459579288
33950,20.05202939984524
33951,15.377747746637697
33952,23.992185616372836
33953,20.4116326397584
33954,14.993638407905248
33955,19.537844820413245
33956,13.425508818746033
33957,21.21597047505847
33958,20.43932886090613
33959,14.950372847458485
33960,10.861048564262173
33961,14.817017830244666
33962,16.081876315701482
33963,13.251703583867226
33964,14.778427656388082
33965,21.691068773279802
33966,14.498531109906303
33967,15.555779669111791
33968,17.52696082163667
33969,10.252823381086287
33970,12.602174411062247
33971,16.207043020433744
33972,20.639710048917063
33973,18.418775344384855
33974,15.34096598181177
33975,15.028593984240134
33976,10.127603506190736
33977,17.276343623783617
33978,20.063229455086777
33979,18.25642380342857
33980,14.073307726947167
33981,14.219262305373423
33982,14.739646824624124
33983,12.513097964278696
33984,15.3948593964497
33985,12.367396162546909
33986,19.70644656044166
33987,10.997930856835822
33988,17.576451620470785
33989,12.358855814634879
33990,15.732167015858916
33991,14.212757397245634
33992,12.133275155493454
33993,15.648782715652771
33994,20.676559717558753
33995,20.253559091740154
33996,15.502074641266606
33997,15.644041247185859
33998,22.32549175831282
33999,9.090252629060656
34000,17.553479564911655
34001,11.859029208276661
34002,15.579205150461572
34003,16.080303660872524
34004,19.568789089389178
34005,14.110419707173602
34006,17.767085293153162
34007,12.040713394075391
34008,15.826299301521523
34009,16.190179200276024
34010,13.118876956973304
34011,18.21269259678495
34012,12.58470862931828
34013,16.743946908191486
34014,15.72693447911092
34015,11.933881434531628
34016,12.26357476076963
34017,15.071332475892232
34018,14.92362406709519
34019,9.890678173269784
34020,19.247595599908863
34021,22.669989331031854
34022,16.113222633439964
34023,12.336743162182874
34024,13.41894749735319
34025,11.783068896116191
34026,17.883831907438545
34027,19.44974679335408
34028,17.22227446337668
34029,15.570814935702806
34030,19.012815077675384
34031,9.127114561498278
34032,18.626328862905947
34033,19.522923482369055
34034,16.88454765161353
34035,20.212084543425426
34036,17.45124251032014
34037,14.351121930613415
34038,11.101231784640994
34039,14.970602011102555
34040,19.205420451789678
34041,8.449440491310767
34042,13.43716213646371
34043,10.441463697061556
34044,10.750229279841374
34045,15.83214813859165
34046,13.70174924285167
34047,16.19859842940391
34048,16.32422542172596
34049,14.578421926418779
34050,11.698456461525122
34051,13.748770718238031
34052,11.582966718145183
34053,13.743887295468241
34054,20.54666637397024
34055,11.305403303457563
34056,18.86266720232271
34057,13.167475118504875
34058,20.898335757462
34059,17.251967900120892
34060,16.535798650695096
34061,18.078698345013912
34062,9.451023845311422
34063,21.20027564385024
34064,15.616615347938842
34065,12.620617695158028
34066,8.200972165298218
34067,17.47515405419876
34068,9.899285876075474
34069,19.658596394091443
34070,17.087757638912272
34071,19.198158704310085
34072,16.72737153126022
34073,12.101886952710299
34074,14.24979465953259
34075,15.452681186801128
34076,16.499625768738287
34077,11.405449484115563
34078,14.132721995199919
34079,16.67765824858468
34080,18.55717279406054
34081,12.905847444348856
34082,14.544763799195655
34083,16.493791640718044
34084,14.31185861330032
34085,20.020508595906556
34086,19.860576856736195
34087,15.918045935635021
34088,16.430858116094708
34089,14.826163634348593
34090,19.946235229653247
34091,12.50302293141635
34092,16.668924839801395
34093,10.785686765271425
34094,11.201242577289625
34095,11.042959897494402
34096,16.93050485159091
34097,18.21367569971244
34098,17.44309549061309
34099,14.466290466180384
34100,16.363930010426383
34101,16.908889596970862
34102,16.194853005775702
34103,14.978847553879328
34104,19.28768459290329
34105,16.443739576486518
34106,18.21512140787863
34107,16.268908987772633
34108,17.297279540904345
34109,14.254332667745809
34110,13.81039622852833
34111,13.783273793365275
34112,14.37512496134747
34113,13.54712546055946
34114,21.031719721771356
34115,16.355813631725024
34116,17.824426953467913
34117,10.840394538241057
34118,15.594695951616828
34119,12.16725621717972
34120,15.217782253822424
34121,18.456492795088256
34122,15.702613381762554
34123,17.97250818306078
34124,11.778992357583903
34125,16.953887544246008
34126,15.60889144000243
34127,6.751081153844726
34128,19.35565547219244
34129,19.490067043511118
34130,17.14097653341233
34131,12.088861556115088
34132,6.210590274860248
34133,15.951431745094956
34134,15.349516871353991
34135,12.337291704533419
34136,16.9890673258504
34137,17.162962803706808
34138,14.972572643595765
34139,15.894849288742648
34140,13.517729612839522
34141,13.055866572988272
34142,13.401365674508728
34143,12.242228738192487
34144,12.368059675130805
34145,14.39879140926642
34146,15.5069436703612
34147,18.700079572855195
34148,17.48564339219427
34149,11.210262457372615
34150,10.744653870062068
34151,14.942627267990748
34152,14.28040288702033
34153,18.55856121638365
34154,16.530324911653526
34155,15.560990560942296
34156,11.801542706411496
34157,17.943059304359895
34158,12.905341789310615
34159,16.068965638890255
34160,11.242867307397988
34161,18.590870376832893
34162,19.47946671437842
34163,14.071444693806324
34164,14.90010467739107
34165,20.219303048188713
34166,15.051720317031101
34167,13.428675457414737
34168,14.869297586202931
34169,14.073415389597702
34170,12.657869176911273
34171,10.707196248233728
34172,14.692810604897423
34173,11.883923020794604
34174,11.92589310736684
34175,19.921554866307496
34176,18.615016697009658
34177,15.079435158402223
34178,18.741726294785924
34179,16.25995527252669
34180,15.750055581769608
34181,13.137648923385811
34182,14.321767419843772
34183,11.106111215751236
34184,17.398102016307817
34185,15.225046747187264
34186,13.663681306090293
34187,13.213264748593343
34188,12.584129206122519
34189,19.357494135703806
34190,14.213163948790061
34191,19.904341001789266
34192,16.220984784495773
34193,21.256675963512922
34194,15.150948627133545
34195,17.028103801122032
34196,16.903416090208257
34197,18.187266045556584
34198,17.71592264267146
34199,16.29672412437537
34200,16.779824826811666
34201,12.784785331901524
34202,15.302600291432666
34203,20.583039909373184
34204,11.910801213258708
34205,15.70134672198825
34206,21.122415819682175
34207,10.86659805154975
34208,17.138609616792664
34209,10.481133747563849
34210,9.161373483881896
34211,15.619898774859026
34212,10.628364398342185
34213,14.530692267055915
34214,18.63942298620813
34215,18.1274213626922
34216,15.083050279932497
34217,18.183464126688833
34218,16.062797352632202
34219,16.8998331339931
34220,14.162041296546198
34221,19.692538791224912
34222,17.273775211045347
34223,16.178667311156076
34224,14.863148813433536
34225,18.096761245399264
34226,15.184061624084507
34227,14.872951242310686
34228,17.27203632756045
34229,7.990672556341123
34230,15.383743742789887
34231,12.51412344619573
34232,16.77833906822208
34233,14.057934725655697
34234,14.514781246807708
34235,16.61052806514591
34236,16.019819562992037
34237,20.464994477212578
34238,16.87551951812391
34239,15.635900871081795
34240,21.354426536612085
34241,18.790283493490612
34242,14.27059672208346
34243,13.641323584850731
34244,15.173841070582991
34245,17.752115840963285
34246,14.938662050651274
34247,18.204993104261277
34248,15.116856737472594
34249,11.026827466717714
34250,14.285385544034284
34251,14.436658885975296
34252,14.315975219052007
34253,13.766038038705492
34254,16.943711165524192
34255,18.13621932156231
34256,18.137260180705407
34257,15.681716786332325
34258,17.084411377260434
34259,11.577336755849435
34260,12.414922400507773
34261,20.000485858765412
34262,13.073195233691825
34263,14.861698507150045
34264,12.871537965761435
34265,13.866577402991268
34266,20.02173097515065
34267,13.799771296963549
34268,17.64273442889236
34269,13.685057311258516
34270,14.530970541198498
34271,15.874101555444785
34272,17.602018737281902
34273,13.32353265331507
34274,14.70962715581678
34275,10.18878068266076
34276,19.776388620743354
34277,15.76681234851994
34278,14.013264850177555
34279,13.68996316673286
34280,15.860831560645579
34281,17.48415385955308
34282,17.249477468006173
34283,15.546091207862942
34284,12.274796964932554
34285,18.108042012240126
34286,18.523791289700505
34287,12.088856311475583
34288,17.375206527543632
34289,14.444800730781179
34290,14.278888281770442
34291,14.68769586259777
34292,19.624245750400775
34293,13.403019594862329
34294,13.057257374366339
34295,11.725960919723784
34296,17.752527031361375
34297,9.099839897723706
34298,18.65586806098088
34299,10.505216418988713
34300,9.447209714707462
34301,16.673632177749248
34302,13.603905840923035
34303,11.417516046084518
34304,18.935737032088177
34305,13.072669092705691
34306,15.991917867829414
34307,18.94698378004106
34308,10.722015334928686
34309,14.906166226389821
34310,15.17150088941427
34311,17.03791712198817
34312,15.158221601350332
34313,7.992396599255919
34314,11.45284690696546
34315,15.11130880793246
34316,14.046279043987973
34317,17.731885586163923
34318,15.367120528390334
34319,15.207403924817989
34320,16.064939363778294
34321,19.341422711223732
34322,17.37227147217539
34323,18.150148721621147
34324,16.0059082898948
34325,18.130270313105427
34326,16.262296057463406
34327,10.127139748086629
34328,14.846606595266753
34329,17.907885902268532
34330,10.93361173511267
34331,17.239124836640098
34332,12.695325285483129
34333,14.657661395555557
34334,17.59314797601375
34335,10.215562108133254
34336,15.292801251723297
34337,17.556964818396263
34338,13.779889302008579
34339,13.845952832550008
34340,12.298278077957667
34341,18.330762924010322
34342,13.820192748245276
34343,11.11895460881084
34344,13.39931727473977
34345,11.815391610980562
34346,12.575386574294662
34347,15.107041909983698
34348,14.534858177193446
34349,18.835474580303384
34350,12.634953476998845
34351,11.4697778240756
34352,18.191827473059927
34353,19.263613722351778
34354,16.636290737286576
34355,18.541821741906375
34356,12.780185295525015
34357,13.97066075208599
34358,17.283197577564255
34359,17.353116209652008
34360,13.888291964774297
34361,13.120571683117154
34362,9.626822424709067
34363,10.941098200332846
34364,15.4459717772004
34365,14.8315078468619
34366,18.281074460576924
34367,16.711277251799025
34368,11.743320560046946
34369,14.333078650657566
34370,13.250203217507652
34371,18.347214293146536
34372,22.476205177234476
34373,16.985122686555215
34374,17.716157659749975
34375,17.959565408741067
34376,18.906705824667675
34377,18.1459562011814
34378,20.61243361127472
34379,10.558304409125594
34380,21.393918573124246
34381,12.847333089864122
34382,11.378916571961078
34383,12.44237109513723
34384,12.567832011245855
34385,15.618408572592973
34386,10.698052056438364
34387,17.141398734252682
34388,18.35493476069542
34389,13.664709115792773
34390,15.716122494574515
34391,17.256954107059855
34392,15.242121844047247
34393,12.880658158445105
34394,14.485630958783158
34395,15.323895144746452
34396,18.110313157208015
34397,19.314718218499557
34398,15.294423246602046
34399,16.093307548989905
34400,14.864377552950597
34401,21.175714117169996
34402,20.285025136771367
34403,14.955097691148929
34404,19.338642299207862
34405,12.779485655673366
34406,16.548865150713215
34407,10.21813884065596
34408,7.828996267149379
34409,18.42702255158042
34410,15.825412320655648
34411,10.115526077262572
34412,15.470571512410357
34413,15.839863667376196
34414,10.533139184088819
34415,12.506347248025296
34416,12.837505688005955
34417,21.625916760060896
34418,10.868337827111715
34419,14.169913580109629
34420,14.061402353031005
34421,21.46873012154449
34422,16.418511569402607
34423,13.579913942955578
34424,17.87036298082307
34425,8.080363593893786
34426,16.54143702371782
34427,10.500722881634735
34428,13.13471685518639
34429,17.437735570990984
34430,4.570532633088442
34431,12.940856477046818
34432,22.363265874555204
34433,10.347769508327985
34434,8.12163375869619
34435,13.455984368206261
34436,20.01723410507326
34437,19.353832437976024
34438,15.513072428746751
34439,11.043564537939844
34440,15.466168694739851
34441,15.188794896440148
34442,17.233619175938212
34443,14.291656984588727
34444,12.70482592008399
34445,12.90514664936238
34446,14.570932986863536
34447,11.868839202768708
34448,12.077803481123764
34449,8.997256544909765
34450,13.91017801411185
34451,15.110791049901719
34452,14.995187148675443
34453,18.26109687861095
34454,15.145529796696982
34455,5.439482710100021
34456,15.6570654550775
34457,12.304743302509355
34458,18.19141748273085
34459,10.112517933955203
34460,10.807194291761135
34461,13.600160889684576
34462,16.505247857911716
34463,16.234797038210036
34464,18.136247772513883
34465,17.014445780712496
34466,15.302150372366125
34467,19.465376215794926
34468,13.116012046709436
34469,18.076212085033703
34470,13.81664970762924
34471,18.57687233748405
34472,14.845446361011996
34473,10.205922851985232
34474,14.67038900665944
34475,13.318715758961932
34476,14.58407418775361
34477,15.249088482546643
34478,13.275378269816738
34479,13.370725644077401
34480,17.179584540199986
34481,20.052488098233034
34482,14.255434495086199
34483,18.17360892423659
34484,23.692267672690456
34485,13.384853490187592
34486,15.267752679863486
34487,17.712566218489
34488,13.986256123852488
34489,17.10754749416836
34490,20.21835342553225
34491,12.364555776720838
34492,16.679159166617275
34493,19.320019591792047
34494,14.41671181602165
34495,17.613438064220656
34496,14.525712172711554
34497,19.093536158554187
34498,20.196086753213322
34499,20.038238724930416
34500,16.02262279185298
34501,18.528964958136363
34502,13.959158066815279
34503,13.070583059288062
34504,13.40176520779038
34505,16.05721697721032
34506,20.026886688048556
34507,15.417459376455286
34508,11.790882694483486
34509,12.80556554559876
34510,20.205710406102344
34511,9.377305975187488
34512,12.250132498106398
34513,15.92494315178567
34514,15.192727471326027
34515,20.05530454107401
34516,14.394946530762777
34517,18.00069326943035
34518,14.101423067116869
34519,12.011307915681215
34520,11.451130544374626
34521,14.475079691637607
34522,13.722307672597086
34523,16.27617120295182
34524,21.690300258625562
34525,20.535794892835412
34526,11.740895349168063
34527,16.34990765019988
34528,15.612196339238102
34529,19.074414598354988
34530,13.850188164970639
34531,19.857004473820446
34532,14.878852645643862
34533,16.29917347682529
34534,13.334558581436436
34535,15.687630005931911
34536,19.425715909895047
34537,18.893190567647046
34538,17.683780461192363
34539,12.792682309556428
34540,14.559906254308755
34541,16.964390028378443
34542,9.085541462229578
34543,14.307140180870906
34544,13.650888115702955
34545,16.89036527502917
34546,14.708311453400597
34547,12.185067215963661
34548,15.226256112758803
34549,19.698176594821554
34550,11.162970674937192
34551,12.126016410588157
34552,11.245562814551121
34553,15.25598424965159
34554,21.706903319631458
34555,15.322989729169684
34556,17.065599337342217
34557,12.3376929634966
34558,19.703271941831147
34559,15.70417847551871
34560,21.157471714838174
34561,21.402223802546096
34562,11.165190967837635
34563,11.4206387429127
34564,16.65426758784275
34565,16.552712171241893
34566,16.633667528628667
34567,14.320724097332738
34568,19.398184971669934
34569,11.550895660299876
34570,12.812508543718593
34571,17.276264791264747
34572,19.79188041606242
34573,14.302049046865076
34574,13.634999931322254
34575,20.760364916999
34576,17.495311451851233
34577,16.180443465526057
34578,11.932221376614448
34579,20.15710145819596
34580,13.161864268736295
34581,16.424267527959636
34582,16.05466311448298
34583,21.934935635943134
34584,15.068175335087162
34585,11.212224383946868
34586,17.83693550923966
34587,11.64741040569804
34588,14.435206266222075
34589,20.340477692328406
34590,14.000770846287768
34591,10.515591445060323
34592,18.55808159427752
34593,15.728428590335096
34594,16.91915587848179
34595,16.90946472346091
34596,17.25484398526865
34597,17.3547515046465
34598,15.037347237861638
34599,24.59703991982415
34600,16.726134298048876
34601,12.696460944077069
34602,12.085304644934672
34603,15.492484275503772
34604,17.221471873888333
34605,10.859501254220636
34606,15.44057994333117
34607,13.241093551192733
34608,20.868235859488703
34609,9.675353544970019
34610,15.952686072106342
34611,17.582824933322023
34612,8.797659276438747
34613,14.617546956922604
34614,18.137184395417435
34615,14.724926623989269
34616,9.828692165099183
34617,8.205574077440014
34618,14.607766888135487
34619,13.974131218976371
34620,17.452219881100206
34621,20.106574333769366
34622,18.07185321178538
34623,16.43466704654141
34624,15.060989876860477
34625,16.087725125432392
34626,14.41173149520066
34627,17.45419019539588
34628,18.6335323981194
34629,11.51432785006393
34630,12.300971740008443
34631,20.117710516664722
34632,19.16797708745005
34633,18.68771944511071
34634,17.949851583751876
34635,17.215971511172118
34636,18.900260262109523
34637,11.64318033895863
34638,15.276243612090346
34639,17.132700173255103
34640,17.06412977858592
34641,16.22826527917526
34642,15.509901459089265
34643,22.254162366389114
34644,17.491184935995573
34645,20.05659332131384
34646,13.665635531583527
34647,12.847511905997768
34648,16.43325390911992
34649,10.748778523728912
34650,18.148098318724195
34651,14.806278324886854
34652,11.801346237114222
34653,14.943542792287587
34654,19.640709804695902
34655,10.089929286540041
34656,16.2524098224249
34657,22.63534364237538
34658,20.675208907037362
34659,12.497524900265685
34660,21.63258679950582
34661,20.648690575412925
34662,15.904038684983048
34663,20.202429821231384
34664,13.20577477420559
34665,15.743667623858029
34666,16.97332064230045
34667,16.486699002981112
34668,15.043794918003986
34669,15.26436589190396
34670,13.790703525191756
34671,15.608275680164823
34672,15.678412555584014
34673,18.400213546460826
34674,9.066383324894195
34675,15.88433594798816
34676,19.22085208018708
34677,20.125975700050795
34678,17.540678883002155
34679,11.403242805047281
34680,19.86332642689887
34681,11.939612746717788
34682,11.286243161827981
34683,9.41703916065813
34684,19.209882477464095
34685,11.244006422487745
34686,19.489518741679696
34687,20.716339652467987
34688,12.929758639269222
34689,12.372163821684472
34690,11.736406076724887
34691,14.506232195301287
34692,17.17826189490256
34693,15.24874328247412
34694,18.42727206495309
34695,15.256851513361095
34696,19.522847945079683
34697,12.55215892146125
34698,11.91643594021169
34699,10.193476914440996
34700,14.064040820366554
34701,12.416595276504086
34702,18.27144717215957
34703,15.012819560724122
34704,18.225333650782506
34705,11.846199458083216
34706,14.016477096919196
34707,17.571238125929487
34708,13.079738005808714
34709,12.921321939968946
34710,14.717602411807812
34711,16.513869782306696
34712,16.631491645187538
34713,14.610341042415849
34714,15.480372465808644
34715,18.752151289850453
34716,21.87693023427468
34717,10.820379194759774
34718,17.26483246517477
34719,9.913589978325904
34720,17.99409985102538
34721,12.186178252213821
34722,13.16178750934757
34723,17.12682551990562
34724,9.476702900812615
34725,15.580962784865577
34726,9.918085647857875
34727,19.588631773449755
34728,9.185341291776338
34729,14.903698018784766
34730,16.688967272268922
34731,17.633360789306828
34732,15.391454121446731
34733,11.76964227581764
34734,14.125103236881698
34735,13.248279267881921
34736,17.342462951078662
34737,18.326173380524203
34738,9.679392866627431
34739,17.609352564767715
34740,14.049277815028667
34741,11.089806811245964
34742,16.98155095722516
34743,13.685054576892297
34744,11.420446097424676
34745,18.572767284962776
34746,8.493828883394531
34747,17.81980892645914
34748,13.634862364913149
34749,13.622187520414858
34750,19.074945815385977
34751,17.782261724531345
34752,14.017735964845862
34753,10.952801879114244
34754,16.840704448039233
34755,14.56496709054722
34756,14.177118237385281
34757,15.217165365455212
34758,13.012165502826413
34759,12.677606733619243
34760,16.530649918962148
34761,10.49197125660062
34762,18.186523298383566
34763,16.771113348388802
34764,12.843688264837233
34765,9.974972465617213
34766,17.892321927344792
34767,14.883982942497664
34768,16.90023324693249
34769,17.441952806308517
34770,19.017544484487406
34771,17.757754490957673
34772,18.04067265256208
34773,13.40745071066274
34774,17.192474995050492
34775,14.728051260806462
34776,17.888358891796596
34777,18.361976434494437
34778,14.907102403188498
34779,12.613097511966254
34780,6.403968032126031
34781,16.430420171912452
34782,6.007567508430853
34783,16.512151463658775
34784,18.676594221432374
34785,18.53605103228619
34786,16.644915085477592
34787,17.875663367652713
34788,11.49632523284701
34789,16.78897266739269
34790,18.724526941824827
34791,16.860790348642972
34792,14.573206722279176
34793,19.128149060967104
34794,14.885669296930459
34795,13.190791166490701
34796,10.959346379808503
34797,18.583387513134426
34798,13.08621557036676
34799,9.513530649591553
34800,16.97113074343861
34801,10.73148718620956
34802,18.361082017621904
34803,18.63090514174886
34804,16.945723190834485
34805,15.821843663476198
34806,17.075619211748712
34807,20.52979642787431
34808,14.079149127179699
34809,20.27144289289656
34810,14.715924816953702
34811,15.691939362262776
34812,10.662755441855104
34813,13.171102281121172
34814,19.145551003425595
34815,15.44995416102467
34816,14.498139002174756
34817,16.63064744087683
34818,14.608728346907844
34819,15.569050915952678
34820,14.240204625285514
34821,19.347617055987765
34822,13.207580961962602
34823,9.192511596441731
34824,15.66321228663635
34825,15.305466699706603
34826,12.541103527329806
34827,16.2936578445123
34828,17.876784971845947
34829,18.463571859615563
34830,15.084844119443536
34831,13.419076814682212
34832,16.727682038435407
34833,18.95202733176147
34834,14.372833059582668
34835,20.893004558679596
34836,17.681683889929076
34837,14.065008138046409
34838,11.359371985459369
34839,14.776172863601673
34840,18.226824398163465
34841,13.374093100517653
34842,10.732745534422344
34843,16.108142299609753
34844,16.09113442486194
34845,20.459812239551795
34846,15.433339528469462
34847,18.43267684049075
34848,13.347631136054915
34849,15.943164461686854
34850,12.7679257397313
34851,17.717531339840097
34852,16.969729941523198
34853,17.974551244872934
34854,16.792836418280096
34855,16.067078647240383
34856,13.178117559416702
34857,11.037994016215375
34858,16.088488815123235
34859,13.185385021683512
34860,20.025211331111457
34861,18.089042569367997
34862,15.092361507353107
34863,14.390717525245792
34864,15.647389709080299
34865,20.57413884280897
34866,15.297748133803005
34867,15.373375530323962
34868,19.128708033742235
34869,14.10582353042632
34870,20.5374481069249
34871,14.749388805213076
34872,10.63032760979846
34873,13.750679519657721
34874,14.376146811951914
34875,17.764347970751608
34876,16.029437846327657
34877,19.89094087285128
34878,15.429489097033303
34879,25.331001583852384
34880,16.126688356830417
34881,14.685766043397052
34882,18.57624662091986
34883,11.452606916287943
34884,10.970282183955248
34885,16.441083959508585
34886,15.955515739292588
34887,14.645391425589434
34888,17.943644040058686
34889,14.494494130910887
34890,16.03672589281141
34891,16.630190868544187
34892,8.753462106838493
34893,14.25374511256363
34894,19.299458444225156
34895,18.077743766672246
34896,16.385217502276255
34897,10.724126052413965
34898,13.180932321047823
34899,17.938128928526236
34900,16.676563027128328
34901,17.82630506846064
34902,15.263003841280506
34903,12.48836154363049
34904,21.87896103206645
34905,7.637360038508097
34906,13.82406843651328
34907,10.804647020966534
34908,15.150046996949898
34909,15.580074642259044
34910,16.453010109176
34911,18.379011127033472
34912,20.31144066785566
34913,12.791412439691948
34914,20.161373889570147
34915,18.24921677052609
34916,18.66423893686272
34917,19.776870322049895
34918,19.394659486798783
34919,13.231319660910106
34920,13.653373422118836
34921,17.615085382443525
34922,12.364454723104032
34923,14.851585840988804
34924,15.643002777648706
34925,19.97069569296574
34926,10.119363522681578
34927,15.458707787984654
34928,11.893152386121026
34929,12.56812218149721
34930,18.7150828345048
34931,13.9832493955426
34932,9.274458108487604
34933,8.200023908289293
34934,12.006004622144568
34935,14.954753980774884
34936,16.71755103919526
34937,16.889659530391096
34938,11.038446109018995
34939,17.687595126132617
34940,14.82343423883793
34941,17.476206855230977
34942,11.46089155572501
34943,11.09561218672217
34944,14.267817435295505
34945,16.793648944357926
34946,15.553382257518004
34947,18.149347674517546
34948,15.31060442134958
34949,18.691906843263226
34950,12.882067758976
34951,20.611957271859065
34952,12.469625445450319
34953,13.947675475100013
34954,16.64772681901531
34955,9.061182767919998
34956,13.600577127557939
34957,17.648061809762805
34958,20.848211873797087
34959,11.995398187705597
34960,10.29113014284782
34961,14.371909295309097
34962,12.970420276982901
34963,14.024385883845776
34964,17.055152956108824
34965,9.918939177641247
34966,15.145581460557644
34967,14.546132124037161
34968,11.397852648924864
34969,19.075754092830152
34970,17.884208593529003
34971,13.667353621306653
34972,15.207995066359137
34973,13.423761793314359
34974,16.950237314668392
34975,19.941018171314134
34976,12.16325590094895
34977,8.82688376811149
34978,14.314685196362094
34979,17.61814459549522
34980,20.9426657153434
34981,9.47158450139787
34982,15.489644316431718
34983,16.939971172719716
34984,14.585282648425615
34985,17.522488510789955
34986,20.435120777009452
34987,16.17439249926905
34988,13.307742463481523
34989,18.743196087189926
34990,10.999207900097108
34991,18.95718601461058
34992,15.204970047237378
34993,15.833867619032658
34994,11.078184062502665
34995,18.31169274430482
34996,12.844945237601621
34997,9.605956212699393
34998,15.258762629059131
34999,18.24823639955716
35000,14.702829431625432
35001,17.07932802119112
35002,16.327133342399804
35003,16.11217525714034
35004,16.921346462164053
35005,14.80424107367495
35006,6.41025673523108
35007,13.402202017759452
35008,12.140630073560494
35009,17.67859181845878
35010,17.226832058196063
35011,13.994161802333318
35012,13.553890112205407
35013,13.550294478312074
35014,12.309089719715198
35015,12.455633082384828
35016,16.818466794424207
35017,13.571346768918833
35018,14.082859935675751
35019,15.635822213102227
35020,17.785930363266665
35021,16.571999371165795
35022,19.481392183780194
35023,18.62974165197715
35024,12.675713015736157
35025,11.8977717323986
35026,15.299782146304477
35027,12.619798050387448
35028,19.4405963556577
35029,16.409156615444193
35030,16.835012897875693
35031,16.78531085247997
35032,19.89979339992552
35033,15.982730998397557
35034,17.99412080291303
35035,14.99659192577006
35036,18.347435709892363
35037,16.960040177311654
35038,16.65879694859693
35039,16.299623407328415
35040,14.181928036654003
35041,19.110943765663812
35042,17.98417743436269
35043,14.577560173756238
35044,9.02690339947804
35045,19.90647293337529
35046,15.38662541917502
35047,12.914218928813204
35048,14.440058708078299
35049,18.68359950639851
35050,11.359746727398829
35051,16.473502409505187
35052,17.113804088943553
35053,9.866524645543855
35054,15.714273455538557
35055,10.833774477276913
35056,16.950518915054992
35057,18.437331496927797
35058,17.29845518310874
35059,16.22673256654091
35060,18.035947150497925
35061,11.535172521145853
35062,16.842394426334728
35063,19.768135293352874
35064,22.01597012431543
35065,12.516299567994981
35066,15.70175059345228
35067,8.834110831315385
35068,12.457191547560763
35069,15.97323699506683
35070,14.955508563413417
35071,17.327452902904493
35072,11.059525480896275
35073,9.4350931132146
35074,15.943306368588296
35075,16.74506946040575
35076,17.544565725425098
35077,19.165385415109277
35078,13.121510700385183
35079,14.58883746662775
35080,16.27954571184854
35081,20.283099518067942
35082,16.49942031611351
35083,19.616341230680906
35084,13.880197507370475
35085,14.315324309833942
35086,12.086439813557433
35087,19.970120211509464
35088,16.472184102538748
35089,12.498390550234632
35090,15.453374174037767
35091,13.00418199618473
35092,19.624783103782253
35093,9.927376234950753
35094,16.45408538429013
35095,19.2802610282922
35096,12.515041285269643
35097,13.61680081480405
35098,9.75593820505095
35099,17.03897857890101
35100,19.108892160690836
35101,16.690383779513034
35102,14.692928209648842
35103,14.218980034165481
35104,19.959556364092002
35105,18.556201348076062
35106,13.135500057637813
35107,17.902213636512307
35108,14.579878204156309
35109,12.256091175317195
35110,16.5702596243028
35111,19.685019982498137
35112,17.374638536453055
35113,14.44843631916841
35114,16.606801528485448
35115,18.536270097095112
35116,10.959223806354231
35117,14.193156784259024
35118,22.469572369765814
35119,14.091268044120897
35120,16.51892385360712
35121,21.465338343124124
35122,21.690298745184528
35123,13.675501931928748
35124,14.863609933405838
35125,10.510596981834386
35126,12.770581724592525
35127,14.278298057366296
35128,15.819219093903602
35129,16.55132637086336
35130,10.530872960997723
35131,16.510700762705163
35132,13.713691704672712
35133,16.34661972079303
35134,21.959492098417005
35135,12.839032335463209
35136,20.081968638549732
35137,14.622639966215011
35138,15.46804123127557
35139,15.910882469033998
35140,17.67478851607887
35141,12.216613906964056
35142,17.56379126228567
35143,15.080300791103316
35144,16.332485460791403
35145,11.890336579735319
35146,13.698613647519092
35147,16.227629947062617
35148,19.454050859683818
35149,17.912576208273286
35150,16.449003097707447
35151,16.41082038951627
35152,11.526052411579975
35153,18.871470030089377
35154,13.15656447716694
35155,16.762984919857708
35156,19.50496935119098
35157,10.933242279196357
35158,11.136698934924581
35159,16.513632684789776
35160,11.534595364125707
35161,15.666398033119417
35162,11.748666928221255
35163,11.535730504173339
35164,21.53622155479823
35165,14.356211763092835
35166,8.190333551031095
35167,9.314688895223728
35168,19.26880874331356
35169,8.66355812101266
35170,19.690402911566583
35171,14.186248119056902
35172,18.595945435916402
35173,20.887148088016183
35174,14.707338181191322
35175,17.20900537259153
35176,17.958772905140865
35177,12.383944901333996
35178,22.053723218474836
35179,18.44680073327233
35180,11.78078705472067
35181,12.71427508307167
35182,16.85777709264197
35183,9.776669575658373
35184,16.11371488597913
35185,13.73153238643708
35186,18.4273033957922
35187,18.632320974654615
35188,17.505711013143156
35189,14.354922745568182
35190,16.909334195326615
35191,14.581817626780316
35192,13.077401163768048
35193,21.080966381190283
35194,18.576495278576736
35195,12.123239455543851
35196,13.42957744333513
35197,14.28866841055765
35198,13.554230225996019
35199,11.635346123396364
35200,14.364259156859971
35201,16.640599396471522
35202,21.082403997555183
35203,18.151618990294054
35204,15.795552398893548
35205,11.789100769893192
35206,20.321741120091772
35207,15.890339226936758
35208,12.702544111010736
35209,13.068640835761329
35210,17.731872601631544
35211,15.0697026876715
35212,16.573787462480524
35213,11.782914105455621
35214,20.47153830204234
35215,15.346873252672088
35216,16.35265307001709
35217,12.003737590363249
35218,14.01978404970129
35219,17.59599166187537
35220,14.113564002809918
35221,12.594712267992389
35222,18.865624077094942
35223,12.78256828387181
35224,18.48912201876859
35225,12.560012537978409
35226,19.109205864178
35227,18.673295767420374
35228,15.913953165670796
35229,19.119801801122257
35230,12.441735870828502
35231,13.6398446011139
35232,14.349039130377278
35233,14.97020334490699
35234,17.733170180775748
35235,16.97483680706589
35236,14.053454492173358
35237,21.61152243462161
35238,16.369822301009503
35239,18.622662729578735
35240,13.272686457604937
35241,18.857887766868828
35242,14.853232986697392
35243,11.19959881195295
35244,15.436900650736138
35245,17.892888860894036
35246,20.056240443855366
35247,19.37445744766469
35248,10.291145256741963
35249,18.436333937367543
35250,8.587021106056978
35251,17.52671160417068
35252,12.673817025823343
35253,18.09433867183571
35254,16.243443416867873
35255,15.456411902417665
35256,13.526065351701861
35257,15.446742600439263
35258,19.348213352276325
35259,15.47543323262637
35260,15.864163362358406
35261,14.748561153124914
35262,11.709459253609273
35263,14.218049031407705
35264,13.657026516474907
35265,15.726323172376386
35266,14.487569401649274
35267,14.835176393856734
35268,15.736654813921328
35269,13.912386201015718
35270,12.40149087154502
35271,11.271925546993149
35272,13.08935964192131
35273,10.080948636997448
35274,15.355946919763024
35275,9.31421228143608
35276,19.598277204053446
35277,19.460850767666027
35278,18.89369553913292
35279,13.085964955231344
35280,13.670375244468525
35281,17.00025537403256
35282,18.38759875272677
35283,16.524158355068074
35284,9.435879507421241
35285,18.938463911537937
35286,13.484031898041758
35287,11.3044957426038
35288,17.759346554793552
35289,13.968857941682323
35290,11.855766269029079
35291,13.947330564108032
35292,20.235619047181274
35293,16.44540378412431
35294,21.881872074276945
35295,15.013812173165201
35296,13.279483721155135
35297,16.279783848299246
35298,19.930079281213256
35299,11.104079665840715
35300,16.433264376732573
35301,14.630943234388264
35302,17.91579618430581
35303,15.138246145519465
35304,18.125461330607912
35305,9.42403550997115
35306,20.93604334874106
35307,15.854149689795465
35308,17.830186140326575
35309,19.261369008595686
35310,13.864017186989473
35311,15.370249834657896
35312,13.385168080546482
35313,18.973589978833193
35314,13.535415740087442
35315,19.35447116369434
35316,18.968134171422648
35317,21.75251386099627
35318,13.712980140758098
35319,16.175874211842224
35320,14.136372589903406
35321,18.527432258303826
35322,14.586648182880857
35323,14.382017826057698
35324,11.04395982323128
35325,14.911138604147673
35326,19.29538341969818
35327,21.535528089715825
35328,16.259814894251818
35329,20.485159912655618
35330,13.918069218857593
35331,13.86899140643694
35332,18.85338029006102
35333,17.49943027852641
35334,16.524430802198538
35335,11.254635843127804
35336,21.472264766025127
35337,10.847883718751675
35338,15.183303716700642
35339,18.604289886407855
35340,10.703195524120556
35341,14.302709333610125
35342,20.39966335219883
35343,9.318737012782808
35344,10.262048756662473
35345,17.796131204079337
35346,15.474018455415468
35347,8.465321412828226
35348,14.59518480104361
35349,15.61894525715895
35350,14.288766019362727
35351,17.598940521874166
35352,18.20937912274478
35353,15.696075046953935
35354,15.63648272700945
35355,20.957140502569587
35356,13.298824516556769
35357,14.726272983800717
35358,15.129063540101148
35359,19.71768709554214
35360,14.751854530348048
35361,13.202852810728128
35362,15.365132482928558
35363,17.863098670536655
35364,14.754342718053325
35365,16.54942233882556
35366,14.189721477553679
35367,13.766878354274505
35368,13.315642555726107
35369,13.719626141443445
35370,18.53565367742693
35371,13.137484151290026
35372,16.331749204437333
35373,15.625183874488913
35374,10.640944329159819
35375,12.882207157538637
35376,15.01641792849532
35377,15.177211891677882
35378,16.646002722914034
35379,13.407477709707223
35380,20.02960356308646
35381,14.03725868665158
35382,15.239871422936277
35383,12.436264451055695
35384,15.443351945783336
35385,15.436187682987955
35386,12.286414717908686
35387,16.674611905436073
35388,13.938048901115105
35389,10.225921965929823
35390,17.632471566968576
35391,22.228882389015908
35392,14.656626963477951
35393,17.39243507962539
35394,12.026507159476068
35395,20.588345634159438
35396,13.784280808175096
35397,15.20634807311788
35398,15.770277357934852
35399,13.582904379592495
35400,11.21229944483822
35401,13.556024651689835
35402,16.729887142658743
35403,15.23415076553679
35404,10.852410005648428
35405,18.908882080208173
35406,15.75550412017904
35407,18.48132711822354
35408,23.332243155539842
35409,15.237691725850953
35410,19.71642595475543
35411,17.63592181881849
35412,16.377182729368606
35413,16.69483393139805
35414,17.705543495477375
35415,11.784425619366207
35416,9.722203007648353
35417,15.76672777226708
35418,17.766068053873337
35419,13.688154662753075
35420,14.863581276681007
35421,14.87758176766059
35422,14.2750542110351
35423,17.77537287532132
35424,12.68797481200636
35425,15.547729801135658
35426,9.822064916518439
35427,17.635874877610547
35428,17.072572709126764
35429,17.177067582570416
35430,10.914404837221943
35431,17.4790081987037
35432,14.940704118625453
35433,14.489776908573047
35434,14.605536275937736
35435,22.158190589554067
35436,17.37260916686715
35437,17.36050172222872
35438,13.567114257318924
35439,13.003261483310995
35440,13.318817142252582
35441,17.03325270992551
35442,17.640090544481247
35443,17.198831709465452
35444,8.926787601193364
35445,17.710726555330616
35446,17.123827072427652
35447,18.4597254789702
35448,13.876765552562029
35449,15.709018215088099
35450,19.366943262607542
35451,14.872399629398549
35452,20.33532253453778
35453,19.582177147501937
35454,17.588143840766207
35455,14.78099116254701
35456,18.341251460848607
35457,18.66174514091409
35458,14.703608797765488
35459,11.813571297839236
35460,14.921112637042768
35461,20.852423822068513
35462,13.502238725866974
35463,22.976916741890435
35464,19.950917094566144
35465,16.3417781354316
35466,12.755207606439157
35467,17.57134718899335
35468,13.23190623886292
35469,17.813251559093757
35470,15.11492336599016
35471,13.18568432125674
35472,19.439230243513112
35473,16.077552557358654
35474,10.874858546237075
35475,12.69892858908409
35476,14.449928602396975
35477,15.840800369556526
35478,19.04764959100075
35479,18.347978706596624
35480,13.651089577704207
35481,12.067869466589983
35482,17.774167343913383
35483,19.82443465057935
35484,15.165380959209248
35485,16.25265033767913
35486,15.058004879569268
35487,16.509370392253405
35488,18.023427939786906
35489,15.359144314103625
35490,15.808837051907672
35491,12.660361369831493
35492,18.37959379130068
35493,15.585234351386667
35494,13.063372074643762
35495,22.255394075848592
35496,12.95915777304302
35497,14.026320101090793
35498,8.645552909746332
35499,14.026996576487125
35500,9.411274560059644
35501,15.743889655148504
35502,10.62112303261409
35503,16.413834210594082
35504,10.244708896367396
35505,20.287135064563664
35506,19.949862453407874
35507,16.197007736662307
35508,12.428944305885437
35509,17.86288552592854
35510,14.784530141205607
35511,15.125627583650564
35512,17.098292514084502
35513,15.861143597871243
35514,20.36702756795974
35515,16.577624447505972
35516,17.408845601774832
35517,13.733858277742995
35518,15.361380503861628
35519,18.2518088777863
35520,17.355512495549238
35521,15.249173271106095
35522,20.757093860814408
35523,12.465434064577021
35524,15.749939316465284
35525,16.886643662705026
35526,12.863389725894784
35527,15.659547452869964
35528,13.955140158506978
35529,16.40372745169203
35530,21.73694447429188
35531,16.402003315908924
35532,18.432617883604436
35533,15.754779456816314
35534,16.422104565979172
35535,18.963400487199618
35536,15.35615252747429
35537,16.700148895780703
35538,9.240423858757962
35539,22.448801674809495
35540,16.081239280915376
35541,13.998880742017995
35542,24.910031781889593
35543,18.898981803312434
35544,17.939597595914446
35545,15.45223197850656
35546,19.638433062831215
35547,18.95858068456297
35548,16.885568857593757
35549,10.536811611311297
35550,14.565270464982284
35551,10.568855271330971
35552,14.4260009587374
35553,9.461979124098633
35554,18.77504909634211
35555,20.03725201797108
35556,15.016635200582815
35557,21.720045052764956
35558,9.365836011174986
35559,16.512010746864114
35560,18.356210062483186
35561,19.71366197916245
35562,16.251289453749067
35563,16.601537030419447
35564,15.326199787280698
35565,18.981694659839768
35566,8.680373123923397
35567,19.1450291905856
35568,18.079792152304947
35569,19.40471818439926
35570,15.987748829711848
35571,18.96161279965812
35572,12.393749158472684
35573,21.481483867296312
35574,19.00562491495343
35575,14.19323338459702
35576,13.157240229570842
35577,11.306717730147296
35578,11.757844042748518
35579,8.074728814972492
35580,16.919296993074802
35581,13.418127484561026
35582,17.877993469633303
35583,21.48446918932506
35584,16.087782409828385
35585,18.523664573359184
35586,14.808364987303127
35587,18.128366703184465
35588,17.968059103019208
35589,17.168323087188966
35590,16.386858087395723
35591,18.296047423680204
35592,16.37550206618704
35593,14.71872127552673
35594,15.86342383336931
35595,12.987014725215223
35596,12.486169963620332
35597,15.16904534505379
35598,12.465484560881901
35599,18.156970359761665
35600,18.520656899887793
35601,20.503031439955024
35602,19.284705230722164
35603,15.613271678571989
35604,13.49259445070366
35605,12.847987513902979
35606,18.684666465065995
35607,13.892577852092158
35608,17.08101482516588
35609,14.905877281050069
35610,14.80880991400517
35611,14.675255177169465
35612,17.954936885128298
35613,20.639708350735738
35614,9.82483218885535
35615,12.497109006308026
35616,16.487886765700555
35617,14.3468823444864
35618,16.149169737921447
35619,10.648428188343559
35620,19.25999205536314
35621,13.869264651660021
35622,11.59384635502793
35623,17.819724286324515
35624,10.1958382308951
35625,16.17364886204227
35626,18.653537683494662
35627,15.605999767025743
35628,16.929999520825362
35629,17.14937540088807
35630,13.93787807785301
35631,15.221121304891522
35632,14.563590128183765
35633,15.341126279804287
35634,11.051566594867431
35635,19.947079009064076
35636,16.953241332844467
35637,12.511988837248605
35638,17.188849455224346
35639,18.433303531163897
35640,18.822732890929792
35641,15.155377576377772
35642,15.248943400123924
35643,16.39291406467796
35644,18.587201644355762
35645,14.741600345718796
35646,14.685181582920668
35647,14.778240759499482
35648,15.076179613175285
35649,17.481771554123775
35650,7.734446569531828
35651,16.219966722777844
35652,19.192308324515434
35653,16.204651966555726
35654,18.441791332664504
35655,15.45081032667641
35656,14.991615911451639
35657,20.02486682884144
35658,14.645303121627055
35659,12.158036940858956
35660,10.432206335320755
35661,13.395242539020698
35662,14.276210669252293
35663,18.574347058444875
35664,17.886057616944278
35665,15.966858371408737
35666,14.934139162827494
35667,14.324669399720895
35668,22.04684166945105
35669,13.441353705038075
35670,11.510097787506657
35671,19.768636021794165
35672,13.423440543161096
35673,16.426495695133276
35674,16.038086539331488
35675,14.697513825391301
35676,13.454824034064613
35677,15.540690542612937
35678,11.852848664219138
35679,19.826191138566873
35680,10.70601748233508
35681,20.24931894534088
35682,16.08838910456985
35683,17.143405761253735
35684,17.68049034065548
35685,20.31208464923757
35686,15.571906527974264
35687,17.533445093458763
35688,11.698695801838015
35689,13.412449822779006
35690,20.010520674165758
35691,17.28921315275699
35692,17.899413801158616
35693,14.356420339336118
35694,14.440794666734382
35695,10.382126489633176
35696,13.2401320126744
35697,19.26802353296636
35698,16.15219610804954
35699,13.384395158385006
35700,12.94621987376555
35701,11.117183751246408
35702,14.217991343605318
35703,14.752271367088591
35704,16.572765183082023
35705,14.828742092404687
35706,17.107878120240468
35707,12.658541736372763
35708,15.085878070296571
35709,13.26189819863851
35710,13.978991175468193
35711,17.262772141511242
35712,16.286715823855296
35713,14.632178089520648
35714,13.237597655633085
35715,13.050549884642137
35716,15.248526825460598
35717,11.806403626864252
35718,12.938120325706823
35719,18.528988947009644
35720,14.68560879474409
35721,18.976867181884785
35722,17.086659813363895
35723,17.665165391409406
35724,19.299118764144207
35725,15.313080942524849
35726,17.154329572130518
35727,20.619578665673593
35728,15.421502673520944
35729,19.99627392188266
35730,12.456072105068607
35731,20.3031887225008
35732,14.439918014244725
35733,12.985013419596285
35734,19.75577340127908
35735,13.133470648109103
35736,19.404988657325454
35737,13.68202435522479
35738,17.10217617958283
35739,11.196702162513542
35740,15.51596186112157
35741,15.406039159555252
35742,15.669862751500077
35743,16.848760158967156
35744,14.213570765920823
35745,20.884276610860383
35746,12.303289142356403
35747,13.84985878559132
35748,17.99712039993921
35749,13.973479030696584
35750,13.96072098413305
35751,10.982549665040255
35752,11.589763495561042
35753,18.259349506942552
35754,17.56673350570056
35755,13.341480151199747
35756,20.02826054081868
35757,16.54400259760659
35758,12.37279509293306
35759,10.38277416441236
35760,11.589578605806132
35761,12.286954057393988
35762,9.366268592011096
35763,9.976134761872908
35764,14.555508170091487
35765,12.76178832951459
35766,16.48226463413604
35767,9.89561924594608
35768,10.451333898570477
35769,13.16314380435174
35770,13.73410526954516
35771,17.609384095151455
35772,15.669775857798884
35773,7.562708205881468
35774,18.638915145047775
35775,17.09630199738303
35776,11.25497982531233
35777,15.38234102950514
35778,20.751028471540415
35779,12.04265830085046
35780,17.330499993040846
35781,20.419166868356022
35782,13.297376036376793
35783,12.402558110280602
35784,14.287929328997501
35785,10.077282738706904
35786,14.191074877335275
35787,19.443705156204725
35788,9.809707834351748
35789,12.705404781166742
35790,17.14807030217942
35791,14.298661627196633
35792,14.138278510845074
35793,18.04427771503017
35794,12.36504345192916
35795,18.278654042110936
35796,13.285576619854819
35797,16.837685815545193
35798,15.340324499772628
35799,13.30752481185925
35800,18.08307218739366
35801,14.606993928689928
35802,19.020766476043175
35803,12.021875667052868
35804,15.965186886115411
35805,17.86494984972082
35806,16.5041807333263
35807,18.986661159155005
35808,15.914063960489214
35809,12.320155649450765
35810,12.346704947231611
35811,10.469493758499919
35812,10.622558278078595
35813,17.778551900196895
35814,11.580980553425457
35815,12.402484114792081
35816,13.503293816764288
35817,10.070703473134822
35818,11.600107949857133
35819,14.476664532992272
35820,18.694804518180355
35821,11.620484049396428
35822,15.454945425229218
35823,13.267439072882182
35824,14.02667090848225
35825,11.054695703124064
35826,15.943405753828069
35827,15.835967546853219
35828,11.828725943473884
35829,15.990283556500925
35830,18.66964675396101
35831,14.616220506862785
35832,16.14111781526327
35833,16.11941983810399
35834,7.4201625712393815
35835,19.477014044934315
35836,15.819726695555133
35837,19.51955454625778
35838,14.304305106718083
35839,14.657411496321362
35840,18.185342915992205
35841,16.77839489105714
35842,12.491728314966986
35843,13.74057807445503
35844,11.123885144589682
35845,11.363309251732087
35846,15.326419423717724
35847,19.915683731209555
35848,15.31866210970499
35849,18.748427536642275
35850,14.483701614619442
35851,20.36575598119814
35852,12.027260070254531
35853,18.067635048934264
35854,17.828134323570755
35855,9.194852348797532
35856,9.244431703911706
35857,13.848460528899379
35858,21.330732683827684
35859,10.349411025919798
35860,9.980799622018278
35861,13.156534287926359
35862,24.116444437051175
35863,13.510410249783186
35864,15.23224308627347
35865,18.14059108354244
35866,16.994681097328048
35867,19.559610588206144
35868,19.70759861415108
35869,10.535028238085271
35870,21.614357819056494
35871,20.046568289907828
35872,15.839517104051742
35873,15.092378930329923
35874,14.774951748780595
35875,14.68694705053867
35876,11.942096967921634
35877,17.65981559710055
35878,15.647208976477003
35879,11.82508695115193
35880,15.053696823353693
35881,12.006444258588985
35882,20.420513179794337
35883,15.03403530884652
35884,17.031845879340942
35885,17.933748218316104
35886,13.40767344744685
35887,12.329073061994489
35888,17.476544720005837
35889,10.706791401310234
35890,17.301775616911414
35891,14.098166024136288
35892,10.830414915932499
35893,9.286819886876291
35894,17.80959574399666
35895,17.495255366602624
35896,18.045096557864955
35897,21.17890196002235
35898,23.9907716974808
35899,15.185760023098517
35900,13.579955818514655
35901,11.116133493259174
35902,12.467192630201618
35903,14.924603411205972
35904,11.157847530143863
35905,18.862299691507772
35906,12.539368287008775
35907,10.418638504737398
35908,15.992105611642652
35909,19.431255275430203
35910,15.541830540436315
35911,15.468156772392742
35912,12.787984316390215
35913,13.344036103466053
35914,19.675317225470422
35915,10.951685772499884
35916,13.758414363881759
35917,12.06149850506323
35918,11.751488693246841
35919,17.04971575200853
35920,12.63134162834286
35921,21.024176437408343
35922,16.061378673844796
35923,20.679980471216886
35924,10.656496443563967
35925,17.286178868016172
35926,14.811855789670465
35927,12.609081587506275
35928,16.658755264293045
35929,14.46326077582951
35930,11.26153754431188
35931,9.461440305471587
35932,13.835028594614936
35933,14.233671610043094
35934,11.41012226171998
35935,15.35501001735414
35936,14.343975802581754
35937,10.434644101564524
35938,13.898560629911772
35939,14.291599784610863
35940,12.182879556299502
35941,12.73598130615919
35942,21.178304143417343
35943,16.17018096819573
35944,17.737089130540244
35945,13.480733486408765
35946,21.009309104330207
35947,11.975664195440668
35948,16.32332054374437
35949,19.02200315105881
35950,11.591243906693137
35951,16.33356135531111
35952,15.014776631082805
35953,15.87580205268703
35954,11.928132032711282
35955,11.001976514068428
35956,14.109578815817855
35957,15.794834154402828
35958,22.33066125668059
35959,20.961077093390973
35960,16.046977153522665
35961,11.227277473965996
35962,16.518137417574405
35963,15.312205114291256
35964,20.396378108976137
35965,18.28604945997539
35966,10.765595711283762
35967,13.884012519943445
35968,17.55722992151215
35969,13.97377302638332
35970,12.303155707422055
35971,18.098159233956075
35972,12.306855973362968
35973,11.883563622456126
35974,9.4479774128923
35975,17.358648843601507
35976,18.209318080373855
35977,18.314628558223728
35978,19.85959769546421
35979,19.103011094812167
35980,19.65791546824051
35981,11.903488154429416
35982,10.904799611140366
35983,14.348485969407754
35984,16.098399334070635
35985,21.056772744469043
35986,19.651722166724337
35987,20.758769776576724
35988,16.936515704908278
35989,17.650548860339548
35990,18.609795367354874
35991,14.903786360145254
35992,10.2052576830416
35993,11.767586032962486
35994,14.963759887710106
35995,9.844000997613755
35996,10.494350498094034
35997,12.005758230447158
35998,14.729875167900056
35999,16.682457782821913
36000,16.23232327769768
36001,12.860423533021635
36002,13.944370186377734
36003,16.144147156724504
36004,16.92351157903097
36005,19.5360663932253
36006,19.49643652750744
36007,19.18989010747929
36008,15.282663821591672
36009,23.108106590649243
36010,9.92475894141359
36011,13.667917249015657
36012,16.6289454494561
36013,19.35915345691423
36014,15.742155499801644
36015,13.708869594458838
36016,18.66089623124144
36017,19.051179232764518
36018,10.679878773070229
36019,9.6493549959782
36020,13.712842873937035
36021,16.269388939475682
36022,16.664124871818494
36023,15.90641221252327
36024,14.041853276024147
36025,14.202127835736379
36026,17.566430680093248
36027,12.143409947439082
36028,15.213289334082885
36029,15.889154916247403
36030,15.819458625644124
36031,16.951181033067314
36032,11.228866229311063
36033,12.881268254530815
36034,14.72569827216868
36035,19.342884525456522
36036,13.467945487104233
36037,12.068676410318144
36038,19.738598733525087
36039,8.116611411352064
36040,17.387922705599735
36041,19.522680681444786
36042,16.06814030350732
36043,20.049273526293096
36044,17.39516228061297
36045,11.814740966176753
36046,18.81511825080754
36047,18.006145738113872
36048,19.458263252905507
36049,11.659548181524066
36050,17.237032415726567
36051,17.129839182884297
36052,15.93509279648431
36053,13.09927100038976
36054,16.48424437276516
36055,16.970940500442566
36056,9.336468417008481
36057,11.480808784300873
36058,21.482346418082045
36059,13.883220439344058
36060,15.839947878784361
36061,15.204944155009043
36062,15.323430184158775
36063,16.660382532476085
36064,8.172810989869337
36065,15.197511120903181
36066,16.101178991426767
36067,19.805323989645355
36068,15.561221298115656
36069,16.480620050733556
36070,15.61934972455872
36071,9.077147497476966
36072,16.305862919811855
36073,12.81022491472778
36074,12.173835143498419
36075,13.208515053493784
36076,14.274770236304027
36077,10.681064970588116
36078,15.471995407835715
36079,15.645223431058563
36080,11.898619165871867
36081,19.16821638984397
36082,11.310178241463051
36083,13.865659184239245
36084,16.292452897404758
36085,19.067737280989423
36086,8.718768750826747
36087,16.699113353926233
36088,19.566160148393557
36089,15.210572724947824
36090,6.750989303901159
36091,11.305950779701867
36092,13.287494360594028
36093,20.591504534439146
36094,14.084827235563331
36095,19.740227629444643
36096,17.055726172605624
36097,15.04806905460242
36098,15.767110022087145
36099,9.11501193235686
36100,12.015369446822122
36101,19.859696856097713
36102,9.297442653951116
36103,14.141023834660636
36104,12.911656480991297
36105,16.67486201961451
36106,12.510137863387492
36107,11.5147493805959
36108,10.462882423568342
36109,14.884060516064746
36110,19.455300002921234
36111,12.074215306223023
36112,17.089065318333486
36113,19.31627345638087
36114,15.620839216540011
36115,17.161642893027686
36116,17.642248978176383
36117,19.09444313026505
36118,14.338360526652469
36119,15.567246940041887
36120,14.188283624944871
36121,15.352315075541018
36122,15.997439937931663
36123,14.776091333468692
36124,14.501397029222098
36125,18.705764626946408
36126,10.795220646172424
36127,20.11628198024323
36128,15.970043155405264
36129,15.417583648591616
36130,16.961079214806507
36131,11.37113598708574
36132,10.730113133685272
36133,20.143792452545505
36134,18.465375411440306
36135,13.659283711927966
36136,12.024480313312333
36137,18.536279745864334
36138,19.037190771341905
36139,21.051083690237533
36140,17.541345804949877
36141,14.660684356225628
36142,16.559443757110305
36143,17.793459401251063
36144,10.835685160586898
36145,15.189493949023774
36146,17.8352290684177
36147,16.96942145764118
36148,20.929227098884116
36149,12.997017099719091
36150,18.538083955979975
36151,15.354932949888102
36152,16.503053243613035
36153,18.256631771248173
36154,17.53915532379187
36155,14.64544743879605
36156,16.17643114977127
36157,19.445441332094404
36158,17.37633418856509
36159,14.732832747813674
36160,15.964363086348708
36161,15.29553191819375
36162,18.48358039393555
36163,12.24680165065207
36164,14.059138061006127
36165,8.751313667774438
36166,12.531673824106274
36167,9.891809849369148
36168,10.883318614390458
36169,12.439038242782145
36170,15.90028579182556
36171,11.701156061930057
36172,19.96188276214893
36173,18.686744338186045
36174,22.061234198169952
36175,14.770190703749357
36176,15.654624998137962
36177,19.416024004839457
36178,15.729622223663046
36179,13.243108167062973
36180,18.95235189734855
36181,15.52620986298249
36182,11.483908502977833
36183,18.862523151820085
36184,15.105917599519202
36185,16.22915832356915
36186,15.307911384118599
36187,15.80572625565898
36188,18.034468191020228
36189,20.314340024696058
36190,7.578390854834947
36191,14.364096680871869
36192,16.903770925864514
36193,21.6064368558897
36194,12.550144596580228
36195,14.434047489369217
36196,17.812424894575187
36197,12.293991855590331
36198,18.20420354919179
36199,18.69869470007407
36200,12.887495685490453
36201,21.381663108139215
36202,13.315947235658584
36203,17.52284603761438
36204,10.722225042607532
36205,18.121351591368608
36206,14.87577182512552
36207,17.555915642869948
36208,14.391555812973262
36209,12.334191461208137
36210,10.990615858394149
36211,21.943220065199128
36212,6.6442662087199125
36213,12.654669094814032
36214,13.570757923447585
36215,14.7362260324367
36216,16.7548549045957
36217,18.18006774283236
36218,15.251856229037138
36219,19.32424547241529
36220,20.18108082640694
36221,16.93596341468664
36222,21.400040850047695
36223,13.066768303233356
36224,12.474052485228555
36225,16.562831006251795
36226,11.958564100274064
36227,13.622811010429077
36228,16.08765754803308
36229,17.229950103995844
36230,19.9653070570839
36231,13.006212136275586
36232,17.796012345580884
36233,15.745332353973048
36234,15.246381410536724
36235,16.751948918876145
36236,12.586465542588096
36237,7.799734083805842
36238,22.03570692870794
36239,14.380540796719206
36240,12.19821671648629
36241,14.023734322078202
36242,19.415241355947074
36243,16.73084545209992
36244,18.439147238297505
36245,15.268530834958794
36246,14.570026135369522
36247,17.7055411390073
36248,11.558784111360609
36249,10.524399910346748
36250,15.504102899219053
36251,15.296968596807021
36252,13.64180569055048
36253,14.128162717364688
36254,16.393024973086547
36255,22.786822022461127
36256,22.923709527667295
36257,13.147965343201086
36258,15.483953270430021
36259,11.943974871295142
36260,15.245637858509038
36261,15.408332568372682
36262,16.6841254196654
36263,13.337422157385966
36264,17.307766010317494
36265,13.381110145568405
36266,14.716157745747406
36267,12.764921854656494
36268,12.582763299782016
36269,21.911922783608706
36270,13.39276323360101
36271,15.115775249968891
36272,16.477956657033474
36273,18.37079280152756
36274,17.960611763840223
36275,17.035578176219513
36276,11.117720346813153
36277,16.45643544202387
36278,12.966732603375995
36279,11.215181158065452
36280,15.300023840975555
36281,8.630734330295915
36282,8.777374130351452
36283,21.438056257702613
36284,18.733642102886776
36285,15.024211195022898
36286,6.918803337191278
36287,12.742020245121866
36288,16.6191774994984
36289,16.917013555392487
36290,7.470444486736474
36291,16.60475498097694
36292,18.03867422823499
36293,17.731829434268207
36294,16.383017122351138
36295,18.39706455315565
36296,17.391459883446423
36297,15.904927872110157
36298,16.951652390438777
36299,10.681449216010506
36300,9.764478145840569
36301,13.722940803698322
36302,13.538923409578885
36303,14.273325033452043
36304,13.91446395870823
36305,13.579816666786867
36306,14.055784469608387
36307,17.67920880410323
36308,9.1123361331735
36309,16.48785021330579
36310,17.153292731642416
36311,15.138084649604451
36312,20.26803199274827
36313,15.869217855530977
36314,14.697666714635426
36315,17.998460111117907
36316,19.00340358291913
36317,11.649453239877872
36318,11.828685161599171
36319,11.40367168882848
36320,20.16870543199087
36321,18.346491206642753
36322,12.535888504682731
36323,13.450156360768059
36324,16.656043230919988
36325,13.318380323110205
36326,15.895137846633467
36327,13.736109913492072
36328,10.46153994348737
36329,10.746729009494464
36330,9.32668260769055
36331,15.590256201582383
36332,17.38699007376086
36333,16.9021691270983
36334,11.044322788528044
36335,15.114459130038666
36336,13.019939035043336
36337,10.964100434885442
36338,14.516695779344989
36339,17.686141474209553
36340,19.559175930894114
36341,16.014893536249463
36342,22.178545034267838
36343,19.78572215482876
36344,17.54661128752024
36345,17.122800678242037
36346,17.1866923252324
36347,17.676190822191476
36348,16.16544861687567
36349,11.854248325430843
36350,18.171649598274637
36351,23.373725530452475
36352,14.799419779469481
36353,16.70337646873286
36354,19.64542435310939
36355,18.91217799405257
36356,11.459927634798678
36357,16.154492508565152
36358,18.471909441411086
36359,11.18139657035454
36360,15.813462903592383
36361,17.104907091154182
36362,12.693543294470658
36363,19.199269817189215
36364,16.848679978280536
36365,18.160617955044813
36366,11.311210669253326
36367,14.325740850949282
36368,16.068527617135008
36369,17.41357316931591
36370,18.304042230910877
36371,20.578894744877893
36372,14.960919993353079
36373,15.011982859651903
36374,4.706590968989936
36375,17.05310821060754
36376,13.342864685403217
36377,15.245492730336029
36378,18.413656237011793
36379,22.25835911757171
36380,14.833516147221635
36381,20.11135899207119
36382,15.770064823789586
36383,17.22297461843775
36384,16.131593648123847
36385,18.61920852819142
36386,16.601215080762465
36387,8.792228168098484
36388,10.518266674112308
36389,16.710630535381082
36390,14.067005936773146
36391,16.036895665082966
36392,15.213199374841036
36393,21.178931387324845
36394,16.79655254885653
36395,11.20060070897359
36396,12.265424020717202
36397,16.07489742075216
36398,17.123770190319284
36399,18.254240522799222
36400,15.958990232206846
36401,16.434388791755303
36402,11.94271259566546
36403,19.43752650180472
36404,14.27428041168087
36405,14.624618555445045
36406,9.493351684232103
36407,14.755961048299442
36408,20.00772399179029
36409,20.09040762153819
36410,16.32323928841791
36411,14.18804392714253
36412,14.805621158265629
36413,18.424457910019616
36414,14.777296007024965
36415,17.20123602920218
36416,10.156981234496115
36417,7.345969951528097
36418,14.924238826525732
36419,16.26051753459071
36420,17.458036534445156
36421,20.427694938492042
36422,11.326478887891787
36423,14.820896928659492
36424,16.00199346471691
36425,12.081400027665952
36426,14.187525757824286
36427,9.874770915112096
36428,14.362640088664817
36429,15.861257557509848
36430,14.780065100039824
36431,19.05637125466661
36432,16.893972168538326
36433,17.01645080002413
36434,20.993161055878353
36435,15.882350218435477
36436,14.63487659565976
36437,17.502823009987793
36438,18.081949736348108
36439,18.597528771783463
36440,19.653856460165763
36441,11.93835314107279
36442,16.725871228831004
36443,12.680499876995583
36444,14.414575127628952
36445,19.934079498520095
36446,16.55234471356854
36447,12.696434924404848
36448,15.961666406429508
36449,11.859106329337358
36450,13.348046151086045
36451,11.336822680779097
36452,13.776165160008684
36453,16.040288311838488
36454,17.841101739475967
36455,14.986149807617693
36456,15.007660117432176
36457,12.535632182656666
36458,16.50560977594118
36459,14.440304206559702
36460,18.014785817050825
36461,12.562146524866908
36462,14.162309053596717
36463,15.312947261492097
36464,12.29592731976527
36465,17.24376041581673
36466,13.463751067369483
36467,13.537907964485445
36468,15.63090994051833
36469,7.908586708778747
36470,11.904802554234578
36471,15.237944187465557
36472,17.34711621687046
36473,14.730244883244257
36474,12.566804114757403
36475,15.501567495212292
36476,9.601791329377095
36477,15.569201616568112
36478,14.582029270755404
36479,15.58149718527508
36480,15.413046151368746
36481,14.510702417065726
36482,14.7160107199923
36483,20.19997743734469
36484,6.719257887868114
36485,15.360281244929986
36486,19.287929869945792
36487,13.861790196571697
36488,16.04221573181521
36489,17.65663152521212
36490,12.560156277743479
36491,14.033102963177672
36492,13.007131366308187
36493,12.381338062778788
36494,14.550055872127
36495,18.43371884924205
36496,14.696222938994143
36497,14.93613395737105
36498,17.794972364082646
36499,16.656028390869484
36500,13.174922532386903
36501,15.675317631596396
36502,19.443664282670227
36503,12.513862982076844
36504,14.981606889045171
36505,21.378035175445888
36506,18.999179003898064
36507,16.854755667714443
36508,13.780463786406086
36509,12.172638876004969
36510,15.873519869933617
36511,12.193203490021018
36512,19.37924520821064
36513,14.234282356543394
36514,20.51557831412904
36515,10.402039302930936
36516,18.28381777090226
36517,15.751417648315336
36518,14.556437022977203
36519,14.570597926440891
36520,10.80228588799198
36521,13.763615826104795
36522,13.213400691553971
36523,19.387876718947403
36524,18.673873126058126
36525,16.927747969525466
36526,17.26649291385396
36527,12.046185201018941
36528,18.653742119180457
36529,20.575451592072888
36530,15.949210977683602
36531,19.03237812514589
36532,19.139922459293324
36533,12.654443041254435
36534,11.947390144606718
36535,19.032533588060186
36536,14.136127928257705
36537,13.220556627126543
36538,12.586383784841669
36539,13.035884772814027
36540,12.863080835621748
36541,17.447167847828915
36542,18.906820216544915
36543,20.951237440220545
36544,14.941810311595873
36545,18.881571010787837
36546,9.78543304097888
36547,14.96096371774553
36548,14.33613592446807
36549,11.013660192627558
36550,16.515965465621136
36551,10.436503725328558
36552,17.359102057007746
36553,12.994506609069521
36554,19.71774059547075
36555,12.622560554481915
36556,14.12971202644472
36557,16.529171534758724
36558,12.86414157227724
36559,12.523075046386088
36560,21.152423142243567
36561,14.14965299817073
36562,14.408077854151827
36563,10.230350271065584
36564,19.864348402843397
36565,15.587316560539112
36566,12.178353463333561
36567,18.0601939826466
36568,11.705180147362288
36569,15.758438736287246
36570,10.80711971213592
36571,8.944399746441638
36572,13.598899884895808
36573,19.053710563362653
36574,15.221908661225756
36575,16.637714894310733
36576,14.814520985233576
36577,12.200987457893742
36578,11.963775671214563
36579,11.905761966478256
36580,7.913208101047653
36581,14.542788331298603
36582,19.151230380034
36583,14.418486352000528
36584,14.481531074964844
36585,9.029296685929449
36586,20.27082565816771
36587,15.791202113276302
36588,12.8520940870002
36589,14.243255331682132
36590,12.61861962444746
36591,10.30745634055376
36592,18.508095046397674
36593,17.542317266852624
36594,17.066313088317465
36595,15.563026630595052
36596,14.867920054433991
36597,13.48368386668767
36598,16.559155878549188
36599,16.010356806580347
36600,10.54175898582958
36601,19.133292635299703
36602,10.505561860918741
36603,19.401232219512362
36604,15.575972214043778
36605,16.40403167360745
36606,17.517231673513763
36607,14.629034452401697
36608,20.837407434903497
36609,16.89237628143531
36610,18.04103720059535
36611,14.739514118809213
36612,13.289005011269841
36613,18.926597754355775
36614,17.540538953167594
36615,13.630239378294863
36616,16.900868167671145
36617,18.258164935270106
36618,15.849203697417403
36619,18.980020806682255
36620,12.123896346953142
36621,12.684995355673113
36622,14.18608849954777
36623,11.114298770091185
36624,17.62022628792234
36625,15.396120047879036
36626,14.446306234313562
36627,16.284474704457196
36628,20.238911956357654
36629,14.578822544446437
36630,17.46817462984269
36631,13.20518139390861
36632,18.711198847587944
36633,12.920157678398807
36634,18.92068957360669
36635,8.260909324420044
36636,17.078870543546174
36637,17.10629486289703
36638,10.706601180353275
36639,11.275048144489542
36640,14.637397759100805
36641,16.17379424979506
36642,16.48117840921011
36643,11.16955428936383
36644,21.406278625332178
36645,10.779325906654812
36646,16.914337139735807
36647,13.236541791428735
36648,13.002784210947528
36649,19.183397160085768
36650,18.875740142395916
36651,12.768635489648014
36652,14.353101338194005
36653,15.429423935957713
36654,19.29000646268167
36655,22.22112472558571
36656,14.654813271993635
36657,16.927342249211527
36658,18.825090019191194
36659,23.12425037063217
36660,14.890771821506732
36661,15.822516837381626
36662,16.446049696131873
36663,13.253809218096734
36664,13.182246937332497
36665,13.756453537515164
36666,16.735425542474072
36667,9.9405350408626
36668,19.71942259089296
36669,16.84482322193428
36670,15.536920993616954
36671,18.895655948515227
36672,15.18047313365757
36673,17.789495813179816
36674,19.220916569997133
36675,9.155411291110843
36676,8.636366571845734
36677,17.73457006755013
36678,15.890163532429872
36679,16.759467181030203
36680,23.204198285059444
36681,16.81909483067292
36682,17.868883445018454
36683,18.506873352248665
36684,18.315081784812957
36685,10.28458944475159
36686,7.764743003701446
36687,17.450883048317518
36688,14.014340277042255
36689,19.821633687310957
36690,15.51889359585526
36691,15.7905904268331
36692,18.422131580060203
36693,15.870346930780496
36694,20.014124114168084
36695,17.682075881293308
36696,15.679015271307328
36697,14.523278136005677
36698,20.895019885234795
36699,10.446878602324034
36700,15.703130619985489
36701,19.118965590987557
36702,14.785876610053986
36703,17.50655560938648
36704,17.68149231379258
36705,20.090745553428327
36706,16.223942228145717
36707,16.642320628953705
36708,15.94800837232733
36709,12.099077249988179
36710,19.043886514932215
36711,12.400790536446024
36712,17.471601909864848
36713,13.021384774462353
36714,22.976168052030875
36715,18.317514578582426
36716,16.333009031957772
36717,11.960850672858218
36718,14.148835088575423
36719,12.164869998715403
36720,16.757411049055566
36721,18.589563633959
36722,9.89100707888662
36723,21.9606098990418
36724,11.066701285542003
36725,15.131953829635174
36726,13.827891771587137
36727,14.641302679362326
36728,18.70704344488744
36729,11.255792837118307
36730,20.90435284979536
36731,18.047832645750322
36732,14.046328163428067
36733,15.99193047869821
36734,17.60736338365451
36735,16.666004477774994
36736,19.4369108296558
36737,15.70161923880614
36738,12.638416986868618
36739,13.203589735370233
36740,17.952883508285417
36741,13.010052557400629
36742,9.202391169018027
36743,20.09870098669573
36744,12.101380575621587
36745,14.453212668117706
36746,16.05567746751579
36747,14.856506089075234
36748,21.632059689218927
36749,12.593279147451115
36750,16.229103832445787
36751,18.769865068932067
36752,13.535676767675952
36753,15.563712550822974
36754,13.622020712836667
36755,15.373454368340488
36756,14.582038739114301
36757,20.924932402690935
36758,13.45817049609205
36759,13.019639318926004
36760,18.80586865045466
36761,10.977119921671385
36762,14.391286910423654
36763,16.59117824312372
36764,15.695073270145347
36765,18.13613992982741
36766,11.904708176497888
36767,14.351222690861176
36768,22.401010685034503
36769,21.554039051609493
36770,18.471827250749207
36771,14.009095123928512
36772,12.938817850248475
36773,16.592793491864523
36774,15.445949099504553
36775,16.08142607365451
36776,15.447355198423589
36777,19.742378379008947
36778,15.53218452655417
36779,15.480745181019147
36780,15.838094419623763
36781,14.6610138709328
36782,12.785562705875794
36783,10.764946484936326
36784,17.952952910716572
36785,14.5147299491108
36786,14.849976033774134
36787,15.212589687650329
36788,19.30936442436188
36789,17.05459618474007
36790,13.24739569298375
36791,14.167272216670982
36792,14.660559246876309
36793,12.636182715733856
36794,18.567260585114322
36795,19.2055837592065
36796,18.644932554768452
36797,13.616481339438167
36798,15.220683236925803
36799,10.376995063479399
36800,17.393405977049575
36801,16.43919440615937
36802,17.95923234811771
36803,7.564543843340378
36804,18.954495666324867
36805,13.854275524459416
36806,10.580651121214874
36807,12.673115671694474
36808,13.72867906262022
36809,10.575958911075107
36810,16.15475920736592
36811,9.948736261465442
36812,12.29775685519214
36813,10.581459935614696
36814,17.926374375749802
36815,22.651811444581888
36816,18.005963670773813
36817,19.56329924191204
36818,12.476530833951209
36819,14.719954955762976
36820,10.311659342903774
36821,9.849305507612812
36822,18.415731905614777
36823,9.606122707825712
36824,13.714043414440383
36825,15.78959690457113
36826,19.13132279869909
36827,15.964982096426178
36828,16.34422489851866
36829,10.952794117997524
36830,12.715919078369556
36831,15.263656143584765
36832,18.7988854322327
36833,8.179266566454494
36834,16.804837951489255
36835,16.806182688682775
36836,16.439299782599207
36837,17.078349686385263
36838,11.66426509166249
36839,12.76163944237652
36840,12.623578930005772
36841,15.551696685872608
36842,13.897401023579178
36843,13.961659023498683
36844,16.356449004003018
36845,9.142043852217999
36846,17.475133844609527
36847,16.09771349861078
36848,8.413043553850212
36849,16.39732151797194
36850,14.808145336356931
36851,17.252732451333063
36852,13.165570940771184
36853,16.452739941342138
36854,9.638864408150846
36855,11.928233640891161
36856,18.782253858601113
36857,18.768872546857782
36858,9.36026008824171
36859,15.402056384963455
36860,9.718579346901745
36861,22.38202519516547
36862,17.144778684817993
36863,16.23277002239293
36864,14.708602284591048
36865,12.062148888865295
36866,15.814949445479554
36867,19.15137719943196
36868,13.914072980925512
36869,14.300854453718687
36870,14.972882043217496
36871,13.99135957957914
36872,18.744935981118868
36873,18.198665372665914
36874,11.346174050142633
36875,13.132074458219483
36876,18.670411619005463
36877,14.38204163387442
36878,11.474842833956343
36879,20.420149437789473
36880,14.921660609925915
36881,21.317867963715937
36882,19.294535485115176
36883,11.227529965761201
36884,18.82561966006211
36885,24.430529514501337
36886,12.143603647131592
36887,11.501673187641408
36888,15.681299203023542
36889,14.151765266907507
36890,18.974092518668186
36891,16.710748464081032
36892,16.032085599230307
36893,13.642857845833463
36894,14.232601707354783
36895,19.480139207123425
36896,11.809424757881514
36897,16.920653274462605
36898,12.98279911388093
36899,14.269432690544814
36900,19.91229672026917
36901,17.619004174126022
36902,15.225960663683257
36903,20.32534166232087
36904,13.753591446415989
36905,12.730598551219234
36906,18.33744407290222
36907,19.05368479433775
36908,11.574916580235472
36909,11.504992336657438
36910,17.125882212982003
36911,13.931221698035008
36912,14.210370147113055
36913,19.005172822455524
36914,15.713284929374556
36915,11.64065421236658
36916,13.82187096151723
36917,18.948964201384587
36918,13.820242206520483
36919,11.61787693280791
36920,13.450008179281507
36921,20.033199516554205
36922,13.50662685130629
36923,18.326649348036575
36924,12.151412164209145
36925,15.12854113315306
36926,13.064582419392396
36927,9.742548100159688
36928,12.655638540116936
36929,13.525154583512322
36930,15.444177471690118
36931,13.893406510619457
36932,16.978364673514246
36933,13.920519793899924
36934,15.128162457615344
36935,11.792552104746406
36936,16.49912091395026
36937,16.80575816821337
36938,16.39768208401562
36939,14.635031712006166
36940,15.476909275762942
36941,16.037285786163277
36942,14.410172838098596
36943,10.631687170635487
36944,13.618542644318005
36945,17.971585704701077
36946,14.165086847794806
36947,15.113852932358926
36948,8.78985959687746
36949,14.248291587163983
36950,14.018728404186827
36951,12.774051359889796
36952,17.227874177181867
36953,18.221372607769023
36954,14.127235492650046
36955,14.564570142717304
36956,14.630062096732653
36957,11.625763403112048
36958,18.703808171738284
36959,15.767387620811347
36960,13.323639480446962
36961,15.972893894105635
36962,15.716906298325897
36963,16.119967757129903
36964,13.585759683174876
36965,17.46545694596459
36966,15.472790721990972
36967,15.765608387681329
36968,11.927979487793525
36969,11.553466001418519
36970,15.349001045131999
36971,13.256890531515683
36972,15.185416763934134
36973,20.806197762420407
36974,17.07456974159502
36975,12.361588747409149
36976,12.511496192852961
36977,15.840261464677857
36978,11.870245827051797
36979,17.368984229289943
36980,19.640315222787006
36981,12.371101796653853
36982,17.690891285485126
36983,17.12495288895894
36984,12.89269551444135
36985,18.487889648025693
36986,15.577805288506815
36987,18.322138027939932
36988,18.17889576426318
36989,9.925868893044354
36990,13.359506493653635
36991,17.35407721619921
36992,17.232411057209493
36993,14.262352395983985
36994,14.099441929201127
36995,16.911093591173685
36996,12.390345969626232
36997,14.631278026446282
36998,17.343889578090852
36999,14.776693707041842
37000,15.38143955700727
37001,14.73180990937508
37002,16.083214759236704
37003,19.838707318622514
37004,14.239872234451122
37005,21.866078522694494
37006,11.434383370542882
37007,10.861635710831154
37008,12.946386708534373
37009,13.962961574182435
37010,16.50225324422732
37011,18.598107082636602
37012,21.23945816165905
37013,18.710768627416247
37014,17.657219768621907
37015,15.222217286192299
37016,14.971966402857486
37017,18.859327379849283
37018,16.4811321659961
37019,15.76551229434664
37020,15.971381920396462
37021,14.905825056751203
37022,16.125703768863442
37023,16.522887518714427
37024,15.254383492197817
37025,16.55113250581188
37026,14.42846869946404
37027,15.44383159867622
37028,13.548949817331467
37029,17.34711827617488
37030,21.91024352565713
37031,17.4724217626486
37032,11.940118255625544
37033,13.772418182713393
37034,20.066281423998422
37035,14.763629062441336
37036,17.41537127817641
37037,17.186492753111633
37038,13.48185742613763
37039,14.162384489559479
37040,16.20776880798894
37041,8.55987108313391
37042,13.998516056354788
37043,20.512509534677545
37044,19.263135533095358
37045,11.768842556930224
37046,19.46155520791929
37047,11.716150861971538
37048,16.529027721122606
37049,14.338960949742678
37050,14.177819166993448
37051,13.453286626396766
37052,19.133098869797106
37053,11.014448369404654
37054,16.93366714244211
37055,17.56837017376515
37056,13.072656791815056
37057,11.513740701588423
37058,11.19201934477963
37059,20.730383265352643
37060,11.856723611433257
37061,21.87839927181667
37062,15.622906704416014
37063,10.631814163987293
37064,19.771052890349196
37065,16.742875617526717
37066,19.13410401159408
37067,21.799330331780716
37068,16.650688603749558
37069,18.83343516049771
37070,15.290562953402656
37071,14.43820544444269
37072,16.98347805370367
37073,19.14440160220795
37074,13.375456825945582
37075,15.36533230127654
37076,15.161974978628301
37077,16.284889119991448
37078,20.154462479238845
37079,17.250648431097378
37080,15.243705299199958
37081,17.904061010848544
37082,13.45255905958959
37083,15.09711020790391
37084,14.194632872538346
37085,18.25996620479641
37086,17.234693455197213
37087,14.670363148470708
37088,18.325190822626745
37089,8.308225064065935
37090,15.41372422453019
37091,14.356034274277787
37092,17.48295942591873
37093,16.99031363428856
37094,12.20951401911587
37095,18.57122134067004
37096,15.669678356110838
37097,10.734051840443907
37098,23.40162087284209
37099,17.235822147948152
37100,14.039404700207156
37101,12.981405004808318
37102,17.467688330731747
37103,14.57987473360207
37104,12.92956665475631
37105,17.099984873329184
37106,17.719243486887883
37107,18.53802494026931
37108,19.02669743438539
37109,16.0703332088788
37110,15.09188546587742
37111,16.481377348195068
37112,14.22982169199517
37113,13.388750903240846
37114,13.812235368551503
37115,12.338117462855987
37116,13.024511411038306
37117,22.41570936569134
37118,16.342984335361436
37119,16.679855704117657
37120,18.40058070683535
37121,17.230825655055114
37122,17.983661424851405
37123,14.747430607787711
37124,12.096422784781991
37125,19.238947868308458
37126,15.880237172679655
37127,20.251206158883015
37128,14.166940683277678
37129,13.949256747915426
37130,13.549515659068666
37131,19.58484508470577
37132,15.31981044709785
37133,20.01202833397673
37134,15.776646281656689
37135,18.053590275181147
37136,13.37812353032135
37137,21.575271806088395
37138,14.955356568298235
37139,16.704394264722943
37140,15.988295680027356
37141,19.981909879928956
37142,21.310973056710697
37143,17.635721818318
37144,11.981021042370081
37145,14.138324499698506
37146,14.725956585613881
37147,10.906213291592042
37148,19.87738806170782
37149,14.814777756327528
37150,10.255351258168798
37151,11.064385572713327
37152,10.936812901732422
37153,12.322002156222055
37154,14.019089306962313
37155,18.293712054160956
37156,17.381993219825908
37157,19.31376497358537
37158,18.749142066094247
37159,17.583545443932312
37160,11.310505883128798
37161,13.185351944913743
37162,16.651299197326754
37163,13.55999401858801
37164,20.66206421439915
37165,17.91350738097356
37166,13.874437294163831
37167,11.983051142447568
37168,12.612680652163888
37169,13.026365077170219
37170,15.378462645378484
37171,13.286425442027596
37172,13.744986777439749
37173,15.425677669313496
37174,16.490903093195975
37175,18.054144069492086
37176,18.85083086063898
37177,18.276269971002012
37178,13.961459357287637
37179,14.178923889872054
37180,17.600140291301617
37181,15.311948703381107
37182,15.41485438753843
37183,19.96380531236936
37184,20.106402117614245
37185,10.637833681043977
37186,15.650044887434301
37187,15.165614926725768
37188,18.88690787889754
37189,16.51423062543856
37190,19.07003287815094
37191,14.785365883936388
37192,15.826174123580904
37193,14.046936090710862
37194,15.214432520033457
37195,17.904552929058617
37196,15.731304116868216
37197,10.144463206758436
37198,18.638906277103516
37199,10.84555793944634
37200,10.626883576319166
37201,8.740333909069987
37202,15.841952525129992
37203,22.42609249025739
37204,15.432785015487028
37205,15.602400830251966
37206,14.35070874247591
37207,15.936050352447088
37208,19.679346026956566
37209,16.278959000029335
37210,14.880000957772674
37211,18.22195511094018
37212,15.490595109730421
37213,11.156403994449743
37214,17.937301875189245
37215,15.378672193799577
37216,20.31368526609736
37217,19.920330398744063
37218,8.01520768510724
37219,12.508390518071845
37220,11.125375496762375
37221,15.140314712033929
37222,11.064945307451588
37223,24.352360539013993
37224,8.694145749884605
37225,18.42845122757524
37226,18.111618809477807
37227,9.464616222251646
37228,18.947720269276832
37229,13.368813181876058
37230,13.492657281252551
37231,18.13278909121158
37232,13.052230779800109
37233,12.154942309071384
37234,14.062833428699557
37235,17.741785778373934
37236,14.000105765524754
37237,17.729089953457347
37238,14.741778751764976
37239,13.968056982193014
37240,21.19310266252798
37241,15.384262092426804
37242,11.186318063952326
37243,10.226145201432569
37244,18.631699327260076
37245,15.72844394313013
37246,13.035223877115275
37247,9.417385798282256
37248,15.500815718227804
37249,20.38344163712545
37250,14.73371427671055
37251,13.884288691206848
37252,12.053715616814776
37253,16.70347875424535
37254,14.75967751864143
37255,16.81188419359935
37256,13.001930327400547
37257,12.9602381080618
37258,10.75231419802744
37259,15.023217530859482
37260,18.481528114427128
37261,19.31099043511967
37262,18.6094551782476
37263,16.613015581274816
37264,15.642840449229976
37265,15.27668274412838
37266,9.198160751517342
37267,17.580546020253117
37268,15.800085221688427
37269,22.30545043817495
37270,18.921255692052988
37271,19.91278068845182
37272,13.94326608236604
37273,16.610977418277677
37274,11.994408646468017
37275,20.68395481192089
37276,15.388690477415313
37277,11.172540364184842
37278,18.40662472849702
37279,15.96436050957889
37280,10.605219880201695
37281,15.827246932641803
37282,16.125218930425643
37283,12.252691825441277
37284,11.138470208255356
37285,11.943861140517766
37286,17.17215529516953
37287,19.931626755251557
37288,15.439757347646587
37289,9.916609173980811
37290,11.31133239680949
37291,18.033352452487225
37292,21.636376458075915
37293,19.29873768630262
37294,20.776829428049574
37295,12.321485046457921
37296,15.278660631698658
37297,10.136607829255425
37298,10.735444370191658
37299,14.227628394839815
37300,11.538135884734489
37301,15.687715631470283
37302,17.255484106030593
37303,16.607046963053982
37304,14.874542790421183
37305,10.733689511559504
37306,16.610369231858655
37307,12.344362034560127
37308,15.292285247070541
37309,7.781846275653896
37310,13.357944616041395
37311,14.271121054241211
37312,21.12314690648172
37313,13.194505732898074
37314,14.54965577247532
37315,21.85772647645173
37316,15.150365130956288
37317,15.66866396788057
37318,20.374620941453195
37319,17.822576816782988
37320,14.24018747545372
37321,13.649829291514294
37322,14.888530872249484
37323,16.842179317877193
37324,13.947813515937867
37325,16.437058046213288
37326,20.484800923226246
37327,16.667600668187696
37328,7.780345034506318
37329,11.69329031032471
37330,14.3233771987458
37331,18.316601348453062
37332,15.552987935043957
37333,19.491536353254553
37334,15.711334079901494
37335,18.245547441802263
37336,15.632420908269154
37337,11.001640550690487
37338,14.47784292815189
37339,17.115786617357134
37340,13.222381977127446
37341,15.37633275059684
37342,14.63476824090953
37343,17.478258337307885
37344,22.28760592259043
37345,17.714710140980355
37346,22.468520038289817
37347,11.248392987848977
37348,10.603983597229197
37349,22.383439987112148
37350,14.809229282321887
37351,12.130778074064246
37352,15.619435194507206
37353,12.520081317046749
37354,9.36564714372502
37355,18.147112066108075
37356,11.207963641147021
37357,15.667173433726166
37358,9.97622900618121
37359,18.15886335148833
37360,13.516046424765609
37361,17.43614177484926
37362,18.047967336865387
37363,13.344159834489663
37364,11.577508013774482
37365,18.30246122528864
37366,22.188693437830047
37367,14.399185540637495
37368,16.91313431796901
37369,18.248058121078714
37370,15.593482283695298
37371,18.43969896665559
37372,10.36019788526684
37373,14.360692623984033
37374,12.885073192589111
37375,11.202690888608222
37376,15.578315967794955
37377,13.802261788445438
37378,11.339471248265603
37379,17.31824132784147
37380,13.842024658074703
37381,14.726382493330043
37382,15.24525488420543
37383,12.840351046673103
37384,16.13486256783826
37385,17.99490386209334
37386,11.33097068768139
37387,14.47289602984531
37388,22.115525234727574
37389,13.215964239704183
37390,13.466029397529402
37391,16.31055955440606
37392,16.668470393747047
37393,9.01183125342628
37394,12.23865593388287
37395,13.025512328220978
37396,15.730376831244577
37397,12.93317398520875
37398,17.914456495748944
37399,14.006603867507305
37400,12.021201745781662
37401,19.218706475882083
37402,17.184057636363203
37403,11.879851348532613
37404,14.345423453491856
37405,20.578017835208893
37406,10.015075240692997
37407,13.719879741146162
37408,18.17466447645881
37409,17.158560271310037
37410,14.28470823787232
37411,11.910678803118449
37412,16.29110446869177
37413,14.068168541804123
37414,15.039330010033737
37415,16.025081497755682
37416,20.118520018759455
37417,16.872915923503587
37418,13.382078842860839
37419,14.882378783044164
37420,16.41255020606631
37421,17.927004147913014
37422,11.498000734465109
37423,17.666522676305135
37424,11.914516690802316
37425,13.594179126866326
37426,20.01607721006603
37427,15.459508406990837
37428,15.022857455436528
37429,16.921224520765623
37430,17.01572517912787
37431,13.800211196259541
37432,12.66438082848148
37433,14.722542163895564
37434,12.78154027100586
37435,14.509359039010276
37436,16.182857520413755
37437,15.391427614125856
37438,15.876760502625906
37439,14.930243100427994
37440,12.280757865016541
37441,18.866589161651543
37442,12.391770908647834
37443,15.373195476930903
37444,17.35797619824181
37445,15.177988187215128
37446,16.83494043248595
37447,14.886530587621332
37448,16.508286271381845
37449,15.170112588408637
37450,21.123529271433263
37451,18.527030162963797
37452,14.740336094467404
37453,12.933822376162215
37454,14.21096977128921
37455,8.267502539486426
37456,20.196169882473065
37457,14.672264928957917
37458,14.81726827166268
37459,21.371438202009834
37460,18.055695739754192
37461,11.302342781158057
37462,17.502775119602347
37463,14.223673502632574
37464,12.998721002638769
37465,16.38228878114844
37466,23.009120265410946
37467,11.214961783239108
37468,8.532927798963803
37469,13.893720189273113
37470,15.31877339455376
37471,13.624585268010627
37472,19.240798826125534
37473,15.31400217817181
37474,11.343306944555579
37475,14.758105560390334
37476,10.615997273648585
37477,17.053883495838043
37478,14.768954371125474
37479,16.72554619661569
37480,14.68717211897855
37481,14.640877042770516
37482,10.809658510511372
37483,13.02581910300264
37484,15.477339143555838
37485,18.81177347982473
37486,16.61913263092699
37487,17.554913414212685
37488,10.588067560004841
37489,13.27002650732909
37490,16.77369984543012
37491,12.438786830105126
37492,14.426860441005767
37493,19.509192434075313
37494,14.723197587005446
37495,11.807653459849814
37496,14.215954712921562
37497,9.578409571019632
37498,19.924133643532436
37499,19.968690332560527
37500,17.244343110585298
37501,16.80805497727561
37502,16.66367121219984
37503,14.244225378577044
37504,18.376011979943364
37505,16.667312639770866
37506,16.204449842478166
37507,15.405513143135487
37508,14.927555132738936
37509,20.1633475048508
37510,15.870850197011967
37511,12.04888813111689
37512,17.08749615039461
37513,9.353234343867825
37514,20.87384296688587
37515,13.832453047531958
37516,15.665718086521135
37517,10.123067517797928
37518,12.476757876374487
37519,15.47047200489013
37520,13.9339841064625
37521,12.078154857332525
37522,19.480809234394556
37523,15.687049372014581
37524,14.80075945855231
37525,15.772571485172072
37526,18.22774948470124
37527,9.925911119122627
37528,13.611607571380462
37529,18.027904394030667
37530,13.816349540084394
37531,12.493099698934099
37532,14.608879728101417
37533,15.280584565623634
37534,16.44412240861811
37535,19.62595000831393
37536,18.356183281276447
37537,13.632992246076691
37538,10.386939729208988
37539,13.167759520809593
37540,17.14603799455965
37541,13.433268667586265
37542,17.116312901924893
37543,15.827910911568196
37544,14.713640395689362
37545,13.634515461954916
37546,13.72912683210249
37547,15.737413715990693
37548,20.1749607090001
37549,10.10958186194357
37550,12.647363739171379
37551,16.982235138763986
37552,15.025209339990091
37553,14.155624812264902
37554,17.168869401336742
37555,21.46880506090573
37556,15.547832478580121
37557,16.914621459016644
37558,13.405406896993902
37559,16.98601760759725
37560,15.420938944385114
37561,15.76605958203077
37562,13.961924368095625
37563,13.986563590637392
37564,13.966718230358763
37565,14.12987653379902
37566,18.92471027304107
37567,14.412122683116744
37568,11.09620366684477
37569,15.63890348054761
37570,12.521139365244448
37571,20.480971634278934
37572,16.96280522726954
37573,11.135693012216452
37574,15.056674371940968
37575,13.13607451569694
37576,14.218308754996876
37577,15.31712802279521
37578,15.616118903141714
37579,13.690256636882804
37580,21.234008855638024
37581,18.084833357594587
37582,18.218076251250736
37583,20.47172804840405
37584,16.2527001689288
37585,16.26510681465837
37586,18.934098720590733
37587,15.139163255995165
37588,9.607703859463967
37589,14.625574603956183
37590,12.458688824030656
37591,17.242686069148334
37592,8.756815560814282
37593,12.038068094303684
37594,10.668139349236597
37595,21.62748281422663
37596,17.579370865892503
37597,18.071445218646318
37598,13.898772218312239
37599,10.599399976346884
37600,17.312749160654178
37601,13.94653821136508
37602,15.300628116892856
37603,14.546468958255726
37604,13.859516371992807
37605,19.80237369770527
37606,18.594235782954986
37607,21.48574910865015
37608,10.532689164111616
37609,10.431595882804693
37610,12.58985895552721
37611,7.758742649485557
37612,19.36847114107933
37613,19.671639015349136
37614,13.184013989699563
37615,16.910277120901537
37616,10.227821076244128
37617,16.64658002603371
37618,12.705188110822988
37619,12.961946406276262
37620,16.19923580242162
37621,14.62872307916162
37622,12.58001949965573
37623,13.739534031427812
37624,18.129140558834635
37625,15.298697663148205
37626,17.013382218150443
37627,12.50775501709892
37628,13.501491324552175
37629,18.574495537875052
37630,16.841946273072683
37631,10.399001869952649
37632,11.578153462189444
37633,15.852087990383808
37634,18.84780788257727
37635,19.810640294305674
37636,15.38569270095302
37637,15.320625234464636
37638,11.139603744074785
37639,18.706997712209834
37640,13.629196820067824
37641,17.121596847519257
37642,16.548716520039797
37643,14.30031981013404
37644,16.18376046818436
37645,11.995956127600005
37646,16.48154255925754
37647,15.13310777751213
37648,16.280657721618976
37649,15.903578611588872
37650,17.828417191273633
37651,17.965957904657486
37652,13.157320069329863
37653,13.371652729201735
37654,17.67134290990588
37655,15.669850188036914
37656,14.698480719989407
37657,15.333003916591903
37658,14.002927420215373
37659,18.441341053661077
37660,19.805098784280737
37661,11.510122974932422
37662,9.725562003185672
37663,13.75165601627916
37664,12.667155538161936
37665,14.091513308940822
37666,18.68880646407048
37667,19.72846435752907
37668,11.912369105191424
37669,10.389123578136841
37670,20.952887836625777
37671,11.013252883625768
37672,18.05892239480931
37673,14.549721487043874
37674,16.829437160270015
37675,14.807982910489626
37676,18.57934017629448
37677,15.993530671219338
37678,18.77780896046394
37679,13.561664362150964
37680,18.742886436814253
37681,14.581295390444222
37682,14.604843850170923
37683,17.341426075949816
37684,20.665340148410685
37685,13.85734041670254
37686,16.130496095022316
37687,18.915974377042872
37688,22.830697037249664
37689,16.274057844248667
37690,13.273717707709148
37691,14.543186111993865
37692,14.65063682432301
37693,17.870832078919854
37694,10.406090966678704
37695,12.286580561046184
37696,14.206777038780581
37697,10.200343681921339
37698,18.142534681196974
37699,17.896148502929563
37700,19.675415072364828
37701,19.515112588836402
37702,18.92137507249517
37703,22.074024204662763
37704,19.819240690222095
37705,13.558518453672821
37706,13.964085064753032
37707,15.693430484320304
37708,16.529598918287913
37709,15.05773649878299
37710,20.284798844441934
37711,11.892841550372662
37712,17.31027466452839
37713,13.844203589870428
37714,13.974065016829963
37715,15.156696102775163
37716,13.611025956602663
37717,13.6336379937656
37718,10.771744287347067
37719,14.93048461931488
37720,12.80180098785704
37721,18.119493367880345
37722,16.417920132250135
37723,14.221284898333392
37724,16.90003737662424
37725,11.861097524944338
37726,11.630204950101446
37727,16.31492219066727
37728,16.377930431948606
37729,10.712338090798964
37730,17.25380878051435
37731,11.933913519399889
37732,13.502021391756065
37733,15.299139059737161
37734,17.631735371286602
37735,21.055577913483827
37736,13.97655559002853
37737,15.619867235517283
37738,15.187099355298153
37739,15.672627550705489
37740,21.250069745296273
37741,10.375143428651889
37742,18.321066987851317
37743,13.811958627956422
37744,8.203466041706424
37745,16.553463600339466
37746,18.145648205690343
37747,10.978224921271226
37748,17.120326503000662
37749,15.852214956556633
37750,16.79012309749641
37751,20.036342683042506
37752,18.643376137736265
37753,14.156019377744881
37754,16.263853208429797
37755,21.25244728498138
37756,16.22614006215882
37757,15.881548373361728
37758,13.771257797121617
37759,13.420903349648043
37760,18.703066899862595
37761,12.41771281756809
37762,13.670333655589953
37763,15.309524887059707
37764,13.975848002619637
37765,13.168319710281459
37766,17.72996844893294
37767,13.710577503665759
37768,12.77335169317627
37769,12.807064119041696
37770,18.93925185488064
37771,14.252711496974518
37772,19.032292316789356
37773,11.742785225885855
37774,13.126748502828697
37775,14.768366528699687
37776,11.416075282205675
37777,15.27366765336717
37778,20.470492102007857
37779,20.937913240060222
37780,16.38903184300033
37781,18.510818751086646
37782,10.76776367743206
37783,14.86787199936219
37784,19.442809468842448
37785,14.07747644211483
37786,20.275198588298874
37787,15.097864792904744
37788,18.991719090181228
37789,14.766852313000685
37790,17.102771313081256
37791,16.37825944892611
37792,18.94989104091455
37793,14.348703301832641
37794,15.193418821393685
37795,8.897450829033836
37796,16.943929845231423
37797,14.375011969143559
37798,14.720736917388306
37799,10.849693563317597
37800,19.000327524053397
37801,14.349781907294503
37802,10.242166106113107
37803,11.931978880735722
37804,8.914138999831131
37805,16.74736902467276
37806,15.765693425956957
37807,16.48071576861226
37808,19.356654942046404
37809,18.991399083694432
37810,13.841750606823638
37811,13.186605086030308
37812,11.558570631496082
37813,13.15899582135934
37814,21.660929735176218
37815,17.77209228445199
37816,11.22298928291211
37817,19.137940412092263
37818,12.830336809748527
37819,11.655350987545273
37820,12.393619845965347
37821,20.23573515150445
37822,12.011456022614981
37823,22.084607253291438
37824,15.780052369073614
37825,14.713313019871425
37826,14.118207726802032
37827,15.652853938876905
37828,14.38234384156941
37829,20.777282815475637
37830,12.571277975213746
37831,18.60243397718616
37832,13.690409493662322
37833,21.68486063473882
37834,15.327831685952809
37835,19.669082719813048
37836,10.35598333836974
37837,12.424629968266181
37838,20.950238843486222
37839,13.49360359322342
37840,19.601336152505414
37841,13.029563923118344
37842,12.247241957441936
37843,17.48694186939424
37844,14.432978872767302
37845,20.747239588566803
37846,12.894346708817585
37847,17.76250078984821
37848,13.53340705586801
37849,18.792881585335465
37850,12.113824821216697
37851,18.704553961911905
37852,17.040817567540383
37853,20.7181343080922
37854,11.67380153340772
37855,18.511545380934546
37856,14.959297492744
37857,14.62080375105301
37858,12.757146615437819
37859,19.04864810573733
37860,16.890065504786435
37861,16.706876485230445
37862,15.181163033921328
37863,10.76492875715299
37864,19.45302796865636
37865,15.09653194986903
37866,14.344417909170911
37867,13.416472769494371
37868,15.554559080783488
37869,15.619700109357751
37870,16.901127680165715
37871,14.490497593694831
37872,21.287973218328112
37873,13.063426232088144
37874,14.405957364657965
37875,21.110771756605473
37876,19.25751899345483
37877,13.260404549648534
37878,10.776448136999832
37879,18.39489164742479
37880,19.13840460981289
37881,16.880173100442935
37882,19.08797684401353
37883,16.042218614609034
37884,10.061737255013345
37885,12.904821683053472
37886,21.128991702278732
37887,11.8653665853037
37888,10.32435238408646
37889,10.07501516101614
37890,14.424536028091948
37891,21.36138913869795
37892,18.212735961571237
37893,16.279257304435014
37894,19.429730238448748
37895,15.611688320945408
37896,11.065042090582494
37897,15.914514159184321
37898,14.710320441518457
37899,17.863691736241826
37900,21.45409596477494
37901,10.022854985377265
37902,16.683808658807678
37903,18.041293235294358
37904,14.507372394260235
37905,11.216018481441097
37906,13.645471104939821
37907,17.305150284876042
37908,15.252520462157008
37909,17.87843600324453
37910,14.8374811234414
37911,16.7572853923737
37912,16.72481563136581
37913,15.65895258411955
37914,12.708916297588042
37915,7.382218275822724
37916,18.329529791518354
37917,16.45400242334517
37918,17.375815885204922
37919,13.031541704594789
37920,20.29287452851002
37921,19.13271093576496
37922,17.176374039968366
37923,19.900461460408927
37924,16.293219217897907
37925,11.670887929958457
37926,18.580032494462927
37927,9.711061092076564
37928,19.117216656580545
37929,11.61538095511884
37930,13.503150382149412
37931,12.71574217376037
37932,14.51282469362736
37933,15.380065972094535
37934,14.423205987929649
37935,9.875289890814809
37936,18.401830746719064
37937,15.501239855671377
37938,15.377672181419085
37939,14.822378730937423
37940,20.555494826076643
37941,16.522393493968263
37942,22.722395014990813
37943,11.332468550885654
37944,14.036142721313096
37945,14.442903350073864
37946,23.318636061036642
37947,16.51895823157679
37948,13.950748701444082
37949,15.036776746025627
37950,11.057911983522148
37951,16.79742642598729
37952,9.752380197506984
37953,12.961482610256057
37954,14.605891964110212
37955,13.273210443423485
37956,16.076857031575095
37957,20.14708402715946
37958,15.101517433929958
37959,17.878161385934835
37960,13.733226907871916
37961,13.106499134125075
37962,16.537439686944563
37963,19.637659828160857
37964,15.7813298470527
37965,14.340024265699018
37966,14.46312886337391
37967,9.915866714257955
37968,18.68418599067987
37969,18.311303521586858
37970,16.10554321987124
37971,16.184719926614875
37972,8.502443261836222
37973,20.195201839938008
37974,22.39675079504821
37975,20.54468857987984
37976,15.87958102130238
37977,16.638225622284722
37978,14.999181763946385
37979,12.17695141573065
37980,15.668357563090527
37981,20.126601972319307
37982,16.142352531458556
37983,12.28590343413121
37984,15.611066850155806
37985,12.526457737770968
37986,20.352391138995934
37987,11.905583015764135
37988,16.012947383321578
37989,16.723896233859193
37990,12.206175390792787
37991,13.419667400729441
37992,15.420389276006349
37993,12.508986554833708
37994,17.747443644077006
37995,13.35210484603719
37996,17.797378709579256
37997,17.816464234794317
37998,14.838167354987638
37999,14.387118938772133
38000,14.511051925964928
38001,20.255989025398012
38002,12.553957703233046
38003,17.04572799922297
38004,13.70306809313472
38005,17.263523341353135
38006,20.488098481798332
38007,17.30304018092317
38008,19.76921913471732
38009,12.851733460312577
38010,10.787331343841128
38011,24.00453138172869
38012,16.634110760283292
38013,13.670038957662598
38014,19.605809842342985
38015,9.731815815297475
38016,15.535239419509198
38017,15.942261703345302
38018,11.603423911585384
38019,14.102551256070658
38020,17.881956804786775
38021,14.450315345446047
38022,11.290087127996927
38023,16.19556374131071
38024,13.099247061903846
38025,17.033511463634582
38026,10.710995937789761
38027,13.987845661622648
38028,11.732927934181662
38029,21.2782041755327
38030,20.03896916473089
38031,17.249582949010005
38032,11.774555330829305
38033,13.376959857504321
38034,13.695006365951327
38035,19.24261404333749
38036,16.64461242174694
38037,16.18653240110844
38038,16.683454495009876
38039,13.542431774819068
38040,16.890030899811787
38041,10.76176952109834
38042,14.602282079695398
38043,15.999114324583275
38044,14.196884327626066
38045,10.290604053108327
38046,17.269378001805077
38047,13.841821657092794
38048,15.389095084804955
38049,12.771872668576705
38050,21.503520840500716
38051,17.012370027010796
38052,10.85401476889307
38053,12.963392845610043
38054,11.73493829484311
38055,16.76898872683033
38056,13.875601610182716
38057,15.25627549144567
38058,15.067775979095558
38059,15.433091429862488
38060,17.46730252461012
38061,18.15033148890706
38062,15.0455414120876
38063,11.518590263071879
38064,12.695837596431488
38065,15.811959640648837
38066,22.05590956977646
38067,16.032260807137643
38068,14.617029226306554
38069,17.08943687943723
38070,14.061846358135622
38071,19.164732477672175
38072,16.30972074927709
38073,16.24558045338443
38074,17.646146173934774
38075,13.424530115209121
38076,17.276338337370152
38077,18.151178202791087
38078,19.076580560272347
38079,14.893671940288877
38080,19.653718232160536
38081,20.27688110379995
38082,10.59323798519765
38083,13.702246712036978
38084,13.76532894671223
38085,23.369920256112987
38086,13.559160299235796
38087,9.137287700500039
38088,18.877182175334898
38089,17.55329985870243
38090,18.221234177247435
38091,16.894281064125327
38092,9.698931285623399
38093,20.44134602665386
38094,12.30187657137851
38095,11.964010559428473
38096,13.054276531759829
38097,13.001128539912209
38098,15.186235324145063
38099,16.589589388323322
38100,18.72421354227013
38101,14.264553959806566
38102,13.136608936428296
38103,13.82665069362638
38104,20.56991883397485
38105,16.06535520288999
38106,12.546272341591424
38107,14.076889062976562
38108,15.560561039208913
38109,10.772628835599491
38110,7.251691580406078
38111,11.275064894527288
38112,15.621660660213418
38113,15.053224564202461
38114,17.309841208960876
38115,16.93772654757895
38116,20.840682185047775
38117,14.33966891195463
38118,18.693629954558716
38119,16.937562295217617
38120,12.469651585564545
38121,14.940166517380783
38122,13.505167539117267
38123,15.50913531214907
38124,10.115844440175758
38125,18.24177920827884
38126,16.74882313403118
38127,12.78923968089197
38128,12.705491981808002
38129,9.856651062222472
38130,17.652066853105666
38131,19.8582806394621
38132,14.633286991775016
38133,16.486010915593127
38134,23.49997800210388
38135,10.277775359372434
38136,19.493984542460666
38137,8.343714205287606
38138,10.818944541960409
38139,19.634293596502808
38140,17.513676295712948
38141,18.984215071724698
38142,14.111597416882361
38143,22.238376964413227
38144,11.739326216104459
38145,24.9573306184982
38146,16.110058814910786
38147,10.408872122125734
38148,11.604468274913529
38149,16.150652121970488
38150,18.792118142121748
38151,16.97495197006717
38152,19.493028704031026
38153,21.202910539396225
38154,18.25483075677729
38155,22.57214508110519
38156,17.78943393028166
38157,12.4242413682861
38158,19.060268164308308
38159,14.649087259106714
38160,15.941853984690848
38161,15.520327047749138
38162,11.289784635165422
38163,16.73376090532423
38164,18.81973558896691
38165,16.540813355277315
38166,15.641192951603937
38167,18.74518826682936
38168,18.039724419001132
38169,15.997055010880947
38170,15.370015717551262
38171,15.699821534978982
38172,16.600119188544426
38173,18.459234898228694
38174,22.277590596628635
38175,13.451184996757927
38176,17.815642464594223
38177,18.21463201311908
38178,15.162876105620686
38179,19.93233505910215
38180,12.599040954398017
38181,17.80422321126376
38182,11.876935170511898
38183,15.139739241876685
38184,16.52440720710713
38185,9.54673945020278
38186,20.33402960391896
38187,19.873970563888967
38188,16.787627262647913
38189,18.988908434387202
38190,17.274928158003192
38191,18.239348325340032
38192,18.172689524335613
38193,20.573757133840115
38194,13.700223736825127
38195,13.60429503354677
38196,16.648209513371206
38197,16.270494542359668
38198,19.60155146283493
38199,15.942933687120753
38200,15.158759252120175
38201,17.595105734128403
38202,15.03706014150315
38203,18.958329808365416
38204,9.848515622311764
38205,20.84797102695046
38206,11.426375184698426
38207,21.5468651276636
38208,12.250247863924658
38209,12.775379913723263
38210,8.871110175782318
38211,7.624625705016074
38212,21.026097733195325
38213,18.36859605010944
38214,23.587887850533136
38215,15.396358114507153
38216,10.200474444559099
38217,14.168278645549334
38218,13.217368797886031
38219,4.835814218465847
38220,19.676311682471155
38221,16.868273778120134
38222,15.297296245800698
38223,17.483946573041155
38224,16.91694480340571
38225,15.5295852111544
38226,14.610886994381774
38227,14.906593187858583
38228,11.97370382195411
38229,9.848079442930665
38230,19.042404513249203
38231,16.434575881434444
38232,13.828953574811674
38233,15.223926014495676
38234,21.13882852008178
38235,15.511418519234555
38236,24.511652194953605
38237,16.0336665232342
38238,8.167247871184832
38239,17.65676227790633
38240,11.415677110245115
38241,8.088177075576095
38242,17.785733599814076
38243,13.471905434299114
38244,14.856755566341715
38245,12.592997546538204
38246,11.677818043693845
38247,18.098180796595326
38248,21.981826579639545
38249,20.322570026393997
38250,17.865424118084793
38251,14.129811068261466
38252,19.39419164040677
38253,16.26496604793506
38254,20.82871055246936
38255,21.16727417095806
38256,11.02966204351593
38257,13.615282774475002
38258,18.67774698882481
38259,17.26925207959667
38260,14.317445243347343
38261,18.36825585933807
38262,17.49372513239668
38263,19.308661190380995
38264,16.612710422364874
38265,13.345548195955061
38266,16.72231567251791
38267,20.509794067044027
38268,13.517646603661364
38269,14.998218516660266
38270,14.092313338438398
38271,17.63591512840956
38272,20.409644176444836
38273,15.888387203127792
38274,15.859179317372963
38275,17.02883614849199
38276,17.056053464930983
38277,19.977748411717286
38278,14.761251657923829
38279,11.194477208902631
38280,14.89227654243385
38281,10.845410170992583
38282,18.06140627570074
38283,17.03288028994171
38284,22.714804448236915
38285,10.72338221398925
38286,10.94655910082589
38287,15.11019562908906
38288,11.772221181378676
38289,13.040329572186263
38290,14.848015707511305
38291,17.550454416792462
38292,15.713851381526963
38293,15.274868952046662
38294,16.667338563351557
38295,14.293251842753454
38296,15.396418223467027
38297,11.477194892360654
38298,15.388733465332612
38299,18.735580285790665
38300,17.429261572221744
38301,16.277695297483756
38302,12.536013504208917
38303,17.093259642422588
38304,11.790416585461042
38305,7.916932794385578
38306,17.357174517751908
38307,13.418387166850037
38308,14.388188762925568
38309,21.72218564489245
38310,13.002948031707355
38311,12.911208189479991
38312,12.815105651572374
38313,17.446870450347806
38314,15.483593881292535
38315,11.497760322110514
38316,13.66666067748626
38317,17.4614525809789
38318,13.76545475787199
38319,13.354653328168698
38320,13.189946271107846
38321,16.600045162119788
38322,14.243193590447268
38323,23.386919120674893
38324,10.921883148755738
38325,17.074774385665997
38326,17.43573725018487
38327,21.925508693739097
38328,17.096210042900726
38329,21.988585425841045
38330,13.457346249164985
38331,14.921548356880821
38332,16.568029706929618
38333,19.76718306910135
38334,14.100239907732693
38335,18.89267609179323
38336,15.660492465793206
38337,11.301340567406212
38338,18.731763193424214
38339,16.572022626864467
38340,15.113026957207053
38341,15.37920261144792
38342,10.951039685877394
38343,20.503003994885823
38344,15.46635564468253
38345,25.43744412832057
38346,23.05038841758388
38347,13.288478491395477
38348,15.092356856448745
38349,12.093905724903935
38350,21.186058943494505
38351,19.24878657253495
38352,13.720474950123492
38353,13.80294193079579
38354,15.796549069502966
38355,19.251294336132492
38356,12.204496137895465
38357,11.426564633736817
38358,17.28728907059805
38359,14.009883760254386
38360,24.226176131850508
38361,20.49244459278109
38362,14.501102908830354
38363,16.114870298447055
38364,16.74964134760738
38365,10.979148604678008
38366,20.742609235303618
38367,8.2724216458141
38368,15.766029552764165
38369,12.613871934551677
38370,18.330887073819426
38371,10.59494533372496
38372,13.542495848680689
38373,19.2672804171998
38374,16.828627946460333
38375,14.757558755807938
38376,13.311804023057292
38377,15.389550830497319
38378,14.920852181079098
38379,17.500337978522964
38380,12.531181669978706
38381,12.599092776837274
38382,16.56165239063035
38383,22.065270235755204
38384,20.55940567193165
38385,18.317217873611753
38386,16.826880397024393
38387,13.09066820364011
38388,18.374871217599896
38389,12.979440230451837
38390,14.656988961180913
38391,17.275081518949897
38392,15.189160065996441
38393,18.715878753846248
38394,16.433132078220883
38395,15.371585823542011
38396,15.235117247583624
38397,13.699679709769814
38398,17.828558077744756
38399,13.175332447173457
38400,11.453399402677702
38401,14.214593281348682
38402,9.864799196930154
38403,17.936950728888384
38404,14.771088460615994
38405,16.815529547287003
38406,17.140901389374704
38407,19.57803397433166
38408,17.887429418540407
38409,20.469522788330437
38410,16.835093600581573
38411,20.02254267142962
38412,14.362955008658036
38413,22.96392103100962
38414,21.59105483194554
38415,16.802936726888888
38416,20.04768821687129
38417,15.854444565526991
38418,19.475800968014074
38419,12.989838913791537
38420,14.026850973178192
38421,10.270626440233432
38422,16.17478058569877
38423,17.9886719796013
38424,15.263448224969057
38425,15.548805172109754
38426,12.696287720967373
38427,17.210874620769996
38428,16.62494196771589
38429,17.971940427299984
38430,18.4479070357583
38431,13.880901429668524
38432,14.030306257163156
38433,16.189474568637326
38434,16.337310962185814
38435,15.256372968828378
38436,14.303229029677796
38437,19.533738458515526
38438,17.253207195607757
38439,14.524145469439874
38440,15.920616458932399
38441,14.168149749473173
38442,14.151271707244506
38443,14.864151479137039
38444,11.914393049126515
38445,16.3253112062003
38446,21.980556585340956
38447,19.945942858574846
38448,15.563558047104475
38449,16.249011189049217
38450,11.410847756431417
38451,12.274641433363232
38452,10.915301543278202
38453,11.537241427484027
38454,21.799488346387207
38455,11.857266107675276
38456,16.79275172590193
38457,15.20515207585893
38458,11.374315634630284
38459,14.733838979880847
38460,10.32878265081213
38461,15.222238804970962
38462,15.691725548394047
38463,20.27065869271038
38464,14.076997790024777
38465,14.505602141815892
38466,12.078987789762976
38467,18.875933339161865
38468,13.355266141603138
38469,10.833335865248134
38470,17.290432478639065
38471,20.548292765451865
38472,17.524600236347595
38473,14.570941494596054
38474,10.235117894674424
38475,17.920504883027608
38476,15.361250025132481
38477,18.72458521743151
38478,14.84944262485931
38479,13.820656054690284
38480,15.599960720509479
38481,19.163291760868393
38482,13.045013101168992
38483,19.590868110072364
38484,13.461702408166582
38485,13.609450122870491
38486,15.625544744403594
38487,10.723884120831439
38488,19.897880404637792
38489,9.846956447817792
38490,16.905617262792475
38491,11.586698366786916
38492,16.175652053372833
38493,13.98904858935938
38494,14.206490507491324
38495,12.49764959659063
38496,13.518475884253505
38497,18.505491491018606
38498,18.43636336682519
38499,10.972623222299733
38500,17.252336891879814
38501,8.899570686412481
38502,8.002669556480754
38503,17.209598469332274
38504,9.638078766165407
38505,15.433265370727092
38506,15.14419942378115
38507,19.62855785579116
38508,16.526444752892598
38509,12.850150379004848
38510,17.512743078629864
38511,19.21786346252132
38512,16.838183537254583
38513,12.689154037344656
38514,16.71844428931659
38515,13.658562469875614
38516,19.067148555746513
38517,9.255808405908182
38518,17.048245002723377
38519,19.51211546369666
38520,21.005564432243904
38521,18.95400120947096
38522,13.604073414506464
38523,11.767483853978309
38524,16.79445977081943
38525,17.768942874593904
38526,15.781619022393631
38527,13.827345470988506
38528,15.073058452228276
38529,14.317005635075292
38530,15.822320446193038
38531,7.1338429437362585
38532,18.144958885655285
38533,13.35085170539033
38534,19.61819041203268
38535,8.62677703559357
38536,11.257748436425633
38537,11.241894339239604
38538,17.09047742954392
38539,18.624359219707543
38540,12.051653637482648
38541,19.10717433331304
38542,15.856205851152433
38543,18.50312098618896
38544,12.09710476531247
38545,10.87550847857753
38546,14.380511701403211
38547,18.006036232040106
38548,11.0029613641501
38549,18.226791164240773
38550,14.385113693986499
38551,17.0718812923036
38552,15.088408081018601
38553,10.966972871559705
38554,7.85323675694746
38555,15.52948339562956
38556,15.639155171732673
38557,19.601464716672155
38558,11.579367610744569
38559,16.10645320390584
38560,18.41117232512549
38561,11.839468897236298
38562,11.823202545669492
38563,17.82384445565193
38564,15.360242256068789
38565,13.363573296231927
38566,19.589849311078137
38567,20.204623916688465
38568,9.140340357182222
38569,14.634389786697417
38570,18.51233336706796
38571,10.989094524406736
38572,15.479393380641628
38573,20.64419752933354
38574,14.688589745679497
38575,14.787380655550532
38576,15.534139752799861
38577,16.154961265820408
38578,13.8334929940819
38579,16.442879133360464
38580,17.06777098831532
38581,11.920671909370707
38582,17.840080632996465
38583,14.787677770807049
38584,18.405648523718277
38585,14.788002558862237
38586,14.885982567512444
38587,9.995753729240223
38588,15.727532823169259
38589,12.811003570336066
38590,12.51888661317301
38591,14.98296617827762
38592,7.695405560339385
38593,12.363123016644074
38594,17.78094668914525
38595,16.021943683324533
38596,10.33967784247545
38597,12.858339719487914
38598,17.09796382268238
38599,14.257828468653214
38600,14.038912978290204
38601,18.124414695508573
38602,16.440973671342316
38603,13.789853005968242
38604,16.365039113308143
38605,21.379811289152183
38606,16.346521245108672
38607,12.729737222503983
38608,13.993344899088012
38609,16.030560880283883
38610,17.323282698548653
38611,17.039718485750203
38612,10.557385263941288
38613,12.408113668086958
38614,18.39373568709389
38615,14.414974375164515
38616,16.319487512941677
38617,13.643879894157298
38618,10.96889525328464
38619,17.633363231174688
38620,17.458982175728774
38621,16.357668748978153
38622,14.647131897038681
38623,17.952271612345147
38624,13.489407920443846
38625,14.72126738530684
38626,12.87695681154065
38627,14.006126718594922
38628,14.747785941927404
38629,19.4536190321467
38630,17.606825113704694
38631,13.523921275673835
38632,14.227527396646204
38633,16.289288487881294
38634,18.510694579873434
38635,15.912647501723844
38636,19.200473320878274
38637,4.472922865582181
38638,10.639818567478976
38639,18.323317036284266
38640,18.100809779307212
38641,8.636587162898538
38642,11.407709112830918
38643,16.876306775928665
38644,12.903456611200783
38645,15.071350937034879
38646,12.704058215122066
38647,17.064648073378272
38648,12.13582991886967
38649,12.698225785192413
38650,16.88842535328332
38651,16.116449186116604
38652,13.525621820030507
38653,11.832310160522036
38654,13.12354959354883
38655,19.6241921569427
38656,16.42573727233571
38657,10.412720468969368
38658,9.413942306851535
38659,11.716683515243576
38660,14.473137874441868
38661,15.799896629558676
38662,18.223000550030722
38663,8.313924632791286
38664,16.468853509435323
38665,12.604540158592886
38666,16.499510385237603
38667,11.599617490798195
38668,18.382376872867262
38669,14.195942648301283
38670,16.90349263099328
38671,11.906137552703068
38672,18.19923406113587
38673,15.588222892031355
38674,15.385391107970893
38675,19.524362376162664
38676,22.882034524880048
38677,11.216914603850165
38678,12.295433806843103
38679,12.65043320410251
38680,19.523058134163783
38681,16.482244953381418
38682,17.727727597751525
38683,18.735275231111622
38684,15.24857100474418
38685,16.619192728233653
38686,15.187283180845043
38687,21.781014227844047
38688,16.82603298942433
38689,13.158724172766822
38690,22.741225633811695
38691,11.250284567479877
38692,19.483334544358158
38693,13.230758524426165
38694,14.019100024196046
38695,18.348388373119754
38696,13.871324479186613
38697,13.903090395768109
38698,18.553714668916335
38699,14.248391997428605
38700,16.81153522929324
38701,18.418157334292314
38702,14.680303975940996
38703,12.004270532422641
38704,19.09150080169683
38705,17.958386458780193
38706,13.592178767868317
38707,13.14227796641544
38708,14.91857936380873
38709,16.711945174814762
38710,9.573997861828115
38711,18.658779207372035
38712,17.389156514075175
38713,16.946092581937123
38714,15.384618817356094
38715,16.26291826246208
38716,11.821410140744906
38717,17.475658351539135
38718,17.146802878038553
38719,12.743646314160545
38720,16.58674933071898
38721,8.291256924893734
38722,21.780618468856332
38723,16.02336170874213
38724,18.574667704871853
38725,22.92072776014254
38726,20.177972348877766
38727,12.970973362734217
38728,9.649654421236043
38729,19.359049025814603
38730,12.326482001580699
38731,13.111168560039054
38732,17.724854384114394
38733,11.114314308301275
38734,14.839643504514138
38735,21.168764092320828
38736,19.627868105140028
38737,13.942782827413941
38738,20.116202962085694
38739,14.26510653345521
38740,10.71577098864348
38741,17.76173577642096
38742,14.035443434323083
38743,18.69807544168541
38744,9.06869095565225
38745,17.41209321310307
38746,15.450602782730941
38747,18.010469035775728
38748,14.005768963774294
38749,16.76233860366924
38750,10.656091685375266
38751,13.706592436719037
38752,18.757166104647872
38753,17.079048198228275
38754,9.805479471591603
38755,12.212541128720837
38756,14.909516892071693
38757,16.38821603203822
38758,16.427985970366233
38759,14.967889422200692
38760,19.090323630778357
38761,8.091578955430768
38762,20.70113754038976
38763,16.78579999432503
38764,14.413877282282062
38765,16.20364788110816
38766,11.376094959194306
38767,14.409547414609085
38768,13.360319336266736
38769,17.399299534153155
38770,14.780419008297784
38771,18.15518335878227
38772,23.665072886524662
38773,19.684641039395267
38774,17.86101413181006
38775,11.167908574101755
38776,10.75798902289888
38777,14.664986780525465
38778,15.418486344372731
38779,13.377829689744456
38780,19.157784332371154
38781,13.206575890926088
38782,12.393899713671123
38783,13.668297105883392
38784,11.316900111556683
38785,11.207873956268658
38786,17.482837845993597
38787,10.460953413182514
38788,13.212123001269084
38789,18.251679294719782
38790,16.335564348210408
38791,15.853755537634985
38792,21.790045797776642
38793,14.92598839861757
38794,14.180087053761595
38795,14.769865016051137
38796,20.786042903250706
38797,15.233173456370059
38798,15.384923184236964
38799,21.516365923855847
38800,17.367630314586545
38801,17.712960045108208
38802,13.120186244873455
38803,17.639382520535698
38804,11.287001938872452
38805,12.274379979818566
38806,14.561154437965065
38807,16.801257911211305
38808,13.998064004910457
38809,18.09527204629487
38810,15.05057316057851
38811,15.213769978197416
38812,15.914667014217914
38813,12.850328673348976
38814,20.82800498371151
38815,15.252422164159224
38816,15.131075764294208
38817,10.9739008893087
38818,21.94662304062424
38819,11.33665200205474
38820,12.879590184451153
38821,12.740000725346789
38822,15.162989415677707
38823,16.846517606244483
38824,21.56941217474992
38825,13.135815889268411
38826,20.34094314972272
38827,12.923995263538895
38828,9.127253810086815
38829,12.393753156031337
38830,11.641171143932684
38831,16.898926899269778
38832,18.393447057905142
38833,15.258423420124409
38834,19.362609797346156
38835,14.98533344197106
38836,12.975652187879142
38837,20.023894978251384
38838,19.20480301750567
38839,12.918224283869174
38840,19.504460424386284
38841,13.808499069054925
38842,14.494024633724415
38843,12.517401630904047
38844,14.23399227104681
38845,15.12162494924408
38846,14.063247778650416
38847,11.203956827023628
38848,17.75618133131651
38849,17.012509812635187
38850,20.865604273969677
38851,14.98393446209296
38852,8.560521800633602
38853,16.138533938439167
38854,19.879668065474764
38855,15.455652694695738
38856,13.65927616376024
38857,21.52250006361087
38858,11.862922461612058
38859,19.93810286671247
38860,14.622696112236827
38861,19.04079448536573
38862,14.399862735198877
38863,19.75294939177293
38864,10.022173414960097
38865,16.481543335656447
38866,9.138954018384611
38867,9.134319622807986
38868,10.443509672903733
38869,15.321884540044309
38870,18.85967771874603
38871,14.368630453663448
38872,14.80484720208529
38873,16.43828828361338
38874,14.605441472961715
38875,14.549881247749513
38876,21.423500257429865
38877,13.501827820922438
38878,19.648597813021727
38879,10.070554952127633
38880,9.182224683768002
38881,17.12403528709978
38882,16.21852225962227
38883,15.42666431700321
38884,16.742697817472234
38885,15.101799424649583
38886,17.132635019815496
38887,18.97988737195429
38888,13.590368809734096
38889,10.475727014658899
38890,19.23729797351939
38891,16.380352352593167
38892,15.252486011880267
38893,22.01098998225519
38894,15.233822440548954
38895,12.853639492864534
38896,22.58016734403629
38897,12.777984706138868
38898,15.113960891123112
38899,18.723272578067615
38900,14.986519485227278
38901,20.70120672029598
38902,15.06011145687186
38903,14.580444567766738
38904,12.886910973792759
38905,13.499040165689149
38906,20.261143991080658
38907,15.67419042627152
38908,14.329895954260268
38909,19.321687644549016
38910,16.70399911876736
38911,18.41171757561073
38912,14.428546652667107
38913,13.61255545009831
38914,8.531411198480445
38915,16.85928021010538
38916,13.968730403689882
38917,13.699799493621219
38918,17.647629338836584
38919,13.54075690192979
38920,19.169377288251027
38921,12.57981227794562
38922,13.396883811487607
38923,13.214973653425627
38924,18.922120368802936
38925,10.328359834455584
38926,17.985959728076086
38927,14.646149256158495
38928,16.585523426950132
38929,13.843233884674381
38930,16.603884605219402
38931,19.15690571530937
38932,18.106628546267984
38933,12.724329149203546
38934,13.799176066879124
38935,13.766749357318286
38936,19.419008391102583
38937,14.974420154781486
38938,16.93002702440348
38939,19.74054373067883
38940,16.827133792321902
38941,15.005937655178823
38942,23.70412503218791
38943,14.666392728781007
38944,16.160824480712353
38945,18.439908288542462
38946,12.329897285564579
38947,15.294604764942102
38948,18.994435407742117
38949,11.189650318149353
38950,9.400056846738043
38951,14.978996579930442
38952,13.559723386575653
38953,17.098608122551255
38954,9.194490255559991
38955,15.182697557018138
38956,17.73381179316164
38957,18.172274107642654
38958,15.160708852009918
38959,13.82370386406217
38960,12.395861237276742
38961,12.215207626805437
38962,19.912506997795667
38963,15.331810438446018
38964,16.688228806182376
38965,12.831856707049141
38966,17.531812692048746
38967,14.233442811446642
38968,18.589444925197835
38969,16.048887712753803
38970,19.59354634056355
38971,13.878166002208026
38972,15.184830998266154
38973,13.676282469915702
38974,15.49317003460678
38975,14.250508933129643
38976,16.513411572545042
38977,13.115178297500826
38978,11.62256865612014
38979,13.79929567976135
38980,15.152369793724402
38981,7.919491774093487
38982,15.539918481727913
38983,17.361294826432424
38984,13.275180993675823
38985,14.43144857792779
38986,11.54426077153856
38987,15.980992412387891
38988,13.149802283728711
38989,14.953958902147528
38990,11.277324722310848
38991,17.44785081433481
38992,21.674034852765974
38993,19.86259354236702
38994,14.105492291515358
38995,12.101606932167119
38996,16.838645861429452
38997,13.470227069404302
38998,15.716420791732581
38999,13.80167152402878
39000,16.598925611381656
39001,15.5142032647083
39002,15.288244950815809
39003,15.677586824045258
39004,13.494988722104159
39005,14.892639820167075
39006,11.290697103204982
39007,9.38153767051682
39008,16.961239765522656
39009,15.617187081849172
39010,19.849028017062146
39011,14.158674771729018
39012,15.648797944073493
39013,18.829541389117438
39014,13.818994622924107
39015,10.701449097852613
39016,19.724932691571812
39017,20.676967077024067
39018,16.27678306734027
39019,17.959817522966873
39020,18.349464765497437
39021,14.820877542270527
39022,16.11039789419858
39023,14.750072463599965
39024,14.136701728016705
39025,19.544699355805523
39026,15.54722871890071
39027,20.48681916147071
39028,20.980880747600743
39029,18.740080949775738
39030,20.72007991922059
39031,16.517502216199105
39032,14.636682531742643
39033,17.109918058926098
39034,15.415714494355498
39035,10.284744888391213
39036,14.304922536373674
39037,21.033762044864126
39038,10.491940893175325
39039,15.532973586752611
39040,14.089241345637287
39041,14.340844586029743
39042,16.864764946866554
39043,16.48499316818697
39044,17.7540311103588
39045,16.831955609845984
39046,16.359646279430546
39047,17.849777628337687
39048,13.193047229624602
39049,10.110607273439062
39050,13.41705347618919
39051,18.15028197343997
39052,5.453210626998926
39053,19.416548196762207
39054,15.067172103269055
39055,20.40220170815146
39056,17.30610624552968
39057,11.38955007245101
39058,8.752183402055715
39059,20.639248748079705
39060,16.862253314142215
39061,13.755476147990212
39062,12.954671765905717
39063,11.375483884104721
39064,16.18408761835546
39065,16.13843189251745
39066,13.833204214640352
39067,12.979698874744473
39068,16.12869619993829
39069,11.093070856137274
39070,16.69829954862581
39071,13.373610576850465
39072,12.422074597387377
39073,13.424533545520772
39074,12.023033367391552
39075,12.175225723337308
39076,18.97315220249275
39077,17.360894795103345
39078,20.606324866836047
39079,16.592577117328187
39080,22.67695875921438
39081,16.47937133897122
39082,14.556840174163785
39083,15.302304477128354
39084,13.58387950863586
39085,14.448749961432746
39086,14.504957092068341
39087,17.295397293764275
39088,19.409395739522434
39089,12.009399839814465
39090,10.57921853678492
39091,12.906482883116718
39092,10.651919780923517
39093,15.182391787396405
39094,22.244659796270643
39095,18.585184094816825
39096,15.87475239429334
39097,19.77123326316674
39098,18.251005179373422
39099,13.753465060249017
39100,16.562498393358158
39101,14.99614908981672
39102,13.914486109225308
39103,17.03953632923625
39104,13.253951466581238
39105,10.463063287839523
39106,18.471212254445664
39107,15.511638743107511
39108,16.52499741799838
39109,16.93705501828614
39110,20.342233013069272
39111,14.61024554860368
39112,17.006849488619732
39113,19.612487374693295
39114,12.811674979669268
39115,12.871580979639562
39116,15.228568270084248
39117,16.703372808343367
39118,14.700354238158033
39119,17.936152283650923
39120,13.236838327411308
39121,10.408671890748067
39122,8.433578557826962
39123,18.678149695065184
39124,16.274369662704306
39125,13.442361305912197
39126,17.631211400421854
39127,16.29547840039911
39128,11.874362105289507
39129,11.609264302884078
39130,15.664641533504394
39131,14.297922126151825
39132,11.719377368530097
39133,16.972992039233674
39134,14.971190405788159
39135,21.56213919485382
39136,13.460621870460793
39137,21.103178533563863
39138,17.126243414306042
39139,20.787720320979176
39140,17.181240530242345
39141,15.62610872364341
39142,16.669560372507117
39143,14.573979784175163
39144,16.367710006716948
39145,15.639382610452943
39146,13.149735213538854
39147,11.661793347641861
39148,9.783370582516607
39149,11.1391395770452
39150,16.458344165562956
39151,11.848843643236318
39152,13.362106182898021
39153,13.301504185868954
39154,13.210645923124739
39155,13.945081987487132
39156,14.456668198875684
39157,9.470516237936458
39158,13.537807738431827
39159,10.348125134698982
39160,15.795337833312189
39161,17.655565714027507
39162,15.115221765926584
39163,18.597642709710655
39164,7.0935306602869215
39165,5.202188154141043
39166,15.24348376245438
39167,9.65505251457823
39168,11.77792904373819
39169,16.223174214752465
39170,12.648540550140838
39171,16.198789989858202
39172,24.439385242948617
39173,19.603964889807216
39174,16.482615358843947
39175,13.800524087774024
39176,15.11092104761694
39177,17.806067201889054
39178,14.6304794618891
39179,21.93262943228068
39180,15.090524795546369
39181,14.940115896419693
39182,13.63618329953754
39183,11.307625341860113
39184,11.91066833157211
39185,8.526561376629505
39186,13.836681306957706
39187,12.569602544489731
39188,14.623818034620697
39189,12.278364484915429
39190,10.967641160850661
39191,15.064627145761973
39192,15.0100244371541
39193,12.30410152883009
39194,15.118960206074638
39195,16.20972846854952
39196,15.09226201659289
39197,19.106186896844527
39198,14.503267548788152
39199,16.025088930360493
39200,20.24342895991539
39201,12.372368669206864
39202,12.666125519882653
39203,18.732664524249326
39204,19.5095394258262
39205,17.938401398224556
39206,17.210866288183897
39207,16.421717206763184
39208,14.099157091143537
39209,19.042914860992486
39210,20.52784084001032
39211,15.344310019566217
39212,15.829921474237292
39213,14.551605138322277
39214,22.014165737093002
39215,16.96730785687413
39216,13.080202350919805
39217,7.929947492117893
39218,14.558960405205857
39219,11.566836005802474
39220,19.195481213295828
39221,16.897085111598397
39222,12.868202051777347
39223,17.31284259268466
39224,19.160353848169166
39225,11.428512961760699
39226,13.495551358841697
39227,14.087919544560634
39228,18.61519887229279
39229,15.25193702666828
39230,19.87528734327914
39231,14.613965586700616
39232,19.654486294479444
39233,14.554397555983499
39234,15.946288971208814
39235,13.669946594464623
39236,16.40132552356253
39237,17.699572933538438
39238,15.551713489115784
39239,14.598642876775585
39240,12.03452614100357
39241,9.635346058762602
39242,10.804051577070428
39243,12.942470833763627
39244,15.923191299031146
39245,19.368986139332748
39246,12.980074255330397
39247,17.750797158271613
39248,15.299594215071226
39249,20.74772203037937
39250,15.625957624544526
39251,12.289031785500015
39252,17.776582697019798
39253,13.955586560709584
39254,14.857437489952229
39255,17.90760704166453
39256,14.692779863704391
39257,16.03048487001849
39258,15.324052572735187
39259,14.150285045382553
39260,13.480722755613016
39261,16.605106945067195
39262,17.018972053053872
39263,20.349824381891644
39264,9.352675460873176
39265,12.76808220630348
39266,15.711805848611226
39267,17.838801295503437
39268,14.402951136211225
39269,15.540683644024892
39270,17.85702454331895
39271,16.61474691311713
39272,14.282427050817363
39273,18.558988324423645
39274,16.06239420314622
39275,18.031771352426407
39276,13.690460979518932
39277,14.898725244903366
39278,19.758544594964082
39279,15.376273524218902
39280,22.037788658795815
39281,11.291484466650763
39282,13.981287852485655
39283,13.122435838099019
39284,17.53144709223136
39285,22.079009457772464
39286,10.485117705633
39287,11.56328497316536
39288,17.390043036352793
39289,13.533603954147507
39290,16.755348228488796
39291,20.143449651631244
39292,11.26207242791929
39293,15.981129694299673
39294,13.277347736819006
39295,19.286302383944413
39296,14.279173212500375
39297,13.884401376796879
39298,12.76913106978755
39299,18.940913492632795
39300,14.946854703373509
39301,10.139667435921762
39302,11.545896065029178
39303,13.44770222448619
39304,10.74893309814815
39305,15.155859878198106
39306,13.149960010180195
39307,18.72466675431212
39308,14.0215145424057
39309,9.833432102051805
39310,19.48466182439647
39311,15.787206685907417
39312,15.96705982290773
39313,19.394270936736103
39314,20.362723272518146
39315,16.230333935541474
39316,21.470142090340087
39317,13.094717311682725
39318,14.44273549483662
39319,21.094589131847687
39320,10.346717856082595
39321,17.775929686525508
39322,17.084050117989385
39323,17.45460981905335
39324,17.490145419216628
39325,20.621530830458596
39326,16.945529257721965
39327,14.594954658175984
39328,11.047531466836533
39329,16.359509910778915
39330,14.11008768631673
39331,5.890359613850293
39332,15.145537436737712
39333,16.047475093352368
39334,17.8067377694438
39335,17.015511921145006
39336,13.045690128843898
39337,13.662516746603334
39338,10.993306075652825
39339,15.123345698469159
39340,12.21515990553444
39341,15.18084797695233
39342,10.674346486928403
39343,11.50296766592536
39344,12.704038644701479
39345,19.200116770715162
39346,11.544049105627499
39347,18.69230882318376
39348,12.325249836954237
39349,18.330412986269582
39350,15.182937445492254
39351,14.398582841651958
39352,15.169098215754369
39353,19.8254005230298
39354,12.44374558155575
39355,14.519589234932536
39356,17.21872193432172
39357,17.144480896457818
39358,15.315478478361038
39359,13.1289314421247
39360,16.34487020014909
39361,16.66945563169305
39362,18.43312732403054
39363,9.283679059166099
39364,15.589196081454842
39365,19.038525976083264
39366,11.092593517149336
39367,19.58831132024846
39368,12.913163305905021
39369,13.504413985478111
39370,17.150407343384174
39371,14.629019339577136
39372,16.04343384873732
39373,20.551134234519505
39374,14.276448154458565
39375,18.905598262424295
39376,18.096016577912334
39377,14.707480203337154
39378,12.938320353880792
39379,14.985982891704563
39380,16.097612484291528
39381,15.544693988371616
39382,17.3193857600232
39383,16.95727735680206
39384,13.839642909481533
39385,12.74161246570251
39386,8.829320640659425
39387,13.484021478131751
39388,16.401158813438013
39389,13.287389485467406
39390,18.99172246692513
39391,12.257451138637752
39392,15.55964360278929
39393,17.090423873514034
39394,15.177391533353147
39395,16.449386722819728
39396,17.102841658167375
39397,19.138060191799433
39398,13.37905427394501
39399,18.08630542417118
39400,12.661502417593336
39401,20.534816942428506
39402,10.847202727050911
39403,20.34004967643424
39404,13.519388192641122
39405,12.68354567652164
39406,14.297074175495126
39407,13.627099296651267
39408,19.727247223681374
39409,19.525741109354676
39410,17.654922714897005
39411,9.545710188604424
39412,11.6510139617091
39413,22.968934083295355
39414,9.354468835089554
39415,15.05197834413841
39416,17.699259833179905
39417,17.389552470001775
39418,16.37360073459087
39419,14.784610545469402
39420,18.042704738579666
39421,18.84896416119874
39422,14.564980154933252
39423,7.396077765164591
39424,10.522532705143718
39425,12.307352084401519
39426,15.024314215638308
39427,11.715903885309784
39428,15.263140578118085
39429,20.116762137919512
39430,8.935530932169137
39431,17.233224072474314
39432,9.456881668152091
39433,18.935014771236737
39434,11.509800143309953
39435,16.401398784251725
39436,18.089221295541066
39437,12.874871377064505
39438,13.672813641419811
39439,14.966308678181212
39440,18.39270254722262
39441,15.938830649680677
39442,13.10187000786915
39443,12.218278094466148
39444,20.440603802078286
39445,11.449939913925153
39446,11.863772472086906
39447,14.789822387542728
39448,11.230588968326064
39449,15.43586966678001
39450,11.448234631627585
39451,14.453604457034036
39452,10.734865473802454
39453,16.196580142039
39454,19.527722645438246
39455,15.712917938371461
39456,10.705487215318369
39457,16.73965141115344
39458,18.68468539862914
39459,7.388636498007216
39460,8.188963254205012
39461,11.901266130341488
39462,16.465052995624454
39463,12.2263826690631
39464,17.59814931886434
39465,15.132411720401631
39466,18.65270617767444
39467,14.010714402428551
39468,17.31167231035956
39469,14.917848261723591
39470,17.742364965499302
39471,19.29845116506432
39472,14.433113103973543
39473,11.15705884928466
39474,16.139902366922804
39475,10.775183912063074
39476,16.425338773084185
39477,15.063624243608789
39478,12.5464616683691
39479,11.07173645409257
39480,9.958395955614183
39481,17.282428161015602
39482,15.479062343553458
39483,16.732459982944857
39484,14.338007251429385
39485,11.49827475317742
39486,15.34110255644763
39487,10.216288782471768
39488,19.968371926588922
39489,11.93600333934448
39490,17.05795079752466
39491,10.918635287558082
39492,16.306051670323576
39493,22.277836655446066
39494,18.189711436937596
39495,11.228509823482145
39496,20.12833127202555
39497,13.951075176482345
39498,16.48447876859482
39499,11.873543116836782
39500,17.98713784419223
39501,18.141404522185965
39502,16.73350115564099
39503,13.459201489615566
39504,16.94151889528178
39505,9.753186195634541
39506,18.290749438760045
39507,9.2747471578262
39508,15.236411341220268
39509,16.797037915010893
39510,13.98775135245888
39511,16.659857759070846
39512,19.346315089490957
39513,19.02460520008695
39514,19.30862870194904
39515,6.2060983031345405
39516,16.183199746385274
39517,10.512563831835266
39518,15.892234272986673
39519,11.830359575482264
39520,16.89082909975317
39521,16.672993487897273
39522,16.653548775542234
39523,17.645984066694197
39524,11.723729051303332
39525,16.21119071996161
39526,18.813256528598863
39527,13.94190585135983
39528,15.934231935932342
39529,20.620682308711856
39530,14.75857481411217
39531,15.453074762901727
39532,16.939130433017063
39533,14.584944551929373
39534,17.51129387825167
39535,10.854358676332888
39536,21.470309998324364
39537,18.53879640314056
39538,12.801119949962313
39539,14.056894292142205
39540,18.793429109363267
39541,14.698421259324945
39542,13.082374550619315
39543,15.02940582889965
39544,18.59738633031174
39545,15.96676286911528
39546,13.702252922542321
39547,14.924691933162897
39548,12.335820165260238
39549,10.238092895421936
39550,18.45104304605112
39551,15.627937302564792
39552,15.424020465672523
39553,8.924279794145303
39554,13.902949882246727
39555,14.025990821815498
39556,13.485008458322643
39557,11.535399734096098
39558,19.905353535367478
39559,14.635191908226862
39560,16.10017533599741
39561,12.343538801699546
39562,11.69299876592103
39563,17.401653638995676
39564,13.48310598792121
39565,11.290148476085065
39566,13.186505325582466
39567,10.633194212088076
39568,16.474287743143055
39569,11.21527982050545
39570,12.517650716328282
39571,15.709837699212576
39572,8.107235672934937
39573,17.305814366252093
39574,12.781324650794602
39575,14.56962666266462
39576,18.257083142168213
39577,14.796659667071893
39578,20.25581627769239
39579,11.740301683718357
39580,14.91584025213635
39581,12.214956959099316
39582,21.41835045127601
39583,17.097811718094608
39584,14.671140554898694
39585,16.267586097755025
39586,16.95463507863536
39587,17.62819316980486
39588,13.041480322776396
39589,16.655432595129398
39590,9.729876632669821
39591,18.23528909087181
39592,7.697296428629294
39593,14.46240639929746
39594,21.038040645233394
39595,13.918966160759776
39596,10.241908628972546
39597,13.899120300703437
39598,8.077459054288186
39599,13.736856531507254
39600,15.496842719663311
39601,23.576082720587877
39602,13.492410962107927
39603,15.032103246173783
39604,16.10337612945513
39605,10.84631941833745
39606,14.164125900950305
39607,16.753164020318117
39608,14.319458963905499
39609,18.33221486953277
39610,13.142972232298712
39611,17.52907008110147
39612,15.633038989399665
39613,16.911193937155865
39614,12.64440581354534
39615,12.5837394830461
39616,16.692809599744024
39617,11.782528872582704
39618,13.447178033011461
39619,13.122736296231285
39620,14.048801215091064
39621,12.01566237415469
39622,16.369134835714657
39623,13.177113432612463
39624,13.71871278213506
39625,20.482313707918134
39626,16.030657674385207
39627,8.995580057314982
39628,10.594235072139899
39629,15.641967244804524
39630,16.334270236768585
39631,13.590365947170078
39632,18.915016624577724
39633,15.256372704055382
39634,11.996126404140831
39635,19.40705893002636
39636,19.649229996668073
39637,14.805970304724088
39638,11.930586129786096
39639,15.147345098531412
39640,17.208488648823934
39641,20.33888048252908
39642,13.114341042153406
39643,14.340520387616591
39644,18.004128818517316
39645,15.327555702083732
39646,14.837499869138147
39647,19.665047905797206
39648,11.371709370318623
39649,18.916402480948367
39650,16.162400734137062
39651,14.833453130092703
39652,12.52260876900425
39653,17.559986768367924
39654,15.653263372639952
39655,17.8618724365406
39656,11.446044384532474
39657,13.682623680941772
39658,13.161775953394308
39659,12.852597504744828
39660,13.813880676394161
39661,12.76115450546424
39662,12.83477291259215
39663,16.418454298639013
39664,15.208613868607511
39665,12.555659380634891
39666,19.989939196529768
39667,16.43407486079374
39668,13.237039478677904
39669,10.021111880377344
39670,15.964333416725857
39671,14.682732029407727
39672,13.835007038928678
39673,16.47323904717733
39674,12.286550938463707
39675,17.30262593256952
39676,16.885260711305854
39677,17.112240696553926
39678,19.452907021505894
39679,16.255424474981588
39680,14.712536994929222
39681,12.658388840263674
39682,14.609940586543114
39683,16.78725239419317
39684,17.114937709561385
39685,13.971450535317505
39686,13.265521817448132
39687,16.437045107986812
39688,15.457390819066799
39689,14.679870968133345
39690,10.173407626788315
39691,8.107954692327361
39692,17.772007245599752
39693,13.43927507369675
39694,14.570896745022523
39695,9.550559114258075
39696,14.33622404070182
39697,18.481648586473796
39698,18.19483618331428
39699,18.631905166229494
39700,16.677640857412214
39701,8.945414155377927
39702,11.617384728664389
39703,18.8080872823487
39704,15.188256335915103
39705,17.04196703391006
39706,15.828139939652301
39707,19.78689276197698
39708,19.84688347206081
39709,17.828327950181443
39710,7.1214638688525636
39711,19.06226574127525
39712,16.466513285385524
39713,13.32501354110918
39714,13.861495155270694
39715,12.759192668567659
39716,15.61111695099985
39717,18.032682553400203
39718,14.7325048724943
39719,17.998087934047362
39720,16.324993861301536
39721,8.815875712005214
39722,24.077314555410695
39723,17.082347821551373
39724,12.310576465010126
39725,15.446559093606188
39726,16.622218056649864
39727,17.303556832681462
39728,12.918547568993732
39729,12.781305579649196
39730,20.309570321799846
39731,16.769685551064136
39732,15.493106978961533
39733,14.065449049463236
39734,15.414726754310383
39735,14.215375372295838
39736,19.131141320351947
39737,17.60825037640215
39738,12.884087736566428
39739,14.38795754770618
39740,22.20091862020707
39741,20.179851724632982
39742,15.10004643455239
39743,14.98937562512905
39744,10.794894359544216
39745,15.9602322605585
39746,14.697575685075057
39747,13.918183502579334
39748,17.833705294919632
39749,12.72771411520575
39750,19.869044095702648
39751,20.33053734309186
39752,19.82506906646504
39753,12.34086031599358
39754,19.49169546360541
39755,7.717902084124271
39756,18.983435591079278
39757,15.773912042287506
39758,17.975678459563653
39759,18.578156641313534
39760,18.01894836737192
39761,19.501026315563536
39762,14.396493595373306
39763,12.623872566666314
39764,19.43257028520261
39765,17.11345392217955
39766,12.344924331623705
39767,17.92294787968998
39768,17.709838512910423
39769,14.748373601051112
39770,13.429675833036457
39771,13.506149614282396
39772,10.365305297680294
39773,18.217959387269936
39774,14.309378099034408
39775,13.927377085786393
39776,10.809439655945361
39777,10.84598325735302
39778,10.70923255078823
39779,15.144713242638604
39780,16.087143439647967
39781,13.234087452875038
39782,15.12244339618042
39783,16.741170158984186
39784,16.770269505867585
39785,13.656334990522563
39786,13.302800647117696
39787,17.870907017704482
39788,12.496392659423982
39789,16.696798846901128
39790,14.68307728212348
39791,15.988046078757035
39792,17.454420003431846
39793,15.393471916717273
39794,17.549630412715096
39795,16.357942389654585
39796,15.24527228955661
39797,14.34268260906912
39798,15.567639054300251
39799,18.597782927822735
39800,11.776958099159378
39801,16.20225280179217
39802,11.051136690075353
39803,12.718861198441312
39804,12.730951227052874
39805,14.268839213534719
39806,13.926431027816509
39807,17.04039563062124
39808,12.15890619419953
39809,16.755123562157493
39810,12.045823705438565
39811,6.889951979646028
39812,13.417633446335389
39813,18.12832646961301
39814,17.74489962315246
39815,16.59702034357615
39816,9.419352599444897
39817,10.763721639675223
39818,12.1170657634147
39819,18.778558711108897
39820,16.063944867055373
39821,16.851899308038593
39822,15.547358455530478
39823,14.592318722230136
39824,21.823421110622462
39825,14.55553082559667
39826,17.30184508216013
39827,13.683267593100817
39828,10.871918890903235
39829,17.8418645453344
39830,16.582640652493367
39831,14.750836540239142
39832,16.652983144364626
39833,20.559043448788188
39834,16.53000590204262
39835,14.47654713280956
39836,9.63638225459544
39837,12.753132109308222
39838,16.131007976036432
39839,15.001523429599386
39840,11.787398421850273
39841,13.10961347141971
39842,11.696915023707582
39843,17.13481636762851
39844,13.158625049586126
39845,10.799263059535523
39846,17.30062438629808
39847,9.851697070436764
39848,15.631675981470666
39849,13.360198734102834
39850,7.553796721591676
39851,16.776935671812353
39852,13.896306915834874
39853,18.793647658387655
39854,18.794614818645794
39855,15.10428598605445
39856,13.00272401043702
39857,12.835957423677298
39858,16.237635997490756
39859,16.522739517814074
39860,9.964972045979316
39861,13.819685167258903
39862,8.26991361037793
39863,14.12472343042095
39864,15.479974498100088
39865,15.500796594718596
39866,22.52514317629274
39867,16.72937169594679
39868,13.802884036291914
39869,16.389487656128725
39870,14.369168792600513
39871,18.191867865517338
39872,15.5460693791781
39873,17.695050592005323
39874,13.53474730524408
39875,20.665966842691184
39876,14.031260761837324
39877,16.41685883320627
39878,13.7721651774123
39879,15.565248259703896
39880,15.448812720903522
39881,12.620970075043324
39882,13.87812197905342
39883,20.807947896882922
39884,13.729369998947432
39885,13.591916414720227
39886,18.593698204435956
39887,15.619203378893953
39888,16.213036721641718
39889,14.949638962981954
39890,12.77788180867597
39891,16.72848286977446
39892,16.01603981346145
39893,21.42788113995712
39894,15.10610454725939
39895,16.9126493067779
39896,12.995479344675104
39897,12.395436405980586
39898,17.101294089242995
39899,19.889364514781946
39900,21.540101579371846
39901,14.453742119172247
39902,14.096109044882096
39903,16.938870927809628
39904,13.901713558026918
39905,20.194041260438865
39906,20.264301204866733
39907,11.878164750928487
39908,11.38395420186077
39909,12.379084550363464
39910,12.789787028015638
39911,18.920406839215644
39912,16.904156622752446
39913,12.236489867993544
39914,15.269405854906887
39915,12.041315682129191
39916,14.012149878342548
39917,11.781266931689203
39918,16.96335378543715
39919,13.850920945358764
39920,13.842196521479163
39921,13.757490854682782
39922,15.805623873034659
39923,13.603502004481046
39924,10.510366687243517
39925,19.398024702909662
39926,16.443327599906887
39927,16.878715540925608
39928,10.115481032329924
39929,22.269443525363744
39930,18.93262517793816
39931,10.090377390629442
39932,16.16786267652331
39933,13.639994307294762
39934,13.153751300234147
39935,15.128922258872503
39936,12.281311425357645
39937,16.67850644241326
39938,12.886599210177502
39939,18.06145818199055
39940,16.45364284508777
39941,15.096874212150265
39942,13.219192696910321
39943,9.660229263730587
39944,18.80894403256648
39945,17.22787306490663
39946,13.592473049899144
39947,10.72649265576371
39948,14.146992073289423
39949,15.820689181534684
39950,12.866091250900613
39951,12.707029966755428
39952,15.757080470575993
39953,9.325650456821922
39954,9.89678461013446
39955,14.938881705156255
39956,16.96865164008029
39957,12.353003286607038
39958,14.988043356824551
39959,15.616208520809002
39960,13.77000373944758
39961,19.93419238083215
39962,6.4104689186487995
39963,13.424219772002568
39964,13.713261775602103
39965,14.512243703219015
39966,19.508880062904147
39967,19.994179671375736
39968,14.757920945321484
39969,15.56561681790431
39970,19.5681961190617
39971,13.353241459704567
39972,11.19160727518026
39973,13.55264972776504
39974,17.026775047956676
39975,11.732124525926753
39976,10.931053972272053
39977,14.672240472317643
39978,14.541041032520416
39979,19.589795560582488
39980,13.486419102974573
39981,13.435525119891896
39982,17.255878480981554
39983,17.40885841360489
39984,19.070252057907414
39985,14.349193429862932
39986,13.50938907272068
39987,21.73079844515481
39988,20.419496165311923
39989,15.946495695735688
39990,12.118514850105655
39991,14.520629964948686
39992,19.697800944448595
39993,14.45866222861893
39994,14.644676012518355
39995,20.856745451571427
39996,11.389086205286224
39997,14.307066706582273
39998,19.096062850133336
39999,12.959930514528242
40000,17.061239366217258
